drug_name,smiles,cell_line_name,predicted_ic50_mean,predicted_ic50_model_1,predicted_ic50_model_2,predicted_ic50_model_3,predicted_ic50_model_4,predicted_ic50_model_5
cytarabine,C1=CN(C(=O)N=C1N)C2C(C(C(O2)CO)O)O,NIHOVCAR3,3.3049045,2.132016,3.2164185,4.880244,1.957328,4.3385177
epinastine,C1C2C3=CC=CC=C3CC4=CC=CC=C4N2C(=N1)N,NIHOVCAR3,-0.45811215,1.2991841,-2.8149426,-1.8230435,3.0021858,-1.9539448
floxuridine,C1C(C(OC1N2C=C(C(=O)NC2=O)F)CO)O,NIHOVCAR3,6.79059,5.8124094,7.717733,7.5145736,5.694129,7.214103
valrubicin,CCCCC(=O)OCC(=O)C1(CC(C2=C(C1)C(=C3C(=C2O)C(=O)C4=C(C3=O)C=CC=C4OC)O)OC5CC(C(C(O5)C)O)NC(=O)C(F)(F)F)O,NIHOVCAR3,0.08253477,-0.06275186,-0.18371849,1.6183788,-2.454318,1.4950835
adapalene,COC1=C(C=C(C=C1)C2=CC3=C(C=C2)C=C(C=C3)C(=O)O)C45CC6CC(C4)CC(C6)C5,NIHOVCAR3,3.4315917,2.5917845,3.1855085,3.7101998,3.865366,3.8050988
colforsin-daproate,CC(=O)OC1C(C2C(CCC(C2(C3(C1(OC(CC3=O)(C)C=C)C)O)C)O)(C)C)OC(=O)CCN(C)C,NIHOVCAR3,0.26174536,-0.98924,1.7754242,2.270089,-4.10966,2.3621137
sulfamethazine,CC1=CC(=NC(=N1)NS(=O)(=O)C2=CC=C(C=C2)N)C,NIHOVCAR3,4.9694614,4.534382,4.6970215,5.4769206,4.926913,5.2120705
niridazole,C1CN(C(=O)N1)C2=NC=C(S2)[N+](=O)[O-],NIHOVCAR3,5.080278,4.6713386,4.45774,5.521672,5.4399986,5.3106422
amprolium,CCCC1=NC=C(C(=N1)N)C[N+]2=CC=CC=C2C.[Cl-],NIHOVCAR3,-0.72311324,1.5726564,-2.685176,-2.393688,1.5029458,-1.6123048
methylphenidate,COC(=O)C(C1CCCCN1)C2=CC=CC=C2,NIHOVCAR3,3.3273654,2.95928,3.5536077,4.960795,0.7090594,4.454085
fulvestrant,CC12CCC3C(C1CCC2O)C(CC4=C3C=CC(=C4)O)CCCCCCCCCS(=O)CCCC(C(F)(F)F)(F)F,NIHOVCAR3,3.9763093,3.0623734,4.111546,4.6356063,3.7742906,4.297729
estramustine-phosphate,CC12CCC3C(C1CCC2OP(=O)(O)O)CCC4=C3C=CC(=C4)OC(=O)N(CCCl)CCCl,NIHOVCAR3,5.1926823,4.2832947,5.335104,5.873711,5.109675,5.3616276
masitinib,CC1=C(C=C(C=C1)NC(=O)C2=CC=C(C=C2)CN3CCN(CC3)C)NC4=NC(=CS4)C5=CN=CC=C5,NIHOVCAR3,4.53942,4.1209755,4.444164,5.1576986,4.156481,4.8177814
cinnarazine,C1CN(CCN1C=CCC2=CC=CC=C2)C(C3=CC=CC=C3)C4=CC=CC=C4,NIHOVCAR3,4.2937374,4.136193,3.5336664,4.8086424,4.406937,4.583248
belinostat,C1=CC=C(C=C1)NS(=O)(=O)C2=CC=CC(=C2)C=CC(=O)NO,NIHOVCAR3,5.189792,4.4430776,5.1077023,5.972163,4.792467,5.6335506
romidepsin,CC=C1C(=O)NC(C(=O)OC2CC(=O)NC(C(=O)NC(CSSCCC=C2)C(=O)N1)C(C)C)C(C)C,NIHOVCAR3,5.122301,4.3035846,5.0941257,5.4649873,5.441565,5.3072433
metoxibutropate,CC(C)CC1=CC=C(C=C1)C(C)C(=O)OC2=CC=CC=C2OC,NIHOVCAR3,5.4253297,4.0677147,5.572688,6.3808866,5.046928,6.0584307
dihydroartemisinin,CC1CCC2C(C(OC3C24C1CCC(O3)(OO4)C)O)C,NIHOVCAR3,1.6256586,-2.2484348,2.7114782,3.1044593,1.3607237,3.2000663
octopamine,C1=CC(=CC=C1C(CN)O)O,NIHOVCAR3,6.2820563,6.383788,6.509448,6.706076,5.3820467,6.4289255
PF-3845,C1CN(CCC1CC2=CC(=CC=C2)OC3=NC=C(C=C3)C(F)(F)F)C(=O)NC4=CN=CC=C4,NIHOVCAR3,5.895415,5.161072,5.976581,6.8313785,5.306851,6.20119
UNC2250,CCCCNC1=NC=C(C(=N1)NC2CCC(CC2)O)C3=NC=C(C=C3)CN4CCOCC4,NIHOVCAR3,4.634431,2.4781609,4.866724,5.7185755,4.651895,5.456801
flufenamic-acid,C1=CC=C(C(=C1)C(=O)O)NC2=CC=CC(=C2)C(F)(F)F,NIHOVCAR3,5.1854277,4.9264736,4.944787,5.6052065,5.1910133,5.259657
puromycin,CN(C)C1=NC=NC2=C1N=CN2C3C(C(C(O3)CO)NC(=O)C(CC4=CC=C(C=C4)OC)N)O,NIHOVCAR3,-0.10700276,-0.49936873,-0.29305774,1.5758475,-2.1363978,0.817963
AZD3463,COC1=C(C=CC(=C1)N2CCC(CC2)N)NC3=NC=C(C(=N3)C4=CNC5=CC=CC=C54)Cl,NIHOVCAR3,5.981201,4.600324,6.3058047,6.9536967,5.5016885,6.5444927
9-aminoacridine,C1=CC=C2C(=C1)C(=C3C=CC=CC3=N2)N,NIHOVCAR3,3.6999645,3.281099,3.5953028,4.262683,3.5669322,3.7938066
GZD824,CC1=C(C=C(C=C1)C(=O)NC2=CC(=C(C=C2)CN3CCN(CC3)C)C(F)(F)F)C#CC4=CC5=C(NN=C5)N=C4,NIHOVCAR3,3.7010174,3.9967005,3.5409176,4.3402505,2.6797976,3.94742
LDN-57444,CC(=O)ON=C1C2=C(C=CC(=C2)Cl)N(C1=O)CC3=C(C=CC(=C3)Cl)Cl,NIHOVCAR3,5.7944636,4.197063,6.193801,6.855245,5.181718,6.5444927
cycloheximide,CC1CC(C(=O)C(C1)C(CC2CC(=O)NC(=O)C2)O)C,NIHOVCAR3,5.044117,4.18565,5.033033,5.7842097,4.9342394,5.28345
4-hydroxy-phenazone,CC1=C(C(=O)N(N1C)C2=CC=CC=C2)O,NIHOVCAR3,4.210454,3.2950304,4.418708,5.5873065,2.749898,5.0013294
BAY-K-8644-(s)-(-),CC1=C(C(C(=C(N1)C)[N+](=O)[O-])C2=CC=CC=C2C(F)(F)F)C(=O)OC,NIHOVCAR3,4.5292535,4.4608307,4.3372507,5.3038845,3.8539815,4.690318
AG-14361,CN(C)CC1=CC=C(C=C1)C2=NC3=CC=CC4=C3N2CCNC4=O,NIHOVCAR3,5.571544,4.979212,5.287587,6.1481824,5.530469,5.9122715
RGFP966,C1=CC=C(C=C1)C=CCN2C=C(C=N2)C=CC(=O)NC3=C(C=C(C=C3)F)N,NIHOVCAR3,6.0573106,4.722063,6.383868,7.192368,5.375781,6.6124735
NSC-319726,CC(=NNC(=S)N1CCC1)C2=CC=CC=N2,NIHOVCAR3,5.2430067,3.7836566,5.277405,6.583757,4.6613398,5.9088736
A-803467,COC1=CC(=CC(=C1)NC(=O)C2=CC=C(O2)C3=CC=C(C=C3)Cl)OC,NIHOVCAR3,4.6106186,3.844526,4.6630807,5.831944,3.5864482,5.1270943
ONX-0914,CC(C(=O)NC(CC1=CC=C(C=C1)OC)C(=O)NC(CC2=CC=CC=C2)C(=O)C3(CO3)C)NC(=O)CN4CCOCC4,NIHOVCAR3,4.1423407,3.5555503,4.019679,5.115931,3.3319263,4.6886187
nitrocaramiphen,CCN(CC)CCOC(=O)C1(CCCC1)C2=CC=C(C=C2)[N+](=O)[O-],NIHOVCAR3,3.4830832,3.129245,3.1198907,4.28655,2.753652,4.1260777
azomycin-(2-nitroimidazole),C1=CN=C(N1)[N+](=O)[O-],NIHOVCAR3,4.983506,4.7195272,4.42889,5.673824,5.0701675,5.025123
AZ960,CC1=CC(=NN1)NC2=C(C=C(C(=N2)NC(C)C3=CC=C(C=C3)F)C#N)F,NIHOVCAR3,3.767198,2.0552287,3.9143636,4.8325095,3.6018987,4.431991
isoflupredone-acetate,CC(=O)OCC(=O)C1(CCC2C1(CC(C3(C2CCC4=CC(=O)C=CC43C)F)O)C)O,NIHOVCAR3,4.614789,2.8290198,4.982122,5.387419,4.67691,5.198474
PI-828,C1COCCN1C2=CC(=O)C3=C(O2)C(=CC=C3)C4=CC=C(C=C4)N,NIHOVCAR3,3.8440762,2.9021604,3.7058864,4.3909683,3.967825,4.2535415
oxymatrine,C1CC2C3CCC[N+]4(C3C(CCC4)CN2C(=O)C1)[O-],NIHOVCAR3,-2.0691173,-2.9055767,-1.9187424,-0.99227846,-2.965004,-1.5639862
demecarium,CN(CCCCCCCCCCN(C)C(=O)OC1=CC=CC(=C1)[N+](C)(C)C)C(=O)OC2=CC=CC(=C2)[N+](C)(C)C,NIHOVCAR3,4.3362975,2.9732115,4.574835,5.3814526,3.6384916,5.1134977
doxorubicin,C[C@H]1[C@H]([C@H](C[C@@H](O1)O[C@H]2C[C@@](CC3=C2C(=C4C(=C3O)C(=O)C5=C(C4=O)C(=CC=C5)OC)O)(C(=O)CO)O)N)O,NIHOVCAR3,2.9325306,2.220119,3.0251095,3.5693333,2.5430865,3.3050044
bortezomib,B(C(CC(C)C)NC(=O)C(CC1=CC=CC=C1)NC(=O)C2=NC=CN=C2)(O)O,NIHOVCAR3,-3.1095114,-3.359965,-3.2325275,-2.0564985,-4.267083,-2.6314833
astemizole,COC1=CC=C(C=C1)CCN2CCC(CC2)NC3=NC4=CC=CC=C4N3CC5=CC=C(C=C5)F,NIHOVCAR3,4.6915865,3.16686,4.5884113,5.345652,5.2061195,5.1508875
estramustine,CC12CCC3C(C1CCC2O)CCC4=C3C=CC(=C4)OC(=O)N(CCCl)CCCl,NIHOVCAR3,5.976531,4.256664,6.780973,6.9298296,5.2789207,6.636267
ixabepilone,CC1CCCC2(C(O2)CC(NC(=O)CC(C(C(=O)C(C1O)C)(C)C)O)C(=CC3=CSC(=N3)C)C)C,NIHOVCAR3,1.665487,0.030079141,2.7133017,3.7133954,-1.2912481,3.161907
azathioprine,CN1C=NC(=C1SC2=NC=NC3=C2NC=N3)[N+](=O)[O-],NIHOVCAR3,3.220539,4.2883673,2.2211392,2.7552953,4.679992,2.157901
disulfiram,CCN(CC)C(=S)SSC(=S)N(CC)CC,NIHOVCAR3,3.146307,-1.4247711,3.943369,5.071181,3.5653062,4.5764503
rimexolone,CCC(=O)C1(C(CC2C1(CC(C3C2CCC4=CC(=O)C=CC34C)O)C)C)C,NIHOVCAR3,3.4329572,1.7094593,3.9016738,4.3432345,3.0554485,4.1549697
primaquine,CC(CCCN)NC1=C2C(=CC(=C1)OC)C=CC=N2,NIHOVCAR3,7.262549,6.5619245,7.921376,8.09335,5.3119297,8.424161
pralatrexate,C#CCC(CC1=CN=C2C(=N1)C(=NC(=N2)N)N)C3=CC=C(C=C3)C(=O)NC(CCC(=O)O)C(=O)O,NIHOVCAR3,3.5335114,3.210048,2.94671,3.7564151,4.2134023,3.5409806
piroxicam,CN1C(=C(C2=CC=CC=C2S1(=O)=O)O)C(=O)NC3=CC=CC=N3,NIHOVCAR3,6.4861097,5.0189924,7.0966206,7.3892713,5.680972,7.2446947
quinidine,COC1=CC2=C(C=CN=C2C=C1)C(C3CC4CCN3CC4C=C)O,NIHOVCAR3,1.8575819,0.40382743,0.60100424,2.5116136,2.952989,2.8184752
tedizolid,CN1N=C(N=N1)C2=NC=C(C=C2)C3=C(C=C(C=C3)N4CC(OC4=O)CO)F,NIHOVCAR3,4.9721537,4.4050336,4.6155634,5.61714,5.0585475,5.164484
mefexamide,CCN(CC)CCNC(=O)COC1=CC=C(C=C1)OC,NIHOVCAR3,5.112333,4.1628237,4.86333,5.9930463,4.8647275,5.677738
oxonic-acid,C1(=NC(=O)NC(=O)N1)C(=O)O,NIHOVCAR3,6.9732018,5.958615,7.5717883,7.8367796,5.9788074,7.5200167
dehydrocholate-acid,CC(CCC(=O)O)C1CCC2C1(C(=O)CC3C2C(=O)CC4C3(CCC(=O)C4)C)C,NIHOVCAR3,2.3056402,1.370796,3.2109802,3.459796,0.09767461,3.3889542
7-nitroindazole,C1=CC2=C(C(=C1)[N+](=O)[O-])NN=C2,NIHOVCAR3,4.696374,4.7575707,4.225247,5.1994658,4.791117,4.5084696
RITA,C1=C(SC(=C1)C2=CC=C(O2)C3=CC=C(S3)CO)CO,NIHOVCAR3,3.3102202,1.9794722,3.2853067,4.6356063,2.749898,3.9008195
UH-232-(+),CCCN(CCC)C1CCC2=C(C1C)C=CC=C2OC,NIHOVCAR3,3.9432251,1.9500048,4.226944,5.259134,3.3059049,4.974138
KI-8751,COC1=CC2=C(C=CN=C2C=C1OC)OC3=CC(=C(C=C3)NC(=O)NC4=C(C=C(C=C4)F)F)F,NIHOVCAR3,4.7725687,3.8736928,4.730962,5.375486,4.820188,5.0625124
D-4476,C1COC2=C(O1)C=CC(=C2)C3=C(NC(=N3)C4=CC=C(C=C4)C(=O)N)C5=CC=CC=N5,NIHOVCAR3,5.15908,2.894498,5.518383,6.204867,5.4149384,5.7627144
caffeic-acid,C1=CC(=C(C=C1C=CC(=O)O)O)O,NIHOVCAR3,6.644088,5.595621,7.256141,7.490706,5.4055405,7.47243
nutlin-3,CC(C)OC1=C(C=CC(=C1)OC)C2=NC(C(N2C(=O)N3CCNC(=O)C3)C4=CC=C(C=C4)Cl)C5=CC=C(C=C5)Cl,NIHOVCAR3,5.475243,4.5673532,5.552324,6.031831,5.4212036,5.8035026
TW-37,CC(C)C1=CC=CC=C1CC2=CC(=C(C(=C2O)O)O)C(=O)NC3=CC=C(C=C3)S(=O)(=O)C4=CC=CC=C4C(C)(C)C,NIHOVCAR3,3.708367,3.0888436,3.6496882,4.519254,3.1375785,4.146472
bromosporine,CCOC(=O)NC1=CC(=NN2C1=NN=C2C)C3=CC(=C(C=C3)C)NS(=O)(=O)C,NIHOVCAR3,3.0481074,2.6924908,2.605715,3.654277,2.9143634,3.3736904
EPZ-5676,CC(C)N(CC1C(C(C(O1)N2C=NC3=C(N=CN=C32)N)O)O)C4CC(C4)CCC5=NC6=C(N5)C=C(C=C6)C(C)(C)C,NIHOVCAR3,6.033099,5.793923,6.0546446,6.2227674,5.661834,6.432325
FLI-06,CC1=C(C(C2=C(N1)CC(CC2=O)(C)C)C3=CC=C(C=C3)[N+](=O)[O-])C(=O)OC4CCCCC4,NIHOVCAR3,1.8506296,1.5414596,1.8529065,2.372483,1.2974274,2.1888716
PP242,CC(C)N1C2=NC=NC(=C2C(=N1)C3=CC4=C(N3)C=CC(=C4)O)N,NIHOVCAR3,3.1006613,2.0408814,2.8682997,3.45172,3.89464,3.2477653
estradiol-benzoate,CC12CCC3C(C1CCC2O)CCC4=C3C=CC(=C4)OC(=O)C5=CC=CC=C5,NIHOVCAR3,6.040719,4.6586576,6.825095,6.8313785,5.1910133,6.6974497
FR-122047,CN1CCN(CC1)C(=O)C2=NC(=C(S2)C3=CC=C(C=C3)OC)C4=CC=C(C=C4)OC,NIHOVCAR3,4.880046,3.9193451,4.6970215,5.5425553,5.0190406,5.222267
lanatoside-c,CC1C(C(CC(O1)OC2CCC3(C(C2)CCC4C3CC(C5(C4(CCC5C6=CC(=O)OC6)O)C)O)C)O)OC7CC(C(C(O7)C)OC8CC(C(C(O8)C)OC9C(C(C(C(O9)CO)O)O)O)OC(=O)C)O,NIHOVCAR3,1.0180355,0.6151319,0.23882048,1.9265798,0.51701266,1.7926327
oleoylethanolamide,CCCCCCCCC=CCCCCCCCC(=O)NCCO,NIHOVCAR3,4.596799,3.334039,4.598593,5.1696324,4.893996,4.987734
AZ3146,CN1CCC(CC1)OC2=CC(=C(C=C2)NC3=NC=C4C(=N3)N(C(=O)N4C)C5CCCC5)OC,NIHOVCAR3,4.1636047,1.2523854,4.8259954,5.584323,3.871871,5.28345
parbendazole,CCCCC1=CC2=C(C=C1)N=C(N2)NC(=O)OC,NIHOVCAR3,4.973281,3.8293087,4.9583635,5.8558106,4.885088,5.337835
TAME,CC1=CC=C(C=C1)S(=O)(=O)NC(CCCN=C(N)N)C(=O)OC,NIHOVCAR3,5.324031,5.105905,5.0737615,5.61714,5.5840855,5.2392626
D-64131,COC1=CC2=C(C=C1)NC(=C2)C(=O)C3=CC=CC=C3,NIHOVCAR3,3.4367757,3.173826,3.1125998,4.211965,3.0424376,3.6430495
SB-228357,COC1=C(C=C2C(=C1)CCN2C(=O)NC3=CC(=CC(=C3)C4=CN=CC=C4)F)C(F)(F)F,NIHOVCAR3,3.828724,3.406483,3.7131379,4.316384,3.6531281,4.054488
NMS-E973,CN1CCC(CC1)NC(=O)C2=NOC(=C2)C3=C(C=C(C=C3OC4=CC=C(C=C4)[N+](=O)[O-])O)O,NIHOVCAR3,4.5875225,4.0537653,4.345736,5.297918,4.4784956,4.761698
mepivacaine,CC1=C(C(=CC=C1)C)NC(=O)C2CCCCN2C,NIHOVCAR3,1.9754784,2.4853384,1.570588,2.9096906,0.62418485,2.2875905
atorvastatin,CC(C)C1=C(C(=C(N1CCC(CC(CC(=O)O)O)O)C2=CC=C(C=C2)F)C3=CC=CC=C3)C(=O)NC4=CC=CC=C4,NIHOVCAR3,5.062194,4.29344,5.022851,5.8975787,4.432958,5.664142
tacrolimus,CC1CC(C2C(CC(C(O2)(C(=O)C(=O)N3CCCCC3C(=O)OC(C(C(CC(=O)C(C=C(C1)C)CC=C)O)C)C(=CC4CCC(C(C4)OC)O)C)O)C)OC)OC,NIHOVCAR3,2.2981005,1.2116237,3.156345,4.0329623,-0.7061167,3.7956886
lasalocid,CCC(C1C(CC(O1)(CC)C2CCC(C(O2)C)(CC)O)C)C(=O)C(C)C(C(C)CCC3=C(C(=C(C=C3)C)O)C(=O)O)O,NIHOVCAR3,1.6988981,-0.0052167177,3.2508626,4.1164966,-2.8484812,3.980829
clofazimine,CC(C)N=C1C=C2C(=NC3=CC=CC=C3N2C4=CC=C(C=C4)Cl)C=C1NC5=CC=C(C=C5)Cl,NIHOVCAR3,4.409993,2.4609342,4.1862154,5.050297,5.385179,4.9673395
erlotinib,COCCOC1=C(C=C2C(=C1)C(=NC=N2)NC3=CC=CC(=C3)C#C)OCCOC,NIHOVCAR3,3.2778473,1.4115379,3.4412112,4.155281,3.6043382,3.7768688
tamibarotene,CC1(CCC(C2=C1C=CC(=C2)NC(=O)C3=CC=C(C=C3)C(=O)O)(C)C)C,NIHOVCAR3,4.837417,3.7772672,4.883694,5.4828877,4.6102295,5.4330077
tacalcitol,CC(C)C(CCC(C)C1CCC2C1(CCCC2=CC=C3CC(CC(C3=C)O)O)C)O,NIHOVCAR3,0.7670578,-1.0103261,2.1557364,2.9421785,-3.0283003,2.7760005
protirelin,C1CC(N(C1)C(=O)C(CC2=CN=CN2)NC(=O)C3CCC(=O)N3)C(=O)N,NIHOVCAR3,2.7939496,2.9697287,2.5254695,3.6190736,1.6687652,3.1867104
regorafenib,CNC(=O)C1=NC=CC(=C1)OC2=CC(=C(C=C2)NC(=O)NC3=CC(=C(C=C3)Cl)C(F)(F)F)F,NIHOVCAR3,4.2332163,3.013613,4.3779793,5.345652,3.5872612,4.841575
cyclosporin-a,CC[C@H]1C(=O)N(CC(=O)N([C@H](C(=O)N[C@H](C(=O)N([C@H](C(=O)N[C@H](C(=O)N[C@@H](C(=O)N([C@H](C(=O)N([C@H](C(=O)N([C@H](C(=O)N([C@H](C(=O)N1)[C@@H]([C@H](C)C/C=C/C)O)C)C(C)C)C)CC(C)C)C)CC(C)C)C)C)C)CC(C)C)C)C(C)C)CC(C)C)C)C,NIHOVCAR3,3.2931638,2.3647525,3.560859,4.364118,1.9973263,4.1787624
saxagliptin,C1C2CC2N(C1C#N)C(=O)C(C34CC5CC(C3)CC(C5)(C4)O)N,NIHOVCAR3,1.4434795,0.30203593,1.2567245,2.60844,0.4896802,2.5605175
tilmicosin,CCC1C(C=C(C=CC(=O)C(CC(C(C(C(CC(=O)O1)O)C)OC2C(C(C(C(O2)C)O)N(C)C)O)CCN3CC(CC(C3)C)C)C)C)COC4C(C(C(C(O4)C)O)OC)OC,NIHOVCAR3,-0.8183153,-1.3029404,-1.1625609,1.2407757,-2.9448643,0.07801342
chlorquinaldol,CC1=NC2=C(C=C1)C(=CC(=C2O)Cl)Cl,NIHOVCAR3,4.053505,3.5318668,3.9917877,4.8832273,3.3351789,4.5254645
sevelamer,C=CCN.C1C(O1)CCl,NIHOVCAR3,3.2173333,2.2460542,3.0779684,3.8778262,2.8802104,4.0046053
clonazepam,C1C(=O)NC2=C(C=C(C=C2)[N+](=O)[O-])C(=N1)C3=CC=CC=C3Cl,NIHOVCAR3,5.641094,5.105905,5.4199553,6.17205,5.5205092,5.987051
thiocolchicoside,CC(=O)NC1CCC2=CC(=C(C(=C2C3=CC=C(C(=O)C=C13)SC)OC)OC)OC4C(C(C(C(O4)CO)O)O)O,NIHOVCAR3,1.3297907,0.019098222,1.091692,2.5296662,0.73639196,2.272105
estrone,CC12CCC3C(C1CCC2=O)CCC4=C3C=CC(=C4)O,NIHOVCAR3,6.936389,5.2212286,8.152172,7.950148,5.471285,7.8871126
naltrexone,C1CC1CN2CCC34C5C(=O)CCC3(C2CC6=C4C(=C(C=C6)O)O5)O,NIHOVCAR3,6.4695024,7.0156665,6.797943,6.3450866,5.277228,6.9115887
cabozantinib,COC1=CC2=C(C=CN=C2C=C1OC)OC3=CC=C(C=C3)NC(=O)C4(CC4)C(=O)NC5=CC=C(C=C5)F,NIHOVCAR3,4.7108626,3.7963376,4.632534,5.360569,4.9029036,4.861969
nilutamide,CC1(C(=O)N(C(=O)N1)C2=CC(=C(C=C2)[N+](=O)[O-])C(F)(F)F)C,NIHOVCAR3,5.0098915,4.5724254,4.6902328,5.5813394,4.9899907,5.2154694
teniposide,COC1=CC(=CC(=C1O)OC)C2C3C(COC3=O)C(C4=CC5=C(C=C24)OCO5)OC6C(C(C7C(O6)COC(O7)C8=CC=CS8)O)O,NIHOVCAR3,-0.41160256,0.90930617,-0.95671904,0.3989732,-1.204935,-1.2046381
camylofine-chlorhydrate,CCN(CC)CCNC(C1=CC=CC=C1)C(=O)OCCC(C)C,NIHOVCAR3,4.4324565,3.1417835,4.5714407,5.4799047,3.967825,5.0013294
mesoridazine,CN1CCCCC1CCN2C3=CC=CC=C3SC4=C2C=C(C=C4)S(=O)C,NIHOVCAR3,5.1487045,2.8415585,5.436926,6.1839833,5.338191,5.9428635
oseltamivir-phosphate,CCC(CC)OC1C=C(CC(C1NC(=O)C)N)C(=O)OCC,NIHOVCAR3,2.9144375,1.7075062,2.5355082,3.9479358,2.8838696,3.4973676
oxprenolol,CC(C)NCC(COC1=CC=CC=C1OCC=C)O,NIHOVCAR3,3.3511105,3.3869786,2.046032,4.0747294,3.7409506,3.5068614
nizatidine,CNC(=C[N+](=O)[O-])NCCSCC1=CSC(=N1)CN(C)C,NIHOVCAR3,1.3522274,1.4876595,0.3015728,1.7412843,2.2812052,0.9494158
narasin,CCC(C1C(CC(C(O1)C(C)C(C(C)C(=O)C(CC)C2C(CC(C3(O2)C=CC(C4(O3)CCC(O4)(C)C5CCC(C(O5)C)(CC)O)O)C)C)O)C)C)C(=O)O,NIHOVCAR3,2.4813838,-0.08101112,3.745769,4.4118524,0.032580018,4.297729
tepoxalin,CN(C(=O)CCC1=NN(C(=C1)C2=CC=C(C=C2)Cl)C3=CC=C(C=C3)OC)O,NIHOVCAR3,5.9462066,4.4126425,6.146284,7.186401,5.237271,6.748435
temozolomide,CN1C(=O)N2C=NC(=C2N=N1)C(=O)N,NIHOVCAR3,7.0290804,5.9048376,7.4631786,8.033683,6.1319113,7.6117907
bicalutamide,CC(CS(=O)(=O)C1=CC=C(C=C1)F)(C(=O)NC2=CC(=C(C=C2)C#N)C(F)(F)F)O,NIHOVCAR3,5.48833,5.332792,5.270617,5.825977,5.3413234,5.6709404
hexachlorophene,C1=C(C(=C(C(=C1Cl)Cl)CC2=C(C(=CC(=C2Cl)Cl)Cl)O)O)Cl,NIHOVCAR3,2.6534958,2.8011568,2.0838294,3.0883076,2.4843981,2.8097875
triamterene,C1=CC=C(C=C1)C2=NC3=C(N=C(N=C3N=C2N)N)N,NIHOVCAR3,5.1150565,4.5039473,4.7343554,5.730509,5.214253,5.3922195
cimetidine,CC1=C(N=CN1)CSCCNC(=NC)NC#N,NIHOVCAR3,4.004388,1.4028332,3.733079,4.922011,5.5422215,4.421794
nitisinone,C1CC(=O)C(C(=O)C1)C(=O)C2=C(C=C(C=C2)C(F)(F)F)[N+](=O)[O-],NIHOVCAR3,4.2566614,4.536918,3.5536077,4.358151,4.666063,4.1685658
sertindole,C1CN(CCC1C2=CN(C3=C2C=C(C=C3)Cl)C4=CC=C(C=C4)F)CCN5CCNC5=O,NIHOVCAR3,4.3927155,1.2456093,4.9583635,5.6708407,4.801916,5.286849
chlorambucil,C1=CC(=CC=C1CCCC(=O)O)N(CCCl)CCCl,NIHOVCAR3,4.7265587,4.222425,4.7343554,5.360569,4.5435495,4.7718954
fludarabine-phosphate,C1=NC2=C(N=C(N=C2N1C3C(C(C(O3)COP(=O)(O)O)O)O)F)N,NIHOVCAR3,2.7974846,2.1573668,2.5418923,3.8298526,2.361312,3.0969996
eptifibatide,C1CC2C(=O)NC(CSSCCC(=O)NC(C(=O)NCC(=O)NC(C(=O)NC(C(=O)N2C1)CC3=CNC4=CC=CC=C43)CC(=O)O)CCCCN=C(N)N)C(=O)N,NIHOVCAR3,4.326598,4.0207944,3.82916,4.417819,5.1898518,4.1753635
vidarabine,C1=NC(=C2C(=N1)N(C=N2)C3C(C(C(O3)CO)O)O)N,NIHOVCAR3,-1.7612146,-1.1891024,-1.6702486,-0.58989704,-3.7464771,-1.6103476
docetaxel,CC1=C2C(C(=O)C3(C(CC4C(C3C(C(C2(C)C)(CC1OC(=O)C(C(C5=CC=CC=C5)NC(=O)OC(C)(C)C)O)O)OC(=O)C6=CC=CC=C6)(CO4)OC(=O)C)O)C)O,NIHOVCAR3,-3.0992389,-2.8572757,-2.7808788,-2.711862,-4.267083,-2.8790948
gimeracil,C1=C(C(=CNC1=O)Cl)O,NIHOVCAR3,4.0443454,4.4075704,3.1982675,4.003128,4.4475956,4.165167
clofarabine,C1=NC2=C(N=C(N=C2N1C3C(C(C(O3)CO)O)F)Cl)N,NIHOVCAR3,3.0446863,1.9481397,3.1198907,4.30445,2.2060158,3.6449358
raclopride,CCN1CCCC1CNC(=O)C2=C(C(=CC(=C2OC)Cl)Cl)O,NIHOVCAR3,4.8912654,3.7218459,4.9312115,5.679791,4.6020975,5.521383
olaparib,C1CC1C(=O)N2CCN(CC2)C(=O)C3=C(C=CC(=C3)CC4=NNC(=O)C5=CC=CC=C54)F,NIHOVCAR3,5.6329165,4.2997804,5.912094,6.7269597,5.0585475,6.1672
etoposide,CC1OCC2C(O1)C(C(C(O2)OC3C4COC(=O)C4C(C5=CC6=C(C=C35)OCO6)C7=CC(=C(C(=C7)OC)O)OC)O)O,NIHOVCAR3,-0.5908632,-2.2714484,-1.2006246,1.300759,-0.4251213,-0.35788068
clotrimazole,C1=CC=C(C=C1)C(C2=CC=CC=C2)(C3=CC=CC=C3Cl)N4C=CN=C4,NIHOVCAR3,5.556295,5.067522,5.2468586,6.36597,5.277228,5.823897
bosutinib,CN1CCN(CC1)CCCOC2=C(C=C3C(=C2)N=CC(=C3NC4=CC(=C(C=C4Cl)Cl)OC)C#N)OC,NIHOVCAR3,2.836505,1.90822,2.4158661,3.128687,3.6384916,3.0912602
metoprolol,CC(C)NCC(COC1=CC=C(C=C1)CCOC)O,NIHOVCAR3,3.7938187,2.292257,3.3813875,4.5669885,4.406937,4.3215227
cabazitaxel,CC1=C2C(C(=O)C3(C(CC4C(C3C(C(C2(C)C)(CC1OC(=O)C(C(C5=CC=CC=C5)NC(=O)OC(C)(C)C)O)O)OC(=O)C6=CC=CC=C6)(CO4)OC(=O)C)OC)C)OC,NIHOVCAR3,-3.0466552,-2.8536975,-2.7111292,-2.6296265,-4.267083,-2.771739
eprosartan,CCCCC1=NC=C(N1CC2=CC=C(C=C2)C(=O)O)C=C(CC3=CC=CS3)C(=O)O,NIHOVCAR3,3.5070171,3.3869786,2.8591821,4.2686496,3.3376184,3.682657
hydroxyurea,C(=O)(N)NO,NIHOVCAR3,5.6664,4.6713386,6.0037336,6.4853053,4.9194465,6.2521753
trometamol,C(C(CO)(CO)N)O,NIHOVCAR3,-1.5763911,0.0057641864,-2.3607595,-1.3521966,-2.363689,-1.8110747
melphalan,C1=CC(=CC=C1CC(C(=O)O)N)N(CCCl)CCCl,NIHOVCAR3,3.5442212,3.7785501,3.2363598,4.185115,2.8761444,3.6449358
josamycin,CC1CC=CC=CC(C(CC(C(C(C(CC(=O)O1)OC(=O)C)OC)OC2C(C(C(C(O2)C)OC3CC(C(C(O3)C)OC(=O)CC(C)C)(C)O)N(C)C)O)CC=O)C)O,NIHOVCAR3,-0.7270581,-1.4035344,-0.92279327,1.7147874,-3.6616306,0.63788027
deoxycorticosterone-acetate,CC(=O)OCC(=O)[C@H]1CC[C@@H]2[C@@]1(CC[C@H]3[C@H]2CCC4=CC(=O)CC[C@]34C)C,NIHOVCAR3,5.7027297,4.257932,6.0139155,6.3898373,5.419637,6.432325
mercaptopurine,C1=NC2=C(N1)C(=S)N=CN2,NIHOVCAR3,4.9546885,2.4315054,5.2502527,6.5330396,4.7449455,5.8137
nelarabine,COC1=NC(=NC2=C1N=CN2C3C(C(C(O3)CO)O)O)N,NIHOVCAR3,0.23523466,-0.23889762,0.94342554,2.0150962,-2.347865,0.8044144
estradiol-cypionate,CC12CCC3C(C1CCC2OC(=O)CCC4CCCC4)CCC5=C3C=CC(=C5)O,NIHOVCAR3,6.2877955,4.4633675,7.235777,7.2043014,5.35542,7.180113
oxcarbazepine,C1C2=CC=CC=C2N(C3=CC=CC=C3C1=O)C(=O)N,NIHOVCAR3,2.2906394,1.9955051,2.7953594,4.2268825,-1.369649,3.8050988
sulconazole,C1=CC(=CC=C1CSC(CN2C=CN=C2)C3=C(C=C(C=C3)Cl)Cl)Cl,NIHOVCAR3,6.6504583,5.6107454,7.0423155,7.9024143,5.537098,7.1597185
suxibuzone,CCCCC1(C(=O)N(N(C1=O)C2=CC=CC=C2)C3=CC=CC=C3)COC(=O)CCC(=O)O,NIHOVCAR3,3.459016,3.2783127,2.98318,4.208982,2.9200559,3.9045506
xylazine,CC1=C(C(=CC=C1)C)NC2=NCCCS2,NIHOVCAR3,2.8604882,4.5115557,1.0819001,2.3088999,4.8303685,1.5697168
riboflavin,CC1=CC2=C(C=C1C)N(C3=NC(=O)NC(=O)C3=N2)CC(C(C(CO)O)O)O,NIHOVCAR3,1.432134,0.7011243,1.7885523,2.8317192,-0.5373565,2.376631
cyromazine,C1CC1NC2=NC(=NC(=N2)N)N,NIHOVCAR3,2.31248,1.5048897,1.9566092,2.1563191,3.948309,1.996273
secnidazole,CC1=NC=C(N1CC(C)O)[N+](=O)[O-],NIHOVCAR3,-0.12134717,2.7684176,-3.0498364,-1.4867362,3.3563213,-2.1949022
capecitabine,CCCCCOC(=O)NC1=NC(=O)N(C=C1F)C2C(C(C(O2)C)O)O,NIHOVCAR3,1.3284109,0.7884198,1.2167354,2.2651346,0.21096057,2.1608045
flutamide,CC(C)C(=O)NC1=CC(=C(C=C1)[N+](=O)[O-])C(F)(F)F,NIHOVCAR3,4.8983254,4.8793097,4.467922,5.2770343,4.978199,4.8891616
posaconazole,CCC(C(C)O)N1C(=O)N(C=N1)C2=CC=C(C=C2)N3CCN(CC3)C4=CC=C(C=C4)OCC5CC(OC5)(CN6C=NC=N6)C7=C(C=C(C=C7)F)F,NIHOVCAR3,2.9609332,2.1007867,2.8373,3.472717,3.0029988,3.3908622
palmitoylethanolamide,CCCCCCCCCCCCCCCC(=O)NCCO,NIHOVCAR3,4.886074,3.281099,5.158613,5.7842097,4.8278236,5.378623
vinorelbine,CCC1=CC2CC(C3=C(CN(C2)C1)C4=CC=CC=C4N3)(C5=C(C=C6C(=C5)C78CCN9C7C(C=CC9)(C(C(C8N6C)(C(=O)OC)O)OC(=O)C)CC)OC)C(=O)OC,NIHOVCAR3,-1.4554986,-1.8878334,-1.5034038,-1.1796513,-1.8220738,-0.88453054
paclitaxel,CC1=C2C(C(=O)C3(C(CC4C(C3C(C(C2(C)C)(CC1OC(=O)C(C(C5=CC=CC=C5)NC(=O)C6=CC=CC=C6)O)O)OC(=O)C7=CC=CC=C7)(CO4)OC(=O)C)O)C)OC(=O)C,NIHOVCAR3,-2.4203954,-1.6729097,-2.4548404,-2.4836051,-2.8556738,-2.6349466
pyrimethamine,CCC1=C(C(=NC(=N1)N)N)C2=CC=C(C=C2)Cl,NIHOVCAR3,4.3681335,3.6373932,3.970407,4.8235593,4.800566,4.608741
ibrutinib,C=CC(=O)N1CCCC(C1)N2C3=NC=NC(=C3C(=N2)C4=CC=C(C=C4)OC5=CC=CC=C5)N,NIHOVCAR3,4.7654076,1.8887331,5.3418922,5.97813,4.9745355,5.6437483
artemisinin,CC1CCC2C(C(=O)OC3C24C1CCC(O3)(OO4)C)C,NIHOVCAR3,2.3406408,-0.88633305,3.292558,3.595006,2.1723475,3.529626
imiquimod,CC(C)CN1C=NC2=C1C3=CC=CC=C3N=C2N,NIHOVCAR3,5.328828,2.45591,6.041068,6.771711,4.7119927,6.6634593
clobetasol-propionate,CCC(=O)OC1(C(CC2C1(CC(C3(C2CCC4=CC(=O)C=CC43C)F)O)C)C)C(=O)CCl,NIHOVCAR3,4.3201113,2.407819,4.6970215,5.0860977,4.4524746,4.9571424
aminoglutethimide,CCC1(CCC(=O)NC1=O)C2=CC=C(C=C2)N,NIHOVCAR3,5.6095,4.9508314,5.4810486,6.3092856,5.0643578,6.2419786
clomifene,CCN(CC)CCOC1=CC=C(C=C1)C(=C(C2=CC=CC=C2)Cl)C3=CC=CC=C3,NIHOVCAR3,6.054841,4.7702518,6.271864,7.120766,5.3187003,6.7926226
mozavaptan,CC1=CC=CC=C1C(=O)NC2=CC=C(C=C2)C(=O)N3CCCC(C4=CC=CC=C43)N(C)C,NIHOVCAR3,5.289214,4.5648165,5.2231,5.6947083,5.455662,5.5077868
genz-644282,CNCCN1C2=C(C=NC3=CC4=C(C=C32)OCO4)C5=CC(=C(C=C5C1=O)OC)OC,NIHOVCAR3,3.2693298,2.105563,3.0652092,3.00553,4.8214607,3.348887
FK-888,CN1C=C(C2=CC=CC=C21)C(=O)N3CC(CC3C(=O)NC(CC4=CC5=CC=CC=C5C=C4)C(=O)N(C)CC6=CC=CC=C6)O,NIHOVCAR3,3.7602074,3.1306381,3.8019671,4.223899,3.6254807,4.0190535
triptolide,CC(C)C12C(O1)C3C4(O3)C5(CCC6=C(C5CC7C4(C2O)O7)COC6=O)C,NIHOVCAR3,4.4631352,5.1548347,3.8454754,4.2776,4.5581865,4.4795775
SB-743921,CC1=CC=C(C=C1)C(=O)N(CCCN)C(C2=C(C(=O)C3=C(O2)C=C(C=C3)Cl)CC4=CC=CC=C4)C(C)C,NIHOVCAR3,4.1864476,3.0094335,4.1302133,4.963779,4.2540607,4.574751
favipiravir,C1=C(N=C(C(=O)N1)C(=O)N)F,NIHOVCAR3,6.79031,5.672925,7.269717,7.7472777,5.8639793,7.397651
flumatinib,CC1=C(C=C(C=N1)NC(=O)C2=CC(=C(C=C2)CN3CCN(CC3)C)C(F)(F)F)NC4=NC=CC(=N4)C5=CN=CC=C5,NIHOVCAR3,4.0108705,3.4998243,4.101364,4.775825,3.216456,4.4608827
SNX-2112,CC1(CC2=C(C(=O)C1)C(=NN2C3=CC(=C(C=C3)C(=O)N)NC4CCC(CC4)O)C(F)(F)F)C,NIHOVCAR3,2.0198808,-0.6621407,2.8573585,3.4064953,1.244201,3.2534893
GDC-0068,CC1CC(C2=C1C(=NC=N2)N3CCN(CC3)C(=O)C(CNC(C)C)C4=CC=C(C=C4)Cl)O,NIHOVCAR3,4.1215954,2.527636,4.2523994,4.748975,4.322367,4.756599
gambogic-acid,CC(=CCCC1(C=CC2=C(C3=C(C(=C2O1)CC=C(C)C)OC45C6CC(C=C4C3=O)C(=O)C5(OC6(C)C)CC=C(C)C(=O)O)O)C)C,NIHOVCAR3,-4.1377983,-2.5585241,-5.0037885,-5.440574,-2.9434257,-4.7426805
spiradoline,CN(C1CCC2(CCCO2)CC1N3CCCC3)C(=O)CC4=CC(=C(C=C4)Cl)Cl,NIHOVCAR3,4.102768,3.7031102,3.8509142,4.5282044,4.0166154,4.414996
R406,CC1(C(=O)NC2=C(O1)C=CC(=N2)NC3=NC(=NC=C3F)NC4=CC(=C(C(=C4)OC)OC)OC)C.C1=CC=C(C=C1)S(=O)(=O)O,NIHOVCAR3,3.7304585,1.5667541,4.0179553,4.814609,3.756401,4.4965725
BMS-690514,COC1=CC=CC(=C1)NC2=NC=NN3C2=C(C=C3)CN4CCC(C(C4)O)N,NIHOVCAR3,1.3072447,0.66864717,0.42869937,2.0641687,1.3290756,2.0456324
foretinib,COC1=CC2=C(C=CN=C2C=C1OCCCN3CCOCC3)OC4=C(C=C(C=C4)NC(=O)C5(CC5)C(=O)NC6=CC=C(C=C6)F)F,NIHOVCAR3,2.4497848,0.9379155,2.519081,2.9454272,2.883463,2.9630373
tanaproget,CC1(C2=C(C=CC(=C2)C3=CC=C(N3C)C#N)NC(=S)O1)C,NIHOVCAR3,3.7917075,3.0428693,3.4865324,4.844443,3.254675,4.33002
tezacaftor,CC(C)(CO)C1=CC2=CC(=C(C=C2N1CC(CO)O)F)NC(=O)C3(CC3)C4=CC5=C(C=C4)OC(O5)(F)F,NIHOVCAR3,0.80105925,0.882749,0.41273487,1.9495692,-0.93232906,1.6925721
CX-5461,CC1=CN=C(C=N1)CNC(=O)C2=C3N(C4=CC=CC=C4S3)C5=C(C2=O)C=CC(=N5)N6CCCN(CC6)C,NIHOVCAR3,2.9426608,2.1323833,3.1654584,3.9822447,1.8903459,3.542873
BW-180C,CC(C)CC(C(=O)O)NC(=O)C(CC1=CC=CC=C1)NC(=O)CNC(=O)C(C)NC(=O)C(CC2=CC=C(C=C2)O)N,NIHOVCAR3,0.36927095,0.5771966,0.34301624,2.8041043,-4.2642717,2.3863094
dalcetrapib,CCC(CC)CC1(CCCCC1)C(=O)NC2=CC=CC=C2SC(=O)C(C)C,NIHOVCAR3,3.6315932,3.221193,3.5227892,4.334284,2.8822432,4.1974573
apatinib,CS(=O)(=O)O.C1CCC(C1)(C#N)C2=CC=C(C=C2)NC(=O)C3=C(N=CC=C3)NCC4=CC=NC=C4,NIHOVCAR3,5.801238,4.7550344,5.9528227,6.7239766,5.2983875,6.275969
MK-3207,C1CCC2(C1)C(=O)N(C(CN2)C3=CC(=CC(=C3)F)F)CC(=O)NC4=CC5=C(CC6(C5)C7=C(NC6=O)N=CC=C7)C=C4,NIHOVCAR3,1.8402646,1.6065953,2.3655846,2.4804323,0.43789226,2.3108184
palomid-529,CC(C1=CC2=C(C=C1)C3=CC(=C(C=C3OC2=O)OCC4=CC=C(C=C4)OC)OC)O,NIHOVCAR3,3.4911513,2.3984878,3.410393,4.2328486,3.4945602,3.9194682
meglitinide,COC1=C(C=C(C=C1)Cl)C(=O)NCCC2=CC=C(C=C2)C(=O)O,NIHOVCAR3,5.8599753,5.7317433,5.6541452,6.4853053,5.4008417,6.027839
tipifarnib,CN1C=NC=C1C(C2=CC=C(C=C2)Cl)(C3=CC4=C(C=C3)N(C(=O)C=C4C5=CC(=CC=C5)Cl)C)N,NIHOVCAR3,5.338,4.6586576,5.3011637,5.942329,5.1271043,5.6607428
Ro-4987655,C1CC(=O)N(OC1)CC2=CC(=C(C(=C2F)F)NC3=C(C=C(C=C3)I)F)C(=O)NOCCO,NIHOVCAR3,3.6472602,3.6922371,2.94671,3.8733513,4.293093,3.4309106
danusertib,CN1CCN(CC1)C2=CC=C(C=C2)C(=O)NC3=NNC4=C3CN(C4)C(=O)C(C5=CC=CC=C5)OC,NIHOVCAR3,3.8801918,1.4946101,4.288037,4.960795,4.057274,4.6002436
brequinar,CC1=C(C2=C(C=CC(=C2)F)N=C1C3=CC=C(C=C3)C4=CC=CC=C4F)C(=O)O,NIHOVCAR3,6.100774,5.090301,6.329563,6.8194447,5.5331206,6.73144
AZD7762,C1CC(CNC1)NC(=O)C2=C(C=C(S2)C3=CC(=CC=C3)F)NC(=O)N,NIHOVCAR3,2.142168,0.7346965,2.3271875,3.5548928,0.9550519,3.1390116
tirapazamine,C1=CC=C2C(=C1)[N+](=C(N=[N+]2[O-])N)[O-],NIHOVCAR3,0.53872114,1.5267706,-0.07611965,1.4333943,-0.595528,0.4050887
P276-00,CN1CCC(C1CO)C2=C(C=C(C3=C2OC(=CC3=O)C4=CC=CC=C4Cl)O)O.Cl,NIHOVCAR3,3.2008572,2.6532276,2.9339457,4.1105304,2.4113579,3.8952234
berberine,COC1=C(C2=C[N+]3=C(C=C2C=C1)C4=CC5=C(C=C4CC3)OCO5)OC,NIHOVCAR3,-1.20418,0.37379354,-2.5148575,-2.020336,0.2782129,-2.137713
dapivirine,CC1=CC(=C(C(=C1)C)NC2=NC(=NC=C2)NC3=CC=C(C=C3)C#N)C,NIHOVCAR3,3.597255,3.6041224,2.979533,3.814658,4.119075,3.4688861
midostaurin,CC12C(C(CC(O1)N3C4=CC=CC=C4C5=C6C(=C7C8=CC=CC=C8N2C7=C53)CNC6=O)N(C)C(=O)C9=CC=CC=C9)OC,NIHOVCAR3,-0.9600231,-2.0011694,-1.2171222,-0.23225304,-0.8909708,-0.45859984
tosedostat,CC(C)CC(C(C(=O)NO)O)C(=O)NC(C1=CC=CC=C1)C(=O)OC2CCCC2,NIHOVCAR3,4.942081,3.8242362,5.0160627,5.7066417,4.8698177,5.2936473
BMS-626529,CC1=NN(C=N1)C2=NC=C(C3=C2NC=C3C(=O)C(=O)N4CCN(CC4)C(=O)C5=CC=CC=C5)OC,NIHOVCAR3,2.8599408,2.0106676,2.7333603,3.4969308,3.017229,3.0415156
GDC-0941,CS(=O)(=O)N1CCN(CC1)CC2=CC3=C(S2)C(=NC(=N3)C4=C5C=NNC5=CC=C4)N6CCOCC6,NIHOVCAR3,2.5139244,-0.119980454,3.0998409,3.980753,1.9489847,3.660024
pacritinib,C1CCN(C1)CCOC2=C3COCC=CCOCC4=CC(=CC=C4)C5=NC(=NC=C5)NC(=C3)C=C2,NIHOVCAR3,3.86244,0.7870719,4.33216,5.145765,4.3483887,4.698816
UNBS-5162,CN(C)CCN1C(=O)C2=CC=CC3=CC(=CC(=C32)C1=O)NC(=O)N,NIHOVCAR3,4.684953,3.7694976,4.62914,5.417253,4.55656,5.0523157
ganetespib,CC(C)C1=C(C=C(C(=C1)C2=NNC(=O)N2C3=CC4=C(C=C3)N(C=C4)C)O)O,NIHOVCAR3,4.315003,3.7417936,3.9505913,4.760908,4.667637,4.454085
PF-562271,CN(C1=C(C=CC=N1)CNC2=NC(=NC=C2C(F)(F)F)NC3=CC4=C(C=C3)NC(=O)C4)S(=O)(=O)C,NIHOVCAR3,3.5681622,3.620758,3.0433366,3.5436502,4.278456,3.354611
2-methoxyestradiol,CC12CCC3C(C1CCC2O)CCC4=CC(=C(C=C34)OC)O,NIHOVCAR3,6.2835484,5.336363,6.8726125,7.025298,5.4384327,6.745037
BAY-87-2243,CC1=CC(=NN1CC2=CC(=NC=C2)N3CCN(CC3)C4CC4)C5=NC(=NO5)C6=CC=C(C=C6)OC(F)(F)F,NIHOVCAR3,3.655866,1.2921612,3.9016738,4.5968223,4.2215343,4.2671375
orantinib,CC1=C(NC(=C1CCC(=O)O)C)C=C2C3=CC=CC=C3NC2=O,NIHOVCAR3,3.6228268,1.753258,3.678694,4.9906287,3.1083045,4.583248
CEP-37440,CNC(=O)C1=CC=CC=C1NC2=NC(=NC=C2Cl)NC3=C(C4=C(CC(CCC4)N5CCN(CC5)CCO)C=C3)OC,NIHOVCAR3,2.7503953,2.3877213,2.3390725,3.2062147,2.9493299,2.8696382
LY2334737,CCCC(CCC)C(=O)NC1=NC(=O)N(C=C1)C2C(C(C(O2)CO)O)(F)F,NIHOVCAR3,3.486189,1.8229346,3.754833,4.617706,2.9802303,4.255241
SC-12267,COC1=CC=CC(=C1)C2=CC(=C(C=C2)NC(=O)C3=C(CCC3)C(=O)O)F,NIHOVCAR3,5.4104257,4.3568454,5.44032,6.255585,5.0225263,5.9768534
TAK-715,CCC1=NC(=C(S1)C2=CC(=NC=C2)NC(=O)C3=CC=CC=C3)C4=CC=CC(=C4)C,NIHOVCAR3,4.0812173,3.6799848,3.7729619,4.7519584,3.7742906,4.4268923
VX-702,C1=CC(=C(C(=C1)F)N(C2=NC(=C(C=C2)C(=O)N)C3=C(C=C(C=C3)F)F)C(=O)N)F,NIHOVCAR3,4.9450245,4.547063,4.747932,5.387419,5.0515757,4.9911327
buthionine-sulfoximine,CCCCS(=N)(=O)CCC(C(=O)O)N,NIHOVCAR3,3.6578553,2.3001525,3.9917877,4.6982574,3.03024,4.268837
lerisetron,C1CN(CCN1)C2=NC3=CC=CC=C3N2CC4=CC=CC=C4,NIHOVCAR3,5.096442,4.410106,4.467922,5.6290736,5.358552,5.6165557
anguidine,CC1=CC2C(CC1)(C3(C(C(C(C34CO4)O2)O)OC(=O)C)C)COC(=O)C,NIHOVCAR3,2.1527948,0.09543127,3.4430242,4.062796,-0.78469765,3.94742
iododexetimide,C1CN(CCC1C2(CCC(=O)NC2=O)C3=CC=CC=C3)CC4=CC=C(C=C4)I,NIHOVCAR3,5.2557654,4.8336577,4.9787283,5.518688,5.4603605,5.4873924
AZD2014,CC1COCCN1C2=NC(=NC3=C2C=CC(=N3)C4=CC(=CC=C4)C(=O)NC)N5CCOCC5C,NIHOVCAR3,4.653022,1.4503052,5.1925535,5.9602294,5.215415,5.446604
emetine,CCC1CN2CCC3=CC(=C(C=C3C2CC1CC4C5=CC(=C(C=C5CCN4)OC)OC)OC)OC,NIHOVCAR3,5.2294703,4.640904,4.8803005,5.641007,5.4603605,5.5247817
harringtonine,CC(C)(CCC(CC(=O)OC)(C(=O)OC1C2C3=CC4=C(C=C3CCN5C2(CCC5)C=C1OC)OCO4)O)O,NIHOVCAR3,2.1015286,0.707605,1.9298744,3.029896,2.1057758,2.734491
DPI-201106,C1CN(CCN1CC(COC2=CC=CC3=C2C=C(N3)C#N)O)C(C4=CC=CC=C4)C5=CC=CC=C5,NIHOVCAR3,3.269429,2.2807727,3.1326497,4.068763,3.182303,3.682657
ilomastat,CC(C)CC(CC(=O)NO)C(=O)NC(CC1=CNC2=CC=CC=C21)C(=O)NC,NIHOVCAR3,5.671149,4.5825706,5.80009,6.306302,5.458794,6.2079883
BIIB021,CC1=CN=C(C(=C1OC)C)CN2C=NC3=C2N=C(N=C3Cl)N,NIHOVCAR3,3.9221325,4.549599,2.6011562,4.2537327,4.756277,3.4498985
gossypol,CC1=CC2=C(C(=C(C(=C2C(C)C)O)O)C=O)C(=C1C3=C(C4=C(C=C3C)C(=C(C(=C4C=O)O)O)C(C)C)O)O,NIHOVCAR3,-0.8433407,-0.42515314,-1.7792413,0.078549005,-1.4149636,-0.67589414
AMG-232,CC(C)C(CS(=O)(=O)C(C)C)N1C(C(CC(C1=O)(C)CC(=O)O)C2=CC(=CC=C2)Cl)C3=CC=C(C=C3)Cl,NIHOVCAR3,4.382909,3.7536788,4.298219,5.1338315,3.8702445,4.85857
evacetrapib,CC1=CC(=C2C(=C1)C(CCCN2CC3CCC(CC3)C(=O)O)N(CC4=CC(=CC(=C4)C(F)(F)F)C(F)(F)F)C5=NN(N=N5)C)C,NIHOVCAR3,3.941642,2.4049478,4.4000406,5.0860977,3.1692924,4.64783
canertinib,C=CC(=O)NC1=C(C=C2C(=C1)C(=NC=N2)NC3=CC(=C(C=C3)F)Cl)OCCCN4CCOCC4,NIHOVCAR3,3.5260491,1.4341431,3.9306793,4.4774866,3.7742906,4.013645
MK-1775,CC(C)(C1=NC(=CC=C1)N2C3=NC(=NC=C3C(=O)N2CC=C)NC4=CC=C(C=C4)N5CCN(CC5)C)O,NIHOVCAR3,1.8869069,-1.002126,2.5400689,3.577356,1.1420639,3.1771708
broxyquinoline,C1=CC2=C(C(=C(C=C2Br)Br)O)N=C1,NIHOVCAR3,2.993566,2.6412294,2.2714207,3.35804,3.3368053,3.3603349
ARRY-334543,CC1COC(=N1)NC2=CC3=C(C=C2)N=CN=C3NC4=CC(=C(C=C4)OCC5=NC=CS5)Cl,NIHOVCAR3,3.9934974,1.7182491,3.9811373,4.9757123,4.7992163,4.4931736
tazemetostat,CCN(C1CCOCC1)C2=CC(=CC(=C2C)C(=O)NCC3=C(C=C(NC3=O)C)C)C4=CC=C(C=C4)CN5CCOCC5,NIHOVCAR3,3.5725868,1.1243676,4.1930037,4.880244,3.105865,4.559455
FR-139317,CC(C)CC(C(=O)NC(CC1=CN(C2=CC=CC=C21)C)C(=O)NC(CC3=CC=CC=N3)C(=O)O)NC(=O)N4CCCCCC4,NIHOVCAR3,4.4430094,3.733825,4.479801,5.115931,4.0898004,4.7956877
nisoxetine,CNCCC(C1=CC=CC=C1)OC2=CC=CC=C2OC,NIHOVCAR3,4.93896,3.5360463,5.168795,6.1869664,4.057274,5.745719
ABT-751,COC1=CC=C(C=C1)S(=O)(=O)NC2=C(N=CC=C2)NC3=CC=C(C=C3)O,NIHOVCAR3,6.3804064,5.311365,6.747032,7.3952384,5.5470057,6.901392
indibulin,C1=CC=C2C(=C1)C(=CN2CC3=CC=C(C=C3)Cl)C(=O)C(=O)NC4=CC=NC=C4,NIHOVCAR3,4.391327,3.4817135,4.415314,5.2352667,4.1646123,4.6597266
PF-04136309,C1CN(C[C@H]1NC2CCC(CC2)(C3=NC=C(C=C3)C4=NC=CC=N4)O)C(=O)CNC(=O)C5=CC(=CC=C5)C(F)(F)F,NIHOVCAR3,4.978891,4.09815,5.0160627,5.45902,5.088759,5.2324643
VX-765,CCOC1C(CC(=O)O1)NC(=O)C2CCCN2C(=O)C(C(C)(C)C)NC(=O)C3=CC(=C(C=C3)N)Cl,NIHOVCAR3,1.0142994,0.40382743,1.578727,2.8723292,-2.1464677,2.3630812
SCH-900776,CN1C=C(C=N1)C2=C3N=C(C(=C(N3N=C2)N)Br)C4CCCNC4,NIHOVCAR3,4.163118,2.824144,4.104758,4.796709,4.7463617,4.343616
pterostilbene,COC1=CC(=CC(=C1)C=CC2=CC=C(C=C2)O)OC,NIHOVCAR3,5.622648,5.129705,5.382621,6.583757,5.0539,5.963258
BMS-387032,CC(C)(C)C1=CN=C(O1)CSC2=CN=C(S2)NC(=O)C3CCNCC3,NIHOVCAR3,-0.14752778,-0.4672171,-0.6989608,2.7601838,-4.2108603,1.8792152
cinromide,CCNC(=O)C=CC1=CC(=CC=C1)Br,NIHOVCAR3,4.335601,4.2198887,3.8128443,5.2859845,3.7165556,4.6427317
GSK1292263,CC(C)C1=NOC(=N1)N2CCC(CC2)COC3=CN=C(C=C3)C4=CC=C(C=C4)S(=O)(=O)C,NIHOVCAR3,6.109155,4.699237,6.3702917,7.1267333,5.5263,6.823214
BIBX-1382,CN1CCC(CC1)NC2=NC=C3C(=N2)C(=NC=N3)NC4=CC(=C(C=C4)F)Cl,NIHOVCAR3,2.8568497,0.7995867,2.964945,3.4291077,3.896266,3.1943426
elesclomol,CN(C(=S)C1=CC=CC=C1)NC(=O)CC(=O)NN(C)C(=S)C2=CC=CC=C2,NIHOVCAR3,2.7211726,2.6144097,2.4798167,4.0568295,1.0276989,3.427108
roquinimex,CN1C2=CC=CC=C2C(=C(C1=O)C(=O)N(C)C3=CC=CC=C3)O,NIHOVCAR3,2.4377816,1.5018656,2.3354156,3.4533348,1.8586894,3.0396025
ecamsule-triethanolamine,CC1(C2CCC1(C(=O)C2=CC3=CC=C(C=C3)C=C4C5CCC(C4=O)(C5(C)C)CS(=O)(=O)O)CS(=O)(=O)O)C,NIHOVCAR3,3.1966636,3.0372965,3.2961838,3.7723076,2.1646957,3.712834
doxercalciferol,CC(C)C(C)C=CC(C)C1CCC2C1(CCCC2=CC=C3CC(CC(C3=C)O)O)C,NIHOVCAR3,0.7281277,-0.8423329,2.1391428,3.0786169,-3.4654179,2.7306297
dexrazoxane,CC(CN1CC(=O)NC(=O)C1)N2CC(=O)NC(=O)C2,NIHOVCAR3,6.514395,5.3505745,6.909947,7.544407,5.7025023,7.0645456
carmofur,CCCCCCNC(=O)N1C=C(C(=O)NC1=O)F,NIHOVCAR3,6.008616,4.788006,6.387262,6.9178963,5.306851,6.6430655
alogliptin,CN1C(=O)C=C(N(C1=O)CC2=CC=CC=C2C#N)N3CCCC(C3)N,NIHOVCAR3,2.7260907,2.7099051,2.1585023,3.595006,1.7513744,3.4156656
cinacalcet,CC(C1=CC=CC2=CC=CC=C21)NCCCC3=CC(=CC=C3)C(F)(F)F,NIHOVCAR3,4.1017313,3.1863644,4.101364,5.130848,3.3351789,4.7549
pentamidine,C1=CC(=CC=C1C(=N)N)OCCCCCOC2=CC=C(C=C2)C(=N)N,NIHOVCAR3,4.122567,4.261737,3.7149506,4.66544,3.5897012,4.381006
leucovorin,C1C(N(C2=C(N1)N=C(NC2=O)N)C=O)CNC3=CC=C(C=C3)C(=O)NC(CCC(=O)O)C(=O)O,NIHOVCAR3,3.9964032,3.201689,3.9361176,4.549088,3.8206415,4.474479
everolimus,CC1CCC2CC(C(=CC=CC=CC(CC(C(=O)C(C(C(=CC(C(=O)CC(OC(=O)C3CCCCN3C(=O)C(=O)C1(O2)O)C(C)CC4CCC(C(C4)OC)OCCO)C)C)O)OC)C)C)C)OC,NIHOVCAR3,-1.5881714,-1.6792614,-2.230993,-1.0650536,-1.1290511,-1.8364979
oxazepam,C1=CC=C(C=C1)C2=NC(C(=O)NC3=C2C=C(C=C3)Cl)O,NIHOVCAR3,6.2346406,5.197998,6.5196304,7.144634,5.647481,6.6634593
terconazole,CC(C)N1CCN(CC1)C2=CC=C(C=C2)OCC3COC(O3)(CN4C=NC=N4)C5=C(C=C(C=C5)Cl)Cl,NIHOVCAR3,5.141642,2.7008498,5.626993,6.4495044,4.831641,6.0992193
eprobemide,C1COCCN1CCCNC(=O)C2=CC=C(C=C2)Cl,NIHOVCAR3,5.115142,4.5876427,4.870118,6.043764,4.413442,5.6607428
prednisolone-acetate,CC(=O)OCC(=O)C1(CCC2C1(CC(C3C2CCC4=CC(=O)C=CC34C)O)C)O,NIHOVCAR3,3.895094,2.2029245,4.354221,4.7907424,3.5970197,4.5305634
acetophenazine,CC(=O)C1=CC2=C(C=C1)SC3=CC=CC=C3N2CCCN4CCN(CC4)CCO,NIHOVCAR3,4.943227,3.7497172,4.944787,5.7603426,4.777293,5.483993
candesartan,CCOC1=NC2=CC=CC(=C2N1CC3=CC=C(C=C3)C4=CC=CC=C4C5=NNN=N5)C(=O)O,NIHOVCAR3,4.413695,3.1125271,4.3389482,5.2651005,4.6020975,4.749801
sulfanilamide,C1=CC(=CC=C1N)S(=O)(=O)N,NIHOVCAR3,5.8502035,5.5435247,6.0308857,6.4495044,5.39301,5.834094
parachlorophenol,C1=CC(=CC=C1O)Cl,NIHOVCAR3,5.8104315,5.4669023,6.0546446,6.750827,4.717956,6.0618296
piperacetazine,CC(=O)C1=CC2=C(C=C1)SC3=CC=CC=C3N2CCCN4CCC(CC4)CCO,NIHOVCAR3,4.8644996,3.591646,4.9413934,5.7722764,4.5093966,5.5077868
sodium-glucoheptonate,C(C(C(C(C(C(C(=O)[O-])O)O)O)O)O)O.[Na+],NIHOVCAR3,3.0411599,2.891712,3.2291086,3.883793,1.8771015,3.3240836
quinethazone,CCC1NC2=CC(=C(C=C2C(=O)N1)S(=O)(=O)N)Cl,NIHOVCAR3,5.185786,4.521701,5.2264943,5.5902896,5.116647,5.473796
phenelzine,C1=CC=C(C=C1)CCNN,NIHOVCAR3,6.197315,6.558563,6.020704,6.6822085,5.5205092,6.204589
mephenytoin,CCC1(C(=O)N(C(=O)N1)C)C2=CC=CC=C2,NIHOVCAR3,4.0627036,2.9648526,4.393253,5.214383,2.749898,4.9911327
levocarnitine,C[N+](C)(C)CC(CC(=O)[O-])O,NIHOVCAR3,3.0945544,1.8816109,3.1946218,4.1224637,2.412517,3.8615584
riociguat,CN(C1=C(N=C(N=C1N)C2=NN(C3=C2C=CC=N3)CC4=CC=CC=C4F)N)C(=O)OC,NIHOVCAR3,4.4498434,3.8191638,4.3338566,5.2859845,4.138591,4.671623
dabrafenib,CC(C)(C)C1=NC(=C(S1)C2=NC(=NC=C2)N)C3=C(C(=CC=C3)NS(=O)(=O)C4=C(C=CC=C4F)F)F,NIHOVCAR3,3.9611,3.6976829,3.5391047,4.387985,4.114196,4.06653
riluzole,C1=CC2=C(C=C1OC(F)(F)F)SC(=N2)N,NIHOVCAR3,4.9652734,3.6854305,5.4097733,6.228734,4.1272063,5.375224
alectinib,CCC1=CC2=C(C=C1N3CCC(CC3)N4CCOCC4)C(C5=C(C2=O)C6=C(N5)C=C(C=C6)C#N)(C)C,NIHOVCAR3,3.43057,1.9925275,3.4248958,3.9479358,4.0068574,3.7806327
itraconazole,CCC(C)N1C(=O)N(C=N1)C2=CC=C(C=C2)N3CCN(CC3)C4=CC=C(C=C4)OCC5COC(O5)(CN6C=NC=N6)C7=C(C=C(C=C7)Cl)Cl,NIHOVCAR3,3.1200352,2.0021758,3.067032,3.7866051,3.110744,3.633619
fenoprofen,CC(C1=CC(=CC=C1)OC2=CC=CC=C2)C(=O)O,NIHOVCAR3,5.517492,4.597788,5.6303873,6.553923,4.7605267,6.044834
nafcillin,CCOC1=C(C2=CC=CC=C2C=C1)C(=O)NC3C4N(C3=O)C(C(S4)(C)C)C(=O)O,NIHOVCAR3,0.924178,1.7816911,0.10647809,1.7660717,-0.26295257,1.229602
famotidine,C1=C(N=C(S1)N=C(N)N)CSCCC(=NS(=O)(=O)N)N,NIHOVCAR3,4.261664,3.3019962,3.8926094,4.8354926,4.954998,4.323222
phenylbutazone,CCCCC1C(=O)N(N(C1=O)C2=CC=CC=C2)C3=CC=CC=C3,NIHOVCAR3,5.3269935,4.5724254,5.100914,6.019897,5.240199,5.7015314
tiludronate,C1=CC(=CC=C1SC(P(=O)(O)O)P(=O)(O)O)Cl,NIHOVCAR3,3.6529229,4.1197076,2.8938286,4.217932,3.5091972,3.5239487
colchicine,CC(=O)NC1CCC2=CC(=C(C(=C2C3=CC=C(C(=O)C=C13)OC)OC)OC)OC,NIHOVCAR3,3.0391998,2.0043993,2.6886842,3.9479358,3.0652065,3.4897726
busulfan,CS(=O)(=O)OCCCCOS(=O)(=O)C,NIHOVCAR3,5.055278,4.438005,5.3147397,5.4202366,4.7689734,5.3344355
abiraterone-acetate,CC(=O)OC1CCC2(C3CCC4(C(C3CC=C2C1)CC=C4C5=CN=CC=C5)C)C,NIHOVCAR3,-1.651462,-2.1966543,-1.6427139,-0.57054734,-2.9578114,-0.88958293
ciclesonide,CC(C)C(=O)OCC(=O)C12C(CC3C1(CC(C4C3CCC5=CC(=O)C=CC45C)O)C)OC(O2)C6CCCCC6,NIHOVCAR3,5.2580166,3.723182,5.6880865,5.945313,4.94645,5.987051
papaverine,COC1=C(C=C(C=C1)CC2=NC=CC3=CC(=C(C=C32)OC)OC)OC,NIHOVCAR3,2.9723172,3.8584757,1.5634664,2.424506,4.517528,2.49761
daunorubicin,CC1C(C(CC(O1)OC2CC(CC3=C2C(=C4C(=C3O)C(=O)C5=C(C4=O)C(=CC=C5)OC)O)(C(=O)C)O)N)O,NIHOVCAR3,0.57839733,-0.044492602,0.8457053,1.546332,-0.61081254,1.1552545
chlorhexidine,C1=CC(=CC=C1NC(=NC(=NCCCCCCN=C(N)N=C(N)NC2=CC=C(C=C2)Cl)N)N)Cl,NIHOVCAR3,4.9809275,4.46844,4.6155634,5.5425553,5.1305904,5.1474886
amsacrine,COC1=C(C=CC(=C1)NS(=O)(=O)C)NC2=C3C=CC=CC3=NC4=CC=CC=C42,NIHOVCAR3,3.934819,3.723182,3.5282278,4.0538464,4.546802,3.822037
palbociclib,CC1=C(C(=O)N(C2=NC(=NC=C12)NC3=NC=C(C=C3)N4CCNCC4)C5CCCC5)C(=O)C,NIHOVCAR3,4.6077952,3.8825696,4.4119205,4.838476,5.339757,4.566253
daclatasvir,CC(C)C(C(=O)N1CCCC1C2=NC=C(N2)C3=CC=C(C=C3)C4=CC=C(C=C4)C5=CN=C(N5)C6CCCN6C(=O)C(C(C)C)NC(=O)OC)NC(=O)OC,NIHOVCAR3,0.3972537,-0.7749327,0.1170655,2.01,-1.2034963,1.8376321
ciprofibrate,CC(C)(C(=O)O)OC1=CC=C(C=C1)C2CC2(Cl)Cl,NIHOVCAR3,6.0631046,5.1837735,6.309199,6.712043,5.5422215,6.5682864
idarubicin,CC1C(C(CC(O1)OC2CC(CC3=C2C(=C4C(=C3O)C(=O)C5=CC=CC=C5C4=O)O)(C(=O)C)O)N)O,NIHOVCAR3,1.7146927,0.6221446,2.4332316,2.739,0.34438634,2.4347007
creatine,CN(CC(=O)O)C(=N)N,NIHOVCAR3,5.4164863,4.8943996,5.45729,5.5962563,5.575713,5.558772
thiram,CN(C)C(=S)SSC(=S)N(C)C,NIHOVCAR3,2.2706614,-0.8200162,2.4770768,3.445259,3.201819,3.0491688
iproniazid,CC(C)NNC(=O)C1=CC=NC=C1,NIHOVCAR3,-0.33169132,-1.9264867,-1.438049,2.791109,-3.264223,2.1791933
buphenine,CC(CCC1=CC=CC=C1)NC(C)C(C2=CC=C(C=C2)O)O,NIHOVCAR3,4.5894275,4.198331,4.281249,5.4351535,3.9596934,5.0727096
prednisolone,CC12CC(C3C(C1CCC2(C(=O)CO)O)CCC4=CC(=O)C=CC34C)O,NIHOVCAR3,5.3754616,5.265752,5.3554683,5.8140435,5.1178083,5.3242383
colistin-b-sulfate,CC(C)CCCCC(=O)NC(CC[NH3+])C(=O)NC(C(C)O)C(=O)NC(CC[NH3+])C(=O)NC1CCNC(=O)C(NC(=O)C(NC(=O)C(NC(=O)C(NC(=O)C(NC(=O)C(NC1=O)CC[NH3+])CC(C)C)CC(C)C)CC[NH3+])CC[NH3+])C(C)O.CC(C)CCCCC(=O)NC(CC[NH3+])C(=O)NC(C(C)O)C(=O)NC(CC[NH3+])C(=O)NC1CCNC(=O)C(NC(=O)C(NC(=O)C(NC(=O)C(NC(=O)C(NC(=O)C(NC1=O)CC[NH3+])CC(C)C)CC(C)C)CC[NH3+])CC[NH3+])C(C)O.[O-]S(=O)(=O)[O-].[O-]S(=O)(=O)[O-].[O-]S(=O)(=O)[O-].[O-]S(=O)(=O)[O-].[O-]S(=O)(=O)[O-],NIHOVCAR3,2.611107,2.5169208,2.501737,3.3596554,1.55729,3.119932
ajmaline,CCC1C2CC3C4C5(CC(C2C5O)N3C1O)C6=CC=CC=C6N4C,NIHOVCAR3,-0.05188023,-2.0527112,-1.2289388,0.7755699,1.6450768,0.60160226
oxyquinoline,C1=CC2=C(C(=C1)O)N=CC=C2,NIHOVCAR3,4.7032375,3.389765,4.6630807,5.682775,4.480122,5.3004456
cefpiramide,CC1=CC(=O)C(=CN1)C(=O)NC(C2=CC=C(C=C2)O)C(=O)NC3C4N(C3=O)C(=C(CS4)CSC5=NN=NN5C)C(=O)O,NIHOVCAR3,3.1071773,2.8694212,2.9631217,3.702211,2.6770492,3.3240836
methylprednisolone,CC1CC2C3CCC(C3(CC(C2C4(C1=CC(=O)C=C4)C)O)C)(C(=O)CO)O,NIHOVCAR3,4.1285152,1.63129,4.707203,5.1875324,4.091427,5.025123
epinephrine,CNCC(C1=CC(=C(C=C1)O)O)O,NIHOVCAR3,4.7215376,4.557208,4.311795,5.306868,4.5256596,4.906157
tiletamine,CCNC1(CCCCC1=O)C2=CC=CS2,NIHOVCAR3,4.74852,4.4912663,4.461134,5.2770343,4.341883,5.171282
terfenadine,CC(C)(C)C1=CC=C(C=C1)C(CCCN2CCC(CC2)C(C3=CC=CC=C3)(C4=CC=CC=C4)O)O,NIHOVCAR3,4.7875223,2.7405546,4.7784786,5.787193,5.031822,5.5995607
afatinib,CN(C)CC=CC(=O)NC1=C(C=C2C(=C1)C(=NC=N2)NC3=CC(=C(C=C3)F)Cl)OC4CCOC4,NIHOVCAR3,3.0224724,0.744398,3.4484627,4.1194806,3.18149,3.6185305
pilocarpine,CCC1C(COC1=O)CC2=CN=CN2C,NIHOVCAR3,-1.1272073,1.4749687,-2.8133204,-2.0056756,-0.7300328,-1.5619766
ruxolitinib,C1CCC(C1)C(CC#N)N2C=C(C=N2)C3=C4C=CNC4=NC=N3,NIHOVCAR3,5.949157,5.1735,6.1055555,6.6225414,5.5002403,6.3439503
mitoxantrone,C1=CC(=C2C(=C1NCCNCCO)C(=O)C3=C(C=CC(=C3C2=O)O)O)NCCNCCO,NIHOVCAR3,-0.33237413,0.26229024,-0.4193303,-0.9199611,0.22031116,-0.80518067
minocycline,CN(C)C1C2CC3CC4=C(C=CC(=C4C(=C3C(=O)C2(C(=C(C1=O)C(=O)N)O)O)O)O)N(C)C,NIHOVCAR3,1.3614178,0.2656022,1.8939209,2.745518,-0.6991037,2.6011517
nadide,C1=CC(=C[N+](=C1)C2C(C(C(O2)COP(=O)([O-])OP(=O)(O)OCC3C(C(C(O3)N4C=NC5=C(N=CN=C54)N)O)O)O)O)C(=O)N,NIHOVCAR3,3.6182442,3.3995173,3.4393985,4.3760514,3.0692725,3.8069804
clofoctol,CC(C)(C)CC(C)(C)C1=CC(=C(C=C1)O)CC2=C(C=C(C=C2)Cl)Cl,NIHOVCAR3,4.2397065,2.2692556,4.293128,5.4649873,3.9352984,5.2358637
propranolol,CC(C)NCC(COC1=CC=CC2=CC=CC=C21)O,NIHOVCAR3,4.3636236,2.9815705,4.1200314,5.300901,4.3191147,5.096503
beclomethasone-dipropionate,CCC(=O)OCC(=O)C1(C(CC2C1(CC(C3(C2CCC4=CC(=O)C=CC43C)Cl)O)C)C)OC(=O)CC,NIHOVCAR3,3.4077172,1.3776464,3.9415565,4.555055,2.9277806,4.2365465
fenbendazole,COC(=O)NC1=NC2=C(N1)C=C(C=C2)SC3=CC=CC=C3,NIHOVCAR3,5.57947,4.198331,5.7423906,6.7896104,4.67691,6.4901085
naloxone,C=CCN1CCC23C4C(=O)CCC2(C1CC5=C3C(=C(C=C5)O)O4)O,NIHOVCAR3,3.068605,3.4204147,2.620303,3.20783,3.2180824,2.8763955
sulfasalazine,C1=CC=NC(=C1)NS(=O)(=O)C2=CC=C(C=C2)N=NC3=CC(=C(C=C3)O)C(=O)O,NIHOVCAR3,3.8185394,3.350757,3.5989287,4.4476523,3.5335922,4.161768
ethinyl-estradiol,CC12CCC3C(C1CCC2(C#C)O)CCC4=C3C=CC(=C4)O,NIHOVCAR3,6.8135743,5.9418097,7.653246,7.496673,5.3303595,7.6457815
aspirin,CC(=O)OC1=CC=CC=C1C(=O)O,NIHOVCAR3,6.710991,5.424313,7.4020853,7.669709,5.6068125,7.452036
propoxycaine,CCCOC1=C(C=CC(=C1)N)C(=O)OCCN(CC)CC,NIHOVCAR3,4.573548,4.430396,4.1980944,4.9548283,4.8507295,4.4336905
pentagastrin,CC(C)(C)OC(=O)NCCC(=O)NC(CC1=CNC2=CC=CC=C21)C(=O)NC(CCSC)C(=O)NC(CC(=O)O)C(=O)NC(CC3=CC=CC=C3)C(=O)N,NIHOVCAR3,5.3896246,4.1793094,5.436926,6.019897,5.5016885,5.810301
noretynodrel,CC12CCC3C(C1CCC2(C#C)O)CCC4=C3CCC(=O)C4,NIHOVCAR3,7.037252,6.360261,7.996046,7.6219754,5.229091,7.9788866
betamethasone,CC1CC2C3CCC4=CC(=O)C=CC4(C3(C(CC2(C1(C(=O)CO)O)C)O)F)C,NIHOVCAR3,4.329299,3.9510481,4.0708175,4.6773734,4.635929,4.311325
piperazine,C1CNCCN1,NIHOVCAR3,5.276782,4.6053963,5.0669737,5.42322,5.549398,5.738921
ramifenazone,CC1=C(C(=O)N(N1C)C2=CC=CC=C2)NC(C)C,NIHOVCAR3,3.6109042,2.593205,3.7711487,4.9548283,2.291452,4.4438877
meclizine,CC1=CC(=CC=C1)CN2CCN(CC2)C(C3=CC=CC=C3)C4=CC=C(C=C4)Cl,NIHOVCAR3,5.712992,4.782933,5.681298,6.5688405,5.293309,6.2385798
phenazone,CC1=CC(=O)N(N1C)C2=CC=CC=C2,NIHOVCAR3,5.238041,3.952316,5.5591116,6.700109,3.967825,6.010844
clofibrate,CCOC(=O)C(C)(C)OC1=CC=C(C=C1)Cl,NIHOVCAR3,3.4388413,0.30940968,3.9252405,5.217366,2.9838896,4.758299
remoxipride,CCN1CCCC1CNC(=O)C2=C(C=CC(=C2OC)Br)OC,NIHOVCAR3,4.6856728,3.7589612,4.4747105,5.360569,4.6118555,5.222267
dolutegravir,CC1CCOC2N1C(=O)C3=C(C(=O)C(=CN3C2)C(=O)NCC4=C(C=C(C=C4)F)F)O,NIHOVCAR3,4.188632,3.1598942,4.0213995,4.772842,4.7014914,4.287532
gefitinib,COC1=C(C=C2C(=C1)N=CN=C2NC3=CC(=C(C=C3)F)Cl)OCCCN4CCOCC4,NIHOVCAR3,3.70018,2.2779016,3.7058864,4.3850017,4.364652,3.7674587
dasatinib,CC1=C(C(=CC=C1)Cl)NC(=O)C2=CN=C(S2)NC3=CC(=NC(=N3)C)N4CCN(CC4)CCO,NIHOVCAR3,1.7012106,-1.3599436,2.144674,3.1545296,1.8409894,2.7258031
altretamine,CN(C)C1=NC(=NC(=N1)N(C)C)N(C)C,NIHOVCAR3,1.7122141,-1.5556366,1.8016098,2.4145968,3.5083842,2.3921163
streptozotocin,CN(C(=O)NC1C(C(C(OC1O)CO)O)O)N=O,NIHOVCAR3,2.4995687,2.1639798,2.2732494,3.1464536,2.1738777,2.7402833
nadifloxacin,CC1CCC2=C3N1C=C(C(=O)C3=CC(=C2N4CCC(CC4)O)F)C(=O)O,NIHOVCAR3,4.78906,3.8255043,4.7682962,5.357586,4.8838153,5.110099
hexylresorcinol,CCCCCCC1=C(C=C(C=C1)O)O,NIHOVCAR3,4.744773,4.9092703,4.0657263,5.089081,4.8046155,4.8551717
benzethonium,CC(C)(C)CC(C)(C)C1=CC=C(C=C1)OCCOCC[N+](C)(C)CC2=CC=CC=C2,NIHOVCAR3,3.4864984,-0.10731956,4.181124,5.3277516,3.100986,4.9299498
iobenguane,C1=CC(=CC(=C1)I)CN=C(N)N,NIHOVCAR3,6.1484475,5.123351,6.492478,6.879112,5.600831,6.6464643
lovastatin,CCC(C)C(=O)OC1CC(C=C2C1C(C(C=C2)C)CCC3CC(CC(=O)O3)O)C,NIHOVCAR3,4.1585665,2.4666765,4.62914,4.9906287,3.6132832,5.093104
octenidine,CCCCCCCCN=C1C=CN(C=C1)CCCCCCCCCCN2C=CC(=NCCCCCCCC)C=C2,NIHOVCAR3,4.8341446,3.6539469,4.656292,5.611173,4.857092,5.3922195
isoxsuprine,CC(COC1=CC=CC=C1)NC(C)C(C2=CC=C(C=C2)O)O,NIHOVCAR3,4.8154597,4.4506865,4.4865894,5.5127215,4.4492216,5.1780796
pyritinol,CC1=NC=C(C(=C1O)CO)CSSCC2=CN=C(C(=C2CO)O)C,NIHOVCAR3,-3.8856487,0.048903614,-5.6835537,-7.149404,-1.0096513,-5.6345387
lacitol,C(C1C(C(C(C(O1)OC(C(CO)O)C(C(CO)O)O)O)O)O)O,NIHOVCAR3,-0.22149141,0.059884563,-0.7694744,1.5671675,-1.9249305,-0.040104277
dexamethasone-acetate,CC1CC2C3CCC4=CC(=O)C=CC4(C3(C(CC2(C1(C(=O)COC(=O)C)O)C)O)F)C,NIHOVCAR3,3.3314865,2.6616971,3.2744296,4.068763,3.03024,3.6223028
enzalutamide,CC1(C(=O)N(C(=S)N1C2=CC(=C(C=C2)C(=O)NC)F)C3=CC(=C(C=C3)C#N)C(F)(F)F)C,NIHOVCAR3,3.768145,3.502611,3.5445433,4.364118,3.267686,4.161768
triamcinolone-acetonide,CC1(OC2CC3C4CCC5=CC(=O)C=CC5(C4(C(CC3(C2(O1)C(=O)CO)C)O)F)C)C,NIHOVCAR3,4.3887773,3.6976829,4.0657263,4.814609,4.791117,4.574751
bumetanide,CCCCNC1=C(C(=CC(=C1)C(=O)O)S(=O)(=O)N)OC2=CC=CC=C2,NIHOVCAR3,5.315269,4.9411407,5.1925535,5.7782426,5.2619934,5.402416
famciclovir,CC(=O)OCC(CCN1C=NC2=CN=C(N=C21)N)COC(=O)C,NIHOVCAR3,3.062748,2.6066463,2.8117707,3.7309432,2.9261541,3.2382255
fluticasone-propionate,CCC(=O)OC1(C(CC2C1(CC(C3(C2CC(C4=CC(=O)C=CC43C)F)F)O)C)C)C(=O)SCF,NIHOVCAR3,3.6959167,1.6826468,4.281249,4.650523,3.3668928,4.4982724
nomegestrol-acetate,CC1=CC2C(CCC3(C2CCC3(C(=O)C)OC(=O)C)C)C4C1=CC(=O)CC4,NIHOVCAR3,2.4734051,0.3126843,3.6279345,4.5908556,-0.4332862,4.268837
tyloxapol,CC(C)(C)CC(C)(C)C1=CC=C(C=C1)O.C=O.C1CO1,NIHOVCAR3,4.6626234,0.59979165,5.44032,6.3510528,4.8227334,6.0992193
istradefylline,CCN1C2=C(C(=O)N(C1=O)CC)N(C(=N2)C=CC3=CC(=C(C=C3)OC)OC)C,NIHOVCAR3,1.77786,0.051256686,1.2691066,2.4673035,2.7288737,2.3727596
selamectin,CC1CCC2(CC3CC(O2)CC=C(C(C(C=CC=C4COC5C4(C(C=C(C5=NO)C)C(=O)O3)O)C)OC6CC(C(C(O6)C)O)OC)C)OC1C7CCCCC7,NIHOVCAR3,-1.5846361,-2.302133,-1.0756686,-0.5444932,-3.1333146,-0.8675711
niacin,C1=CC(=CN=C1)C(=O)O,NIHOVCAR3,7.8763595,5.778798,9.143237,9.770014,5.55179,9.137959
vemurafenib,CCCS(=O)(=O)NC1=C(C(=C(C=C1)F)C(=O)C2=CNC3=C2C=C(C=N3)C4=CC=C(C=C4)Cl)F,NIHOVCAR3,5.273266,4.8336577,5.1144905,5.8379107,5.2084427,5.371825
tiagabine,CC1=C(SC=C1)C(=CCCN2CCCC(C2)C(=O)O)C3=C(C=CS3)C,NIHOVCAR3,6.237336,4.208476,7.07965,7.2938027,5.5470057,7.057748
idelalisib,CCC(C1=NC2=C(C(=CC=C2)F)C(=O)N1C3=CC=CC=C3)NC4=NC=NC5=C4NC=N5,NIHOVCAR3,5.829727,4.6561213,6.010522,6.712043,5.3648176,6.4051323
adefovir-dipivoxil,CC(C)(C)C(=O)OCOP(=O)(COCCN1C=NC2=C(N=CN=C21)N)OCOC(=O)C(C)(C)C,NIHOVCAR3,3.8645427,1.1988016,4.218459,5.2830005,3.7978725,4.82458
dorzolamide,CCNC1CC(S(=O)(=O)C2=C1C=C(S2)S(=O)(=O)N)C,NIHOVCAR3,7.314618,6.2022915,8.382969,8.296221,5.430601,8.261007
naproxen,CC(C1=CC2=C(C=C1)C=C(C=C2)OC)C(=O)O,NIHOVCAR3,5.7591157,4.458295,6.0987673,6.9835305,4.7104926,6.5444927
chloropyramine,CN(C)CCN(CC1=CC=C(C=C1)Cl)C2=CC=CC=N2,NIHOVCAR3,4.1583123,2.817178,4.1980944,5.2293,3.756401,4.7905893
omeprazole,CC1=CN=C(C(=C1OC)C)CS(=O)C2=NC3=C(N2)C=C(C=C3)OC,NIHOVCAR3,2.5145106,3.4566364,0.48449892,2.1696775,4.384168,2.077571
paricalcitol,CC(C=CC(C)C(C)(C)O)C1CCC2C1(CCCC2=CC=C3CC(CC(C3)O)O)C,NIHOVCAR3,1.214364,-0.7674077,2.2577078,3.0396426,-1.3171419,2.8590195
D-Serine,C(C(C(=O)O)N)O,NIHOVCAR3,3.957487,3.5694654,3.8237212,4.602789,3.6262937,4.165167
decitabine,C1C(C(OC1N2C=NC(=NC2=O)N)CO)O,NIHOVCAR3,6.830034,6.6493115,7.320628,7.2878366,5.8448415,7.0475507
cyproterone-acetate,CC(=O)C1(CCC2C1(CCC3C2C=C(C4=CC(=O)C5CC5C34C)Cl)C)OC(=O)C,NIHOVCAR3,1.8266809,0.31022835,2.52912,3.00553,0.46522477,2.823302
mycophenolate-mofetil,CC1=C2COC(=O)C2=C(C(=C1OC)CC=C(C)CCC(=O)OCCN3CCOCC3)O,NIHOVCAR3,-1.225986,-0.27455562,-2.1790864,1.2591647,-3.9213142,-1.0141382
ulipristal,CC(=O)C1(CCC2C1(CC(C3=C4CCC(=O)C=C4CCC23)C5=CC=C(C=C5)N(C)C)C)O,NIHOVCAR3,3.168847,1.4074173,3.4847195,4.024012,3.128634,3.7994528
benzocaine,CCOC(=O)C1=CC=C(C=C1)N,NIHOVCAR3,5.002454,4.018258,4.9719396,6.088515,4.215029,5.718527
digitoxin,CC1C(C(CC(O1)OC2C(OC(CC2O)OC3C(OC(CC3O)OC4CCC5(C(C4)CCC6C5CCC7(C6(CCC7C8=CC(=O)OC8)O)C)C)C)C)O)O,NIHOVCAR3,3.5340602,2.4537566,3.6841323,3.9479358,3.4295068,4.1549697
cyclophosphamide,C1CNP(=O)(OC1)N(CCCl)CCCl,NIHOVCAR3,6.0726376,5.4566813,5.9969454,7.052149,5.598439,6.2589736
methotrexate,CN(CC1=CN=C2C(=N1)C(=NC(=N2)N)N)C3=CC=C(C=C3)C(=O)NC(CCC(=O)O)C(=O)O,NIHOVCAR3,3.5316596,3.0944161,2.9631217,3.734132,4.337004,3.529626
chloramphenicol-palmitate,CCCCCCCCCCCCCCCC(=O)OCC(C(C1=CC=C(C=C1)[N+](=O)[O-])O)NC(=O)C(Cl)Cl,NIHOVCAR3,2.996533,2.6292312,2.8573585,3.9121354,2.2197895,3.3641508
fluoromethylcholine,C[N+](C)(C)CCOCF,NIHOVCAR3,2.4656339,0.3915749,3.1709266,4.012079,0.8939135,3.8596764
prednisolone-tebutate,CC12CC(C3C(C1CCC2(C(=O)COC(=O)CC(C)(C)C)O)CCC4=CC(=O)C=CC34C)O,NIHOVCAR3,4.136765,3.354936,4.342342,5.032397,3.4099908,4.544159
lanoconazole,C1C(SC(=C(C#N)N2C=CN=C2)S1)C3=CC=CC=C3Cl,NIHOVCAR3,7.5125947,5.866186,8.2675705,9.125603,5.7706814,8.53293
proscillaridin-a,CC1C(C(C(C(O1)OC2CCC3(C4CCC5(C(CCC5(C4CCC3=C2)O)C6=COC(=O)C=C6)C)C)O)O)O,NIHOVCAR3,1.2227768,-0.07948953,1.1020956,2.1796958,0.7507775,2.1608045
carbachol,C[N+](C)(C)CCOC(=O)N.[Cl-],NIHOVCAR3,2.6504753,0.060668916,3.0524504,4.10158,2.3587923,3.6788847
thioproperazine,CN1CCN(CC1)CCCN2C3=CC=CC=C3SC4=C2C=C(C=C4)S(=O)(=O)N(C)C,NIHOVCAR3,4.6441717,2.0066144,4.9617577,5.727525,5.125942,5.3990173
exemestane,CC12CCC3C(C1CCC2=O)CC(=C)C4=CC(=O)C=CC34C,NIHOVCAR3,5.680743,4.289635,6.166648,6.604641,5.1178083,6.224983
hydrocortisone,CC12CCC(=O)C=C1CCC3C2C(CC4(C3CCC4(C(=O)CO)O)C)O,NIHOVCAR3,4.8589997,1.9141963,5.487837,5.9602294,5.03066,5.902075
mycophenolic-acid,CC1=C2COC(=O)C2=C(C(=C1OC)CC=C(C)CCC(=O)O)O,NIHOVCAR3,-2.8436382,-0.6660303,-3.694299,-2.679352,-4.1799383,-2.9985716
BTS-54505,CC(C)CC(C1(CCC1)C2=CC=C(C=C2)Cl)N.Cl,NIHOVCAR3,4.517488,2.9725149,4.7173853,5.6231065,3.8686185,5.4058156
naftidrofuryl,CCN(CC)CCOC(=O)C(CC1CCCO1)CC2=CC=CC3=CC=CC=C32,NIHOVCAR3,1.8678029,1.646039,1.9390934,3.3208916,-0.5434704,2.9764602
pitavastatin,C1CC1C2=NC3=CC=CC=C3C(=C2C=CC(CC(CC(=O)O)O)O)C4=CC=C(C=C4)F,NIHOVCAR3,4.382212,3.2713468,4.2710667,5.1129475,4.284961,4.9707384
capsaicin,CC(C)C=CCCCCC(=O)NCC1=CC(=C(C=C1)O)OC,NIHOVCAR3,4.5021152,3.8255043,4.2218523,5.268084,4.346762,4.848373
etofylline-clofibrate,CC(C)(C(=O)OCCN1C=NC2=C1C(=O)N(C(=O)N2C)C)OC3=CC=C(C=C3)Cl,NIHOVCAR3,4.254341,2.8638487,4.6902328,5.3695188,3.3229814,5.025123
isometheptene-mucate,CC(CCC=C(C)C)NC,NIHOVCAR3,-4.1639814,-2.6265037,-6.3317013,-5.6084056,-0.5342995,-5.7189956
practolol,CC(C)NCC(COC1=CC=C(C=C1)NC(=O)C)O,NIHOVCAR3,3.3353114,2.6525218,2.975886,4.2656665,2.977384,3.8050988
clebopride,COC1=CC(=C(C=C1C(=O)NC2CCN(CC2)CC3=CC=CC=C3)Cl)N,NIHOVCAR3,6.143775,4.6459765,6.6350284,7.162534,5.537098,6.7382383
clocortolone-pivalate,CC1CC2C3CC(C4=CC(=O)C=CC4(C3(C(CC2(C1C(=O)COC(=O)C(C)(C)C)C)O)Cl)C)F,NIHOVCAR3,2.76806,1.7180538,2.9230046,3.8778262,1.9877907,3.3336234
epirubicin,C[C@H]1[C@@H]([C@H](C[C@@H](O1)O[C@H]2C[C@@](CC3=C2C(=C4C(=C3O)C(=O)C5=C(C4=O)C(=CC=C5)OC)O)(C(=O)CO)O)N)O,NIHOVCAR3,2.9627001,2.2427664,3.0542731,3.6030288,2.5740855,3.3393471
raloxifene,C1CCN(CC1)CCOC2=CC=C(C=C2)C(=O)C3=C(SC4=C3C=CC(=C4)O)C5=CC=C(C=C5)O,NIHOVCAR3,3.1926885,2.5297782,3.1927993,3.9360025,2.5637527,3.7411108
monobenzone,C1=CC=C(C=C1)COC2=CC=C(C=C2)O,NIHOVCAR3,6.142579,5.713258,6.0512505,6.9596634,5.410239,6.5784836
mebendazole,COC(=O)NC1=NC2=C(N1)C=C(C=C2)C(=O)C3=CC=CC=C3,NIHOVCAR3,3.9411507,3.5625165,3.662378,4.707207,3.2855759,4.488075
dacarbazine,CN(C)N=NC1=C(NC=N1)C(=O)N,NIHOVCAR3,4.7631483,4.410106,4.350827,5.047313,5.2746887,4.732806
methocarbamol,COC1=CC=CC=C1OCC(COC(=O)N)O,NIHOVCAR3,3.667579,3.1334245,3.502848,4.9488616,2.4635296,4.2892313
ketoconazole,CC(=O)N1CCN(CC1)C2=CC=C(C=C2)OCC3COC(O3)(CN4C=CN=C4)C5=C(C=C(C=C5)Cl)Cl,NIHOVCAR3,5.7214117,4.46844,6.044462,6.670275,5.052738,6.3711424
cladribine,C1C(C(OC1N2C=NC3=C(N=C(N=C32)Cl)N)CO)O,NIHOVCAR3,7.5945787,6.7971983,8.389756,8.540859,5.8209186,8.424161
monensin,CCC1(CCC(O1)C2(CCC3(O2)CC(C(C(O3)C(C)C(C(C)C(=O)O)OC)C)O)C)C4C(CC(O4)C5C(CC(C(O5)(CO)O)C)C)C,NIHOVCAR3,1.5034783,-0.46302336,3.161813,3.9583776,-2.9204087,3.7806327
ranitidine,CNC(=C[N+](=O)[O-])NCCSCC1=CC=C(O1)CN(C)C,NIHOVCAR3,1.7668995,2.909823,0.510151,2.4261575,1.3204443,1.6679218
rabeprazole,CC1=C(C=CN=C1CS(=O)C2=NC3=CC=CC=C3N2)OCCCOC,NIHOVCAR3,4.3323746,4.716991,3.4285214,4.034454,5.410239,4.0716667
lidamidine,CC1=C(C(=CC=C1)C)NC(=O)NC(=NC)N,NIHOVCAR3,4.018136,4.5673532,3.281681,4.2656665,4.2085233,3.7674587
norethindrone,CC12CCC3C(C1CCC2(C#C)O)CCC4=CC(=O)CCC34,NIHOVCAR3,6.446971,5.842658,7.0558915,6.9835305,5.288231,7.0645456
aripiprazole,C1CC(=O)NC2=C1C=CC(=C2)OCCCCN3CCN(CC3)C4=C(C(=CC=C4)Cl)Cl,NIHOVCAR3,5.9762564,4.979212,6.3024106,6.7180095,5.3303595,6.5512915
ubenimex,CC(C)CC(C(=O)O)NC(=O)C(C(CC1=CC=CC=C1)N)O,NIHOVCAR3,-0.19072726,0.1687434,-1.2771134,2.0692275,-2.7621684,0.8476747
levonorgestrel,CC[C@]12CC[C@H]3[C@H]([C@@H]1CC[C@]2(C#C)O)CCC4=CC(=O)CC[C@H]34,NIHOVCAR3,5.4927735,4.155215,5.722027,6.1272993,5.2343435,6.224983
PD-98059,COC1=CC=CC(=C1N)C2=CC(=O)C3=CC=CC=C3O2,NIHOVCAR3,5.0928245,4.2401786,4.8735123,5.990063,4.7506113,5.6097574
hesperadin,CCS(=O)(=O)NC1=CC2=C(C=C1)NC(=C2C(=NC3=CC=C(C=C3)CN4CCCCC4)C5=CC=CC=C5)O,NIHOVCAR3,4.5116296,3.3967307,4.5714407,5.2412333,4.483375,4.8653684
IDRA-21,CC1NC2=C(C=C(C=C2)Cl)S(=O)(=O)N1,NIHOVCAR3,6.329525,5.9350877,6.5196304,6.861212,5.454096,6.877599
ACDPP,CN(C)C1=NC(=C(N=C1Cl)C(=O)NC2=CN=CC=C2)N,NIHOVCAR3,5.055936,4.0854683,4.992304,6.1123824,4.8774524,5.2120705
pepstatin,CC(C)CC(C(CC(=O)O)O)NC(=O)C(C)NC(=O)CC(C(CC(C)C)NC(=O)C(C(C)C)NC(=O)C(C(C)C)NC(=O)CC(C)C)O,NIHOVCAR3,-1.1679077,-0.51607096,-2.0347211,-0.98208535,-0.72877395,-1.5778873
SIB-1757,CC1=NC(=C(C=C1)O)N=NC2=CC=CC=C2,NIHOVCAR3,4.116145,3.9649973,3.767523,4.743008,3.6035252,4.5016713
homosalate,CC1CC(CC(C1)(C)C)OC(=O)C2=CC=CC=C2O,NIHOVCAR3,4.1227403,3.2560222,4.260885,5.1636653,2.9895816,4.9435463
SB-525334,CC1=NC(=CC=C1)C2=C(N=C(N2)C(C)(C)C)C3=CC4=NC=CN=C4C=C3,NIHOVCAR3,4.394384,3.6332343,4.0436287,4.880244,4.67691,4.7379045
embelin,CCCCCCCCCCCC1=C(C(=O)C=C(C1=O)O)O,NIHOVCAR3,2.9980314,2.001805,3.2544882,4.48047,1.2744106,3.978984
SKF-96365,COC1=CC=C(C=C1)CCCOC(CN2C=CN=C2)C3=CC=C(C=C3)OC.Cl,NIHOVCAR3,6.148918,5.382259,6.1632543,7.1685004,5.397709,6.632868
ouabain,CC1C(C(C(C(O1)OC2CC(C3(C4C(CCC3(C2)O)C5(CCC(C5(CC4O)C)C6=CC(=O)OC6)O)CO)O)O)O)O,NIHOVCAR3,3.439762,1.8707402,3.6605654,4.016554,3.5384712,4.112481
taurine,C(CS(=O)(=O)O)N,NIHOVCAR3,5.9393244,5.71998,6.1836185,6.019897,5.5685363,6.204589
anastrozole,CC(C)(C#N)C1=CC(=CC(=C1)CN2C=NC=N2)C(C)(C)C#N,NIHOVCAR3,4.297462,1.2250683,4.7750845,5.7663093,4.4475956,5.273253
isoetharine,CCC(C(C1=CC(=C(C=C1)O)O)O)NC(C)C,NIHOVCAR3,3.714291,3.1766121,3.4067671,4.4029016,3.5823827,4.002793
thiostrepton,CCC(C)C1C(=O)NC(C(=O)NC(=C)C(=O)NC(C(=O)NC23CCC(=NC2C4=CSC(=N4)C(C(OC(=O)C5=NC6=C(C=CC(C6O)N1)C(=C5)C(C)O)C)NC(=O)C7=CSC(=N7)C(NC(=O)C8CSC(=N8)C(=CC)NC(=O)C(NC(=O)C9=CSC3=N9)C(C)O)C(C)(C(C)O)O)C1=NC(=CS1)C(=O)NC(=C)C(=O)NC(=C)C(=O)N)C)C,NIHOVCAR3,3.446064,2.4487321,3.430334,4.3074336,3.013977,4.029842
GSK256066,CC1=CC(=CC2=C(C(=CN=C12)C(=O)N)NC3=CC(=CC=C3)OC)S(=O)(=O)C4=CC=CC(=C4)C(=O)N(C)C,NIHOVCAR3,4.676225,3.7823884,4.635928,5.2113996,4.8214607,4.9299498
radezolid,CC(=O)NCC1CN(C(=O)O1)C2=CC(=C(C=C2)C3=CC=C(C=C3)CNCC4=NNN=C4)F,NIHOVCAR3,5.888952,4.4861937,6.115737,6.992481,5.207281,6.6430655
BMS-707035,CN1C(=O)C(=C(N=C1N2CCCCS2(=O)=O)C(=O)NCC3=CC=C(C=C3)F)O,NIHOVCAR3,6.323195,4.3720627,6.8861885,7.598108,5.647481,7.112132
AT-7519,C1CNCCC1NC(=O)C2=C(C=NN2)NC(=O)C3=C(C=CC=C3Cl)Cl,NIHOVCAR3,3.3174927,1.4376976,3.7403305,4.8265424,2.3786368,4.2042556
AT-9283,C1CC1NC(=O)NC2=C(NN=C2)C3=NC4=C(N3)C=C(C=C4)CN5CCOCC5,NIHOVCAR3,4.418086,3.5611234,4.3661003,5.0025625,4.546802,4.6138396
R547,COC1=C(C(=C(C=C1)F)F)C(=O)C2=CN=C(N=C2N)NC3CCN(CC3)S(=O)(=O)C,NIHOVCAR3,4.3848467,4.739817,3.8581655,4.543121,4.551681,4.231448
tacedinaline,CC(=O)NC1=CC=C(C=C1)C(=O)NC2=CC=CC=C2N,NIHOVCAR3,6.0275507,5.444756,6.0308857,6.7657437,5.5422215,6.354147
sobetirome,CC1=CC(=CC(=C1CC2=CC(=C(C=C2)O)C(C)C)C)OCC(=O)O,NIHOVCAR3,3.3906758,3.129245,3.1016636,4.319367,2.4426608,3.9604409
CX-4945,C1=CC(=CC(=C1)Cl)NC2=NC3=C(C=CC(=C3)C(=O)O)C4=C2C=CN=C4,NIHOVCAR3,5.4685774,3.9345624,5.806878,6.3450866,5.150344,6.106017
semaxanib,CC1=CC(=C(N1)C=C2C3=CC=CC=C3NC2=O)C,NIHOVCAR3,3.7329159,2.210987,3.4539013,5.2263165,3.159534,4.6138396
AVN-944,CCC(CC#N)OC(=O)NC(C)C1=CC(=CC=C1)NC(=O)NC2=CC(=C(C=C2)C3=CN=CO3)OC,NIHOVCAR3,4.0741363,3.5123627,3.932492,4.9339447,3.5157027,4.476178
SB-242235,COC1=NC=CC(=N1)C2=C(N=CN2C3CCNCC3)C4=CC=C(C=C4)F,NIHOVCAR3,6.20383,3.4496706,6.916735,7.6339087,5.44783,7.5710025
forskolin,CC(=O)OC1C(C2C(CCC(C2(C3(C1(OC(CC3=O)(C)C=C)C)O)C)O)(C)C)O,NIHOVCAR3,0.8796719,-0.19948366,2.2045858,2.5871055,-2.8887606,2.6949122
AST-1306,C=CC(=O)NC1=CC2=C(C=C1)N=CN=C2NC3=CC(=C(C=C3)OCC4=CC(=CC=C4)F)Cl,NIHOVCAR3,4.7874784,3.8648162,4.6189575,5.518688,5.045766,4.8891616
fdcyd,C1C(C(OC1N2C=C(C(=NC2=O)N)F)CO)O,NIHOVCAR3,7.2319016,6.4409266,8.301511,7.9024143,5.763505,7.7511516
odanacatib,CC(C)(CC(C(=O)NC1(CC1)C#N)NC(C2=CC=C(C=C2)C3=CC=C(C=C3)S(=O)(=O)C)C(F)(F)F)F,NIHOVCAR3,4.678672,3.5611234,4.6393223,5.4411206,4.672287,5.079508
bardoxolone,CC1(CCC2(CCC3(C(C2C1)C(=O)C=C4C3(CCC5C4(C=C(C(=O)C5(C)C)C#N)C)C)C)C(=O)O)C,NIHOVCAR3,2.4735131,1.5595329,3.1909766,3.4807928,0.72632205,3.409942
serdemetan,C1=CC=C2C(=C1)C(=CN2)CCNC3=CC=C(C=C3)NC4=CC=NC=C4,NIHOVCAR3,4.73018,4.062642,4.6121693,5.2800174,4.885088,4.8109837
telotristat-ethyl,CCOC(=O)C(CC1=CC=C(C=C1)C2=CC(=NC(=N2)N)OC(C3=C(C=C(C=C3)Cl)N4C=CC(=N4)C)C(F)(F)F)N,NIHOVCAR3,4.2316403,1.370693,4.635928,5.611173,4.4541006,5.0863056
CUDC-101,COC1=C(C=C2C(=C1)N=CN=C2NC3=CC=CC(=C3)C#C)OCCCCCCC(=O)NO,NIHOVCAR3,4.3806324,3.4566364,4.1624565,5.0860977,4.7149935,4.482977
resminostat,CN(C)CC1=CC=C(C=C1)S(=O)(=O)N2C=CC(=C2)C=CC(=O)NO,NIHOVCAR3,6.0363946,4.800687,6.3058047,6.9536967,5.4243364,6.6974497
hypericin,CC1=CC(=O)C2=C(C3=C(C=C(C4=C3C5=C2C1=C6C(=CC(=O)C7=C(C8=C(C=C(C4=C8C5=C67)O)O)O)C)O)O)O,NIHOVCAR3,1.6588402,0.8953524,2.1022673,2.4984846,0.20952204,2.5885746
acivicin,C1C(ON=C1Cl)C(C(=O)O)N,NIHOVCAR3,4.3391542,2.766328,4.6121693,5.268084,4.7463617,4.302828
MK-2206,C1CC(C1)(C2=CC=C(C=C2)C3=C(C=C4C(=N3)C=CN5C4=NNC5=O)C6=CC=CC=C6)N,NIHOVCAR3,3.879004,1.963433,4.09797,4.9488616,3.830399,4.554356
cyt387,C1COCCN1C2=CC=C(C=C2)NC3=NC=CC(=N3)C4=CC=C(C=C4)C(=O)NCC#N,NIHOVCAR3,5.861032,3.9789467,6.200589,7.0193315,5.5482016,6.5580893
MRS-1220,C1=CC=C(C=C1)CC(=O)NC2=NC3=C(C=C(C=C3)Cl)C4=NC(=NN42)C5=CC=CO5,NIHOVCAR3,4.3005605,3.5513709,3.8799195,4.707207,4.978199,4.386104
bucladesine,CCCC(=O)NC1=C2C(=NC=N1)N(C=N2)C3C(C4C(O3)COP(=O)(O4)O)OC(=O)CCC,NIHOVCAR3,-0.73360074,0.11296278,-1.7015809,0.25424397,-1.0582025,-1.275427
zolantidine,C1CCN(CC1)CC2=CC(=CC=C2)OCCCNC3=NC4=CC=CC=C4S3,NIHOVCAR3,4.947151,3.9928958,4.924423,5.8856444,4.4963856,5.436407
AM-404,CCCCCC=CCC=CCC=CCC=CCCCC(=O)NC1=CC=C(C=C1)O,NIHOVCAR3,5.0813346,4.3492365,4.853148,5.4441037,5.3237786,5.436407
CGP-54626,CC(C1=CC(=C(C=C1)Cl)Cl)NCC(CP(=O)(CC2CCCCC2)O)O.Cl,NIHOVCAR3,2.9092503,0.7123575,2.9230046,4.0657797,3.2473564,3.5977533
AT7867,C1CNCCC1(C2=CC=C(C=C2)C3=CNN=C3)C4=CC=C(C=C4)Cl,NIHOVCAR3,6.1744366,6.022475,6.0308857,6.488289,5.7826424,6.547892
SCS,C1=CC=C(C(=C1)C=NNC(=O)C2=CC=CC=C2O)O,NIHOVCAR3,3.5676105,3.8673522,2.844594,4.194065,3.4099908,3.5220516
clobutinol,CC(CN(C)C)C(C)(CC1=CC=C(C=C1)Cl)O,NIHOVCAR3,1.8005183,-0.10136151,2.0294383,3.1916783,0.9025448,2.9802916
dimethisoquin,CCCCC1=CC2=CC=CC=C2C(=N1)OCCN(C)C,NIHOVCAR3,4.5278497,3.4357393,4.450952,5.429187,4.2540607,5.06931
nitarsone,C1=CC(=CC=C1[N+](=O)[O-])[As](=O)(O)O,NIHOVCAR3,4.80473,5.0857906,4.2218523,5.0652137,5.2459955,4.4047985
lomefloxacin,CCN1C=C(C(=O)C2=CC(=C(C(=C21)F)N3CCNC(C3)C)F)C(=O)O,NIHOVCAR3,3.9995568,4.0334754,3.9668183,4.208982,3.4652863,4.323222
eprinomectin,CC1C=CC=C2COC3C2(C(C=C(C3O)C)C(=O)OC4CC(CC=C(C1OC5CC(C(C(O5)C)OC6CC(C(C(O6)C)NC(=O)C)OC)OC)C)OC7(C4)C=CC(C(O7)C(C)C)C)O,NIHOVCAR3,-1.9546839,-2.2330925,-1.9941692,-1.0699586,-3.029739,-1.4464598
defactinib,CNC(=O)C1=CC=C(C=C1)NC2=NC=C(C(=N2)NCC3=NC=CN=C3N(C)S(=O)(=O)C)C(F)(F)F,NIHOVCAR3,3.2258353,2.4508853,3.067032,3.8343663,3.2132034,3.5636897
NMS-1286937,CN1CCN(CC1)C2=CC(=C(C=C2)OC(F)(F)F)NC3=NC=C4CCC5=C(C4=N3)N(N=C5C(=O)N)CCO,NIHOVCAR3,3.0303378,1.9127042,3.2617395,4.131414,2.1103668,3.7354648
mubritinib,C1=CC(=CC=C1CCCCN2C=CN=N2)OCC3=COC(=N3)C=CC4=CC=C(C=C4)C(F)(F)F,NIHOVCAR3,6.213599,5.582176,6.373686,7.007398,5.669011,6.435724
refametinib,COC1=CC(=C(C(=C1NS(=O)(=O)C2(CC2)CC(CO)O)NC3=C(C=C(C=C3)I)F)F)F,NIHOVCAR3,3.7027981,3.308962,3.2708037,4.009095,4.2085233,3.716606
cromakalim,CC1(C(C(C2=C(O1)C=CC(=C2)C#N)N3CCCC3=O)O)C,NIHOVCAR3,2.6853895,2.8798702,2.7370074,3.3499644,1.1722734,3.2878323
sangivamycin,C1=C(C2=C(N=CN=C2N1C3C(C(C(O3)CO)O)O)N)C(=O)N,NIHOVCAR3,2.7010522,1.5664005,3.034223,4.140364,1.1665192,3.5977533
hypoestoxide,CC(=O)OC1CC2(C(O2)CCC3(C(O3)CC4CC(=O)C(=C)C1C4(C)C)C)C,NIHOVCAR3,0.325702,-1.0301952,1.7141953,2.67219,-4.1546383,2.4269583
GDC-0980,CC1=C(SC2=C1N=C(N=C2N3CCOCC3)C4=CN=C(N=C4)N)CN5CCN(CC5)C(=O)C(C)O,NIHOVCAR3,0.857193,1.3278835,-0.20523824,1.3708124,0.7960919,0.99641514
VTP-27999,CNC(CC1CCCOC1)CNC(=O)N2CCCC(C2)C(C3=CC(=CC=C3)Cl)OCCNC(=O)OC,NIHOVCAR3,4.9006433,2.5118964,5.3113456,6.139233,4.879998,5.6607428
PFK-015,C1=CC=C2C(=C1)C=CC(=N2)C=CC(=O)C3=CC=NC=C3,NIHOVCAR3,4.2778916,3.4385254,4.164154,4.8086424,4.6311216,4.3470154
RU-58841,CC1(C(=O)N(C(=O)N1CCCCO)C2=CC(=C(C=C2)C#N)C(F)(F)F)C,NIHOVCAR3,4.09,3.7483966,3.943369,4.745991,3.4408908,4.5713515
fexinidazole,CN1C(=CN=C1COC2=CC=C(C=C2)SC)[N+](=O)[O-],NIHOVCAR3,6.212957,5.551927,6.2107716,7.1804347,5.346022,6.775628
KP-1212,C1C(C(OC1N2CN=C(NC2=O)N)CO)O,NIHOVCAR3,5.72091,5.171445,5.935852,6.088515,5.4828672,5.925868
alpelisib,CC1=C(SC(=N1)NC(=O)N2CCCC2C(=O)N)C3=CC(=NC=C3)C(C)(C)C(F)(F)F,NIHOVCAR3,3.713063,1.4406898,3.780213,4.5073204,4.598845,4.238246
imiloxan,CCN1C=CN=C1CC2COC3=CC=CC=C3O2,NIHOVCAR3,4.696199,3.6165988,4.7784786,6.109399,3.2375984,5.738921
sonidegib,CC1CN(CC(O1)C)C2=NC=C(C=C2)NC(=O)C3=CC=CC(=C3C)C4=CC=C(C=C4)OC(F)(F)F,NIHOVCAR3,3.7032516,2.1617754,3.780213,4.7519584,3.3750243,4.4472866
latrepirdine,CC1=CC2=C(C=C1)N(C3=C2CN(CC3)C)CCC4=CN=C(C=C4)C,NIHOVCAR3,3.459802,2.996895,3.4158313,4.1672144,2.803327,3.9157412
3-amino-benzamide,C1=CC(=CC(=C1)N)C(=O)N,NIHOVCAR3,4.7227616,4.3568454,4.5001655,5.3784695,4.7236986,4.6546283
epothilone-d,CC1CCCC(=CCC(OC(=O)CC(C(C(=O)C(C1O)C)(C)C)O)C(=CC2=CSC(=N2)C)C)C,NIHOVCAR3,1.7019104,0.5149857,2.3600993,3.5339842,-0.96973145,3.0702145
golvatinib,CN1CCN(CC1)C2CCN(CC2)C(=O)NC3=NC=CC(=C3)OC4=CC(=C(C=C4)NC(=O)C5(CC5)C(=O)NC6=CC=C(C=C6)F)F,NIHOVCAR3,3.186646,-0.5133051,4.0127544,4.513287,3.6669521,4.2535415
AVL-292,COCCOC1=CC=C(C=C1)NC2=NC=C(C(=N2)NC3=CC(=CC=C3)NC(=O)C=C)F,NIHOVCAR3,3.726572,2.4437077,3.5409176,4.5252204,3.962946,4.160068
mocetinostat,C1=CC=C(C(=C1)N)NC(=O)C2=CC=C(C=C2)CNC3=NC=CC(=N3)C4=CN=CC=C4,NIHOVCAR3,4.357952,4.265541,3.9614213,4.9548283,4.138591,4.4693804
k-strophanthidin,CC12CCC3C(C1(CCC2C4=CC(=O)OC4)O)CCC5(C3(CCC(C5)O)C=O)O,NIHOVCAR3,2.3132153,-0.31064808,2.419523,3.3499644,2.9090781,3.1981585
JNJ-26481585,CN1C=C(C2=CC=CC=C21)CNCC3CCN(CC3)C4=NC=C(C=N4)C(=O)NO,NIHOVCAR3,6.1985726,5.0213203,6.662181,6.891046,5.578105,6.840209
MLN-8054,C1C2=CN=C(N=C2C3=C(C=C(C=C3)Cl)C(=N1)C4=C(C=CC=C4F)F)NC5=CC=C(C=C5)C(=O)O,NIHOVCAR3,2.547683,1.204999,2.5893033,3.099614,3.0269876,2.8175101
NVP-BEZ235,CC(C)(C#N)C1=CC=C(C=C1)N2C3=C4C=C(C=CC4=NC=C3N(C2=O)C)C5=CC6=CC=CC=C6N=C5,NIHOVCAR3,0.44752583,-0.065795064,-0.22236626,1.9504206,-1.3631757,1.9385456
MLN0128,CC(C)N1C2=NC=NC(=C2C(=N1)C3=CC4=C(C=C3)OC(=N4)N)N,NIHOVCAR3,3.9122596,3.1153133,3.3759491,4.0657797,5.092245,3.912012
obatoclax,CC1=CC(=C(N1)C=C2C(=CC(=C3C=C4C=CC=CC4=N3)N2)OC)C,NIHOVCAR3,6.4454904,4.8387303,7.0423155,7.4787726,5.6977177,7.1699157
BMS-599626,CC1=C2C(=NC=NN2C=C1NC(=O)OCC3COCCN3)NC4=CC5=C(C=C4)N(N=C5)CC6=CC(=CC=C6)F,NIHOVCAR3,1.2492306,-0.18634567,1.5304017,2.0666983,0.9586483,1.8767508
PF-03814735,CC(=O)NCC(=O)N1C2CCC1C3=C2C=CC(=C3)NC4=NC=C(C(=N4)NC5CCC5)C(F)(F)F,NIHOVCAR3,6.2941585,3.5791695,7.2459583,7.5623074,5.7706814,7.3126755
narlaprevir,CCCCC(C(=O)C(=O)NC1CC1)NC(=O)C2C3C(C3(C)C)CN2C(=O)C(C(C)(C)C)NC(=O)NC4(CCCCC4)CS(=O)(=O)C(C)(C)C,NIHOVCAR3,-1.1864116,-0.68785787,-1.247118,0.781615,-3.7069206,-1.0717767
Y-39983,CC(C1=CC=C(C=C1)C(=O)NC2=C3C=CNC3=NC=C2)N.Cl,NIHOVCAR3,5.7019258,4.689092,5.983369,6.5330396,5.3000803,6.0040464
volasertib,CCC1C(=O)N(C2=CN=C(N=C2N1C(C)C)NC3=C(C=C(C=C3)C(=O)NC4CCC(CC4)N5CCN(CC5)CC6CC6)OC)C,NIHOVCAR3,2.3497272,0.22397614,2.5254695,3.1722963,2.9533954,2.8734994
AZD5438,CC1=NC=C(N1C(C)C)C2=NC(=NC=C2)NC3=CC=C(C=C3)S(=O)(=O)C,NIHOVCAR3,4.0801077,3.2880647,3.700448,4.713174,4.460606,4.238246
AP26113,CN(C)C1CCN(CC1)C2=CC(=C(C=C2)NC3=NC=C(C(=N3)NC4=CC=CC=C4P(=O)(C)C)Cl)OC,NIHOVCAR3,2.8983326,-0.73479944,3.5499818,4.49837,3.0180426,4.160068
PHA-848125,CC1(CC2=CN=C(N=C2C3=C1C(=NN3C)C(=O)NC)NC4=CC=C(C=C4)N5CCN(CC5)C)C,NIHOVCAR3,1.0705884,-2.311722,1.5532926,2.2684376,1.6269622,2.215971
picolinic-acid,C1=CC=NC(=C1)C(=O)O,NIHOVCAR3,5.9558883,5.521417,5.9596105,6.7955775,5.556575,5.946262
GDC-0152,CC(C(=O)NC(C1CCCCC1)C(=O)N2CCCC2C(=O)NC3=C(N=NS3)C4=CC=CC=C4)NC,NIHOVCAR3,4.8136864,3.7497172,4.8056307,5.4411206,5.043442,5.0285225
navitoclax,CC1(CCC(=C(C1)CN2CCN(CC2)C3=CC=C(C=C3)C(=O)NS(=O)(=O)C4=CC(=C(C=C4)NC(CCN5CCOCC5)CSC6=CC=CC=C6)S(=O)(=O)C(F)(F)F)C7=CC=C(C=C7)Cl)C,NIHOVCAR3,3.2626922,2.4817498,3.3378792,3.8629076,2.9973068,3.633619
12-O-tetradecanoylphorbol-13-acetate,CCCCCCCCCCCCCC(=O)OC1C(C2(C(C=C(CC3(C2C=C(C3=O)C)O)CO)C4C1(C4(C)C)OC(=O)C)O)C,NIHOVCAR3,-2.552354,-1.0626087,-2.605694,-2.5694778,-4.2389717,-2.2850184
adarotene,C1C2CC3CC1CC(C2)(C3)C4=C(C=CC(=C4)C5=CC=C(C=C5)C=CC(=O)O)O,NIHOVCAR3,6.4605055,4.1184397,7.503907,7.5086064,5.5529866,7.6185894
XL888,CCC(C)NC1=C(C=C(C(=C1)C(=O)NC2CC3CCC(C2)N3C4=NC=C(C=C4)C(=O)C5CC5)C)C(=O)N,NIHOVCAR3,4.426837,3.1766121,4.3270683,5.1039977,4.9092665,4.6172385
ENMD-2076,CC1=CC(=NN1)NC2=CC(=NC(=N2)C=CC3=CC=CC=C3)N4CCN(CC4)C,NIHOVCAR3,3.9674706,2.7308023,3.7512076,4.49837,4.6102295,4.2467437
SGI-1776,CN1CCC(CC1)CNC2=NN3C(=NC=C3C4=CC(=CC=C4)OC(F)(F)F)C=C2,NIHOVCAR3,4.779855,4.8412666,4.3813734,4.9249945,5.056224,4.6954165
RG2833,CC1=CC=C(C=C1)C(=O)NCCCCCC(=O)NC2=CC=CC=C2N,NIHOVCAR3,6.078585,5.129705,6.322775,6.914913,5.5422215,6.4833107
PF-04691502,CC1=C2C=C(C(=O)N(C2=NC(=N1)N)C3CCC(CC3)OCCO)C4=CN=C(C=C4)OC,NIHOVCAR3,4.0880985,3.5930324,3.8799195,4.328317,4.463859,4.1753635
CYC116,CC1=C(SC(=N1)N)C2=NC(=NC=C2)NC3=CC=C(C=C3)N4CCOCC4,NIHOVCAR3,4.059362,1.9574649,4.02484,5.038363,4.7897673,4.486376
ADL5859,CCN(CC)C(=O)C1=CC=C(C=C1)C2=CC3(CCNCC3)OC4=CC=CC(=C42)O,NIHOVCAR3,5.828769,4.2997804,6.166648,6.7478433,5.293309,6.636267
mericitabine,CC(C)C(=O)OCC1C(C(C(O1)N2C=CC(=NC2=O)N)(C)F)OC(=O)C(C)C,NIHOVCAR3,5.604581,3.6415324,6.251499,6.530056,5.306851,6.292964
KX2-391,C1COCCN1CCOC2=CC=C(C=C2)C3=CN=C(C=C3)CC(=O)NCC4=CC=CC=C4,NIHOVCAR3,5.0049644,4.7296724,4.4730134,5.4858713,5.1921754,5.144089
SNS-314,C1=CC(=CC(=C1)Cl)NC(=O)NC2=NC=C(S2)CCNC3=NC=NC4=C3SC=C4,NIHOVCAR3,3.946822,2.893105,4.053836,4.844443,3.6449966,4.297729
barasertib-HQPA,CCN(CCCOC1=CC2=C(C=C1)C(=NC=N2)NC3=NNC(=C3)CC(=O)NC4=CC(=CC=C4)F)CCO,NIHOVCAR3,3.442805,1.0214467,3.604367,4.5073204,3.9548144,4.1260777
AZD9668,CC1=C(C=C(C(=O)N1C2=CC=CC(=C2)C(F)(F)F)C(=O)NCC3=NC=C(C=C3)S(=O)(=O)C)C4=CC=NN4C,NIHOVCAR3,5.103463,4.218621,5.100914,5.825977,4.9659877,5.4058156
filanesib,CN(C(=O)N1C(SC(=N1)C2=C(C=CC(=C2)F)F)(CCCN)C3=CC=CC=C3)OC,NIHOVCAR3,6.5313964,4.6256866,7.0423155,7.6339087,5.6379113,7.7171607
AZD8055,CC1COCCN1C2=NC(=NC3=C2C=CC(=N3)C4=CC(=C(C=C4)OC)CO)N5CCOCC5C,NIHOVCAR3,4.236762,0.8411658,4.764902,5.5037713,4.987667,5.0863056
PF-477736,CN1C=C(C=N1)C2=C3C=NNC(=O)C4=C3C(=CC(=C4)NC(=O)C(C5CCCCC5)N)N2,NIHOVCAR3,2.6299994,1.6351557,2.8828876,3.639897,1.6450768,3.346979
FG-4592,CC1=C2C=C(C=CC2=C(C(=N1)C(=O)NCC(=O)O)O)OC3=CC=CC=C3,NIHOVCAR3,5.9493895,4.361918,6.3804736,6.8731456,5.5733204,6.5580893
tandutinib,CC(C)OC1=CC=C(C=C1)NC(=O)N2CCN(CC2)C3=NC=NC4=CC(=C(C=C43)OC)OCCCN5CCCCC5,NIHOVCAR3,4.8504314,3.5207217,4.870118,5.5395722,5.109675,5.2120705
peruvoside,CC1C(C(C(C(O1)OC2CCC3(C(C2)CCC4C3CCC5(C4(CCC5C6=CC(=O)OC6)O)C)C=O)O)OC)O,NIHOVCAR3,3.8546517,2.9258444,3.8200955,4.361135,3.834465,4.3317194
GSK2110183,CN1C(=C(C=N1)Cl)C2=C(SC(=C2)C(=O)NC(CC3=CC(=CC=C3)F)CN)Cl,NIHOVCAR3,4.106149,2.1033585,4.39495,5.077147,4.200392,4.7549
voreloxin,CNC1CN(CC1OC)C2=NC3=C(C=C2)C(=O)C(=CN3C4=NC=CS4)C(=O)O,NIHOVCAR3,4.6467867,3.9168088,4.2710667,5.1845493,5.145696,4.715811
tanshinone-i,CC1=C2C=CC3=C(C2=CC=C1)C(=O)C(=O)C4=C3OC=C4C,NIHOVCAR3,3.3276215,2.6264079,3.491971,4.4536195,1.9213362,4.144772
GW-501516,CC1=C(C=CC(=C1)SCC2=C(N=C(S2)C3=CC=C(C=C3)C(F)(F)F)C)OCC(=O)O,NIHOVCAR3,5.340909,4.5064836,5.253647,6.3450866,4.9079933,5.6913347
asymmetrical-dimethylarginine,CN(C)C(=NCCCC(C(=O)O)N)N,NIHOVCAR3,5.454811,4.394889,5.5353537,6.0377975,5.4243364,5.8816805
OSI-930,C1=CC=C2C(=C1)C(=CC=N2)CNC3=C(SC=C3)C(=O)NC4=CC=C(C=C4)OC(F)(F)F,NIHOVCAR3,5.641161,5.028305,5.6643276,6.3450866,5.3475885,5.820498
bardoxolone-methyl,CC1(CCC2(CCC3(C(C2C1)C(=O)C=C4C3(CCC5C4(C=C(C(=O)C5(C)C)C#N)C)C)C)C(=O)OC)C,NIHOVCAR3,2.4746265,1.4353449,3.2345471,3.5532882,0.6867619,3.4631898
exatecan-mesylate,CCC1(C2=C(COC1=O)C(=O)N3CC4=C5C(CCC6=C5C(=CC(=C6C)F)N=C4C3=C2)N)O,NIHOVCAR3,4.0295763,2.975998,4.328766,4.5282044,3.796246,4.5186663
barasertib,CCN(CCCOC1=CC2=C(C=C1)C(=NC=N2)NC3=NNC(=C3)CC(=O)NC4=CC(=CC=C4)F)CCOP(=O)(O)O,NIHOVCAR3,3.0606275,0.64465606,3.3016222,4.2537327,3.2961469,3.8069804
pevonedistat,C1CC2=CC=CC=C2C1NC3=C4C=CN(C4=NC=N3)C5CC(C(C5)O)COS(=O)(=O)N,NIHOVCAR3,2.674896,2.2511601,2.3271875,2.8804512,3.033493,2.8821876
epothilone-b,CC1CCCC2(C(O2)CC(OC(=O)CC(C(C(=O)C(C1O)C)(C)C)O)C(=CC3=CSC(=N3)C)C)C,NIHOVCAR3,1.060786,-0.54316896,2.1879969,3.0087788,-1.8695463,2.5198703
AT13387,CC(C)C1=CC(=C(C=C1O)O)C(=O)N2CC3=C(C2)C=C(C=C3)CN4CCN(CC4)C,NIHOVCAR3,4.6999173,3.1362107,4.995698,5.8229938,4.09468,5.4500027
CGS-20625,COC1=CC=C(C=C1)N2C(=O)C3=CN=C4CCCCCC4=C3N2,NIHOVCAR3,6.208998,4.6053963,6.8047314,7.073033,5.5924587,6.9693727
ZK-93426,CCOC(=O)C1=NC=C2C(=C1C)C3=C(N2)C=CC=C3OC(C)C,NIHOVCAR3,2.308491,0.5011713,2.4633758,3.6494837,1.7245413,3.2038825
entinostat,C1=CC=C(C(=C1)N)NC(=O)C2=CC=C(C=C2)CNC(=O)OCC3=CN=CC=C3,NIHOVCAR3,3.4165483,3.6908758,2.8135943,3.9360025,3.139205,3.503064
PF-04217903,C1=CC2=C(C=CC(=C2)CN3C4=NC(=CN=C4N=N3)C5=CN(N=C5)CCO)N=C1,NIHOVCAR3,2.6154547,1.7567306,2.47799,2.9649198,2.8495107,3.028123
rucinol,CCCCC1=C(C=C(C=C1)O)O,NIHOVCAR3,4.7415433,5.3131504,3.9361176,4.8862104,4.954998,4.6172385
HMN-214,CC(=O)N(C1=CC=CC=C1C=CC2=CC=[N+](C=C2)[O-])S(=O)(=O)C3=CC=C(C=C3)OC,NIHOVCAR3,2.010992,3.201689,-0.25415385,2.2188919,3.100986,1.7875485
delanzomib,B(C(CC(C)C)NC(=O)C(C(C)O)NC(=O)C1=CC=CC(=N1)C2=CC=CC=C2)(O)O,NIHOVCAR3,0.9017146,0.08988592,1.9363277,3.3321974,-3.839696,2.9898582
CP-724714,CC1=NC=C(C=C1)OC2=C(C=C(C=C2)NC3=NC=NC4=C3C=C(C=C4)C=CCNC(=O)COC)C,NIHOVCAR3,4.3298516,2.6158211,4.4730134,5.4023366,4.1125693,5.0455174
lonafarnib,C1CN(CCC1CC(=O)N2CCC(CC2)C3C4=C(CCC5=C3N=CC(=C5)Br)C=C(C=C4Br)Cl)C(=O)N,NIHOVCAR3,7.0955367,5.3893,8.084291,8.236553,5.5031357,8.264406
quizartinib,CC(C)(C)C1=CC(=NO1)NC(=O)NC2=CC=C(C=C2)C3=CN4C5=C(C=C(C=C5)OCCN6CCOCC6)SC4=N3,NIHOVCAR3,4.072566,2.7823493,4.125122,4.9249945,4.0881743,4.4421883
isofloxythepin,CC(C)C1=CC2=C(C=C1)SC3=C(CC2N4CCN(CC4)CCO)C=CC(=C3)F,NIHOVCAR3,5.7143064,4.146338,6.1327076,6.6881757,5.154992,6.44932
birinapant,CCC(C(=O)N1CC(CC1CC2=C(NC3=C2C=CC(=C3)F)C4=C(C5=C(N4)C=C(C=C5)F)CC6CC(CN6C(=O)C(CC)NC(=O)C(C)NC)O)O)NC(=O)C(C)NC,NIHOVCAR3,1.6961682,0.19738503,2.233938,2.8284705,0.45083928,2.7702086
AZD5363,C1CN(CCC1(C(=O)NC(CCO)C2=CC=C(C=C2)Cl)N)C3=NC=NC4=C3C=CN4,NIHOVCAR3,4.1791267,2.6806488,4.405132,5.214383,3.6043382,4.9911327
AZD4547,CC1CN(CC(N1)C)C2=CC=C(C=C2)C(=O)NC3=NNC(=C3)CCC4=CC(=CC(=C4)OC)OC,NIHOVCAR3,4.035008,2.0702922,4.4339814,5.1994658,3.5311527,4.9401474
teroxirone,C1C(O1)CN2C(=O)N(C(=O)N(C2=O)CC3CO3)CC4CO4,NIHOVCAR3,-4.574271,-4.203391,-4.697104,-5.482532,-3.1477003,-5.3406305
PF-03758309,CC1=NC2=C(C(=N1)NC3=NNC4=C3CN(C4(C)C)C(=O)NC(CN(C)C)C5=CC=CC=C5)SC=C2,NIHOVCAR3,3.0469813,1.3200433,3.3378792,3.8897598,2.972505,3.71472
LGX818,CC(C)N1C=C(C(=N1)C2=C(C(=CC(=C2)Cl)NS(=O)(=O)C)F)C3=NC(=NC=C3)NCC(C)NC(=O)OC,NIHOVCAR3,5.4353952,4.0309396,5.6100225,6.3092856,5.188689,6.0380363
linifanib,CC1=CC(=C(C=C1)F)NC(=O)NC2=CC=C(C=C2)C3=C4C(=CC=C3)NN=C4N,NIHOVCAR3,4.3828974,4.189454,4.062332,4.7907424,4.2394238,4.6325345
BVD-523,CC(C)NC1=NC=C(C(=C1)C2=CNC(=C2)C(=O)NC(CO)C3=CC(=CC=C3)Cl)Cl,NIHOVCAR3,3.5005155,3.1710396,3.0105278,3.8629076,4.0214944,3.4366071
BMS-754807,CC1(CCCN1C2=NN3C=CC=C3C(=N2)NC4=NNC(=C4)C5CC5)C(=O)NC6=CN=C(C=C6)F,NIHOVCAR3,2.6752887,0.96338636,2.4953434,2.7601838,4.12558,3.0319495
vatalanib,C1=CC=C2C(=C1)C(=NN=C2NC3=CC=C(C=C3)Cl)CC4=CC=NC=C4,NIHOVCAR3,4.505968,3.8052144,4.311795,5.1636653,4.7236986,4.5254645
GW-842166,C1COCCC1CNC(=O)C2=CN=C(N=C2C(F)(F)F)NC3=C(C=C(C=C3)Cl)Cl,NIHOVCAR3,3.3955483,3.3075688,2.9868271,4.0135703,3.087162,3.582614
KD-023,CCCCCCCCCCCCCCOC1=CC=C(O1)C(=O)O,NIHOVCAR3,4.8982077,3.800142,4.9379992,5.927412,4.463859,5.3616276
KD025,CC(C)NC(=O)COC1=CC=CC(=C1)C2=NC3=CC=CC=C3C(=N2)NC4=CC5=C(C=C4)NN=C5,NIHOVCAR3,3.293361,2.6292312,2.9011223,3.7309432,3.6702046,3.5353034
TAK-733,CN1C2=C(C(=C(C1=O)F)NC3=C(C=C(C=C3)I)F)C(=O)N(C=N2)CC(CO)O,NIHOVCAR3,2.086645,1.6243975,1.7650394,1.8489815,3.4815493,1.7132565
WP1066,CC(C1=CC=CC=C1)NC(=O)C(=CC2=NC(=CC=C2)Br)C#N,NIHOVCAR3,4.2992415,4.0220623,3.8454754,5.1427817,3.94343,4.5424595
SB-939,CCCCC1=NC2=C(N1CCN(CC)CC)C=CC(=C2)C=CC(=O)NO,NIHOVCAR3,4.8571067,3.1612875,4.944787,5.9363627,4.398805,5.844291
MK-5108,C1CC(CCC1OC2=C(C(=CC=C2)Cl)F)(CC3=NC(=CC=C3)NC4=NC=CS4)C(=O)O,NIHOVCAR3,6.134542,4.9240294,6.587511,6.9417634,5.5219574,6.6974497
YM-155,CC1=[N+](C2=C(N1CCOC)C(=O)C3=CC=CC=C3C2=O)CC4=NC=CN=C4.[Br-],NIHOVCAR3,-2.7495039,-3.5391798,-3.1872585,-0.7445277,-4.267083,-2.0094702
zaldaride,CC1(C2=CC=CN2C3=CC=CC=C3CO1)CN4CCC(CC4)N5C6=CC=CC=C6NC5=O,NIHOVCAR3,-1.6292595,-1.0811307,-2.188819,-1.3408992,-2.1220121,-1.413436
LY2784544,CC1=CC(=NN1)NC2=NN3C(=C(N=C3C(=C2)CN4CCOCC4)C)CC5=C(C=C(C=C5)Cl)F,NIHOVCAR3,3.7656531,3.0985954,3.3324406,4.1224637,4.450848,3.8239186
FK-866,C1CN(CCC1CCCCNC(=O)C=CC2=CN=CC=C2)C(=O)C3=CC=CC=C3,NIHOVCAR3,4.2467065,3.9193451,3.8074062,5.130848,3.762093,4.6138396
alvocidib,CN1CCC(C(C1)O)C2=C(C=C(C3=C2OC(=CC3=O)C4=CC=CC=C4Cl)O)O,NIHOVCAR3,2.9848428,2.911216,2.5893033,3.6766462,2.291452,3.4555948
uprosertib,CN1C(=C(C=N1)Cl)C2=C(OC(=C2)C(=O)NC(CC3=CC(=C(C=C3)F)F)CN)Cl,NIHOVCAR3,3.9182823,2.9613698,3.7874646,4.4148355,4.2914667,4.1362743
crenolanib,CC1(COC1)COC2=CC3=C(C=C2)N(C=N3)C4=NC5=C(C=CC=C5N6CCC(CC6)N)C=C4,NIHOVCAR3,2.7117622,2.4279165,2.7060077,3.1739116,2.2113724,3.0396025
marimastat,CC(C)CC(C(C(=O)NO)O)C(=O)NC(C(=O)NC)C(C)(C)C,NIHOVCAR3,4.273627,3.4649956,4.1353045,4.743008,4.5435495,4.4812775
bitopertin,CC(C(F)(F)F)OC1=C(C=C(C=C1)S(=O)(=O)C)C(=O)N2CCN(CC2)C3=C(C=C(C=N3)C(F)(F)F)F,NIHOVCAR3,5.755336,4.9508314,5.806878,6.536023,5.4958973,5.987051
warfarin,CC(=O)CC(C1=CC=CC=C1)C2=C(C3=CC=CC=C3OC2=O)O,NIHOVCAR3,3.4359736,2.1966786,3.3070607,4.581905,2.8899684,4.2042556
halofuginone,C1CC(C(NC1)CC(=O)CN2C=NC3=CC(=C(C=C3C2=O)Cl)Br)O,NIHOVCAR3,1.7042398,3.1612875,-0.8143064,1.6452299,2.766395,1.7625934
brilliant-green,CCN(CC)C1=CC=C(C=C1)C(=C2C=CC(=[N+](CC)CC)C=C2)C3=CC=CC=C3,NIHOVCAR3,5.735086,3.9168088,6.1123433,6.971597,4.9194465,6.755234
chlorpyrifos,CCOP(=S)(OCC)OC1=NC(=C(C=C1Cl)Cl)Cl,NIHOVCAR3,4.1710496,1.3572395,4.3847675,5.408303,4.9194465,4.785491
carvedilol,COC1=CC=CC=C1OCCNCC(COC2=CC=CC3=C2C4=CC=CC=C4N3)O,NIHOVCAR3,2.8435159,2.477443,1.9916409,3.264361,3.3603873,3.1237478
estradiol,CC12CCC3C(C1CCC2O)CCC4=C3C=CC(=C4)O,NIHOVCAR3,7.7849226,5.6460366,9.699863,9.0182,5.272996,9.287517
7-aminocephalosporanic-acid,CC(=O)OCC1=C(N2C(C(C2=O)N)SC1)C(=O)O,NIHOVCAR3,4.6098204,2.975998,5.1416426,5.336702,4.379289,5.2154694
digoxin,CC1C(C(CC(O1)OC2C(OC(CC2O)OC3C(OC(CC3O)OC4CCC5(C(C4)CCC6C5CC(C7(C6(CCC7C8=CC(=O)OC8)O)C)O)C)C)C)O)O,NIHOVCAR3,3.3131034,2.239479,3.4285214,3.7197826,3.2619934,3.9157412
taltirelin,CN1C(=O)CC(NC1=O)C(=O)NC(CC2=CN=CN2)C(=O)N3CCCC3C(=O)N,NIHOVCAR3,4.98816,4.2351065,4.703809,5.518688,5.315315,5.167883
spironolactone,CC(=O)SC1CC2=CC(=O)CCC2(C3C1C4CCC5(C4(CC3)C)CCC(=O)O5)C,NIHOVCAR3,4.1286697,2.5910742,4.242217,4.9548283,3.8369045,5.018325
ibutilide,CCCCCCCN(CC)CCCC(C1=CC=C(C=C1)NS(=O)(=O)C)O,NIHOVCAR3,4.314041,3.3075688,4.383071,5.217366,3.7832355,4.8789644
dronedarone,CCCCC1=C(C2=C(O1)C=CC(=C2)NS(=O)(=O)C)C(=O)C3=CC=C(C=C3)OCCCN(CCCC)CCCC,NIHOVCAR3,3.9257393,3.16686,4.009281,4.820576,3.072525,4.559455
mibefradil,CC(C)C1C2=C(CCC1(CCN(C)CCCC3=NC4=CC=CC=C4N3)OC(=O)COC)C=C(C=C2)F,NIHOVCAR3,2.2278717,1.0744715,1.9215775,3.0979989,2.0344067,3.0109038
baicalin,C1=CC=C(C=C1)C2=CC(=O)C3=C(C(=C(C=C3O2)OC4C(C(C(C(O4)C(=O)O)O)O)O)O)O,NIHOVCAR3,3.507064,2.0820491,3.7929032,4.4536195,3.182303,4.0244474
trovafloxacin,C1C2C(C2N)CN1C3=C(C=C4C(=O)C(=CN(C4=N3)C5=C(C=C(C=C5)F)F)C(=O)O)F,NIHOVCAR3,3.1923888,1.9205375,3.3106863,3.9613612,3.3156629,3.453696
ramatroban,C1CC2=C(CC1NS(=O)(=O)C3=CC=C(C=C3)F)C4=CC=CC=C4N2CCC(=O)O,NIHOVCAR3,4.871585,3.5625165,4.9990926,5.7215586,4.8150983,5.259657
5-fluorouracil,C1=C(C(=O)NC(=O)N1)F,NIHOVCAR3,5.5921974,5.053685,5.569294,6.121332,5.375781,5.840892
theophylline,CN1C2=C(C(=O)N(C1=O)C)NC=N2,NIHOVCAR3,-0.03142346,-1.3252945,-1.1087645,-0.6152519,2.3377738,0.55442005
fluorometholone,CC1CC2C3CCC(C3(CC(C2(C4(C1=CC(=O)C=C4)C)F)O)C)(C(=O)C)O,NIHOVCAR3,4.0891743,1.8456249,4.5884113,5.121898,3.953188,4.936748
norethindrone-acetate,CC(=O)OC1(CCC2C1(CCC3C2CCC4=CC(=O)CCC34)C)C#C,NIHOVCAR3,3.7080846,1.9473937,4.167548,4.555055,3.4010458,4.4693804
nicotine,CN1CCCC1C2=CN=CC=C2,NIHOVCAR3,7.165399,5.7451878,7.7075505,8.755663,5.469758,8.148838
menadione,CC1=CC(=O)C2=CC=CC=C2C1=O,NIHOVCAR3,4.3268538,4.1881857,4.0572386,5.03538,3.5815697,4.7718954
racecadotril,CC(=O)SCC(CC1=CC=CC=C1)C(=O)NCC(=O)OCC2=CC=CC=C2,NIHOVCAR3,5.335724,4.4633675,5.270617,6.121332,5.264532,5.558772
torasemide,CC1=CC(=CC=C1)NC2=C(C=NC=C2)S(=O)(=O)NC(=O)NC(C)C,NIHOVCAR3,5.974501,5.0003223,6.329563,6.7478433,5.4814196,6.3133583
chlorpropamide,CCCNC(=O)NS(=O)(=O)C1=CC=C(C=C1)Cl,NIHOVCAR3,5.1952105,4.2921715,5.1857653,5.7752595,5.2014713,5.521383
iodipamide,C1=C(C(=C(C(=C1I)NC(=O)CCCCC(=O)NC2=C(C=C(C(=C2I)C(=O)O)I)I)I)C(=O)O)I,NIHOVCAR3,2.5058932,1.9910355,1.8743579,2.870705,3.135139,2.6582296
butamben,CCCCOC(=O)C1=CC=C(C=C1)N,NIHOVCAR3,4.782603,3.8318448,4.8056307,5.942329,3.771038,5.562171
terbutaline,CC(C)(C)NCC(C1=CC(=CC(=C1)O)O)O,NIHOVCAR3,5.044841,3.4831064,4.9108467,6.0377975,5.226882,5.5655704
dicycloverine,CCN(CC)CCOC(=O)C1(CCCCC1)C2CCCCC2,NIHOVCAR3,2.5367923,0.5011713,3.24905,4.235832,0.63137764,4.06653
butylscopolamine-bromide,CCCC[N+]1(C2CC(CC1C3C2O3)OC(=O)C(CO)C4=CC=CC=C4)C,NIHOVCAR3,-2.2574763,-1.2290468,-2.4240208,-1.769231,-4.25865,-1.6064333
fludarabine,C1=NC2=C(N=C(N=C2N1C3C(C(C(O3)CO)O)O)F)N,NIHOVCAR3,3.2732854,2.0250375,3.4539013,4.540138,2.414836,3.9325125
thonzonium,CCCCCCCCCCCCCCCC[N+](C)(C)CCN(CC1=CC=C(C=C1)OC)C2=NC=CC=N2,NIHOVCAR3,3.5688367,2.9732115,3.2998095,4.358151,3.073338,4.1396737
amisulpride,CCN1CCCC1CNC(=O)C2=CC(=C(C=C2OC)N)S(=O)(=O)CC,NIHOVCAR3,4.7133727,4.256664,4.5205297,5.2472005,4.445969,5.096503
sarafloxacin,C1CN(CCN1)C2=C(C=C3C(=C2)N(C=C(C3=O)C(=O)O)C4=CC=C(C=C4)F)F,NIHOVCAR3,-0.10115488,0.9819987,-0.99625397,-1.039425,-0.59139216,1.1392981
diclazuril,C1=CC(=CC=C1C(C#N)C2=C(C=C(C=C2Cl)N3C(=O)NC(=O)C=N3)Cl)Cl,NIHOVCAR3,4.4299746,4.0322075,4.209974,5.3814526,3.6132832,4.9129543
thioguanine,C1=NC2=C(N1)C(=S)N=C(N2)N,NIHOVCAR3,5.2219305,2.5590556,5.5421414,6.7657437,5.102703,6.1400075
anagrelide,C1C2=C(C=CC(=C2Cl)Cl)N=C3N1CC(=O)N3,NIHOVCAR3,5.714565,3.9865553,6.0139155,6.858228,5.196823,6.517301
levobunolol,CC(C)(C)NCC(COC1=CC=CC2=C1CCCC2=O)O,NIHOVCAR3,4.951654,2.2058637,5.20613,6.2317176,5.188689,5.925868
azithromycin,CCC1C(C(C(N(CC(CC(C(C(C(C(C(=O)O1)C)OC2CC(C(C(O2)C)O)(C)OC)C)OC3C(C(CC(O3)C)N(C)C)O)(C)O)C)C)C)O)(C)O,NIHOVCAR3,0.7296934,-2.2867906,2.514518,3.450105,-3.0326161,3.0032508
atenolol-(+/-),CC(C)NCC(COC1=CC=C(C=C1)CC(=O)N)O,NIHOVCAR3,4.5779424,4.6028605,3.861791,4.892177,4.9513345,4.5815487
loxistatin-acid,CC(C)CCNC(=O)C(CC(C)C)NC(=O)C1C(O1)C(=O)O,NIHOVCAR3,0.31262112,-0.39091456,-0.43958962,2.158824,-1.7271293,1.9619151
trimebutine,CCC(COC(=O)C1=CC(=C(C(=C1)OC)OC)OC)(C2=CC=CC=C2)N(C)C,NIHOVCAR3,4.286453,3.6990442,4.0453296,5.2800174,3.4677258,4.9401474
ketoprofen,CC(C1=CC(=CC=C1)C(=O)C2=CC=CC=C2)C(=O)O,NIHOVCAR3,4.5622725,4.4912663,4.2999163,5.271067,3.985715,4.763397
calcitriol,CC(CCCC(C)(C)O)C1CCC2C1(CCCC2=CC=C3CC(CC(C3=C)O)O)C,NIHOVCAR3,2.042903,-0.7485953,3.0105278,3.9628532,0.3051858,3.6845431
clenbuterol,CC(C)(C)NCC(C1=CC(=C(C(=C1)Cl)N)Cl)O,NIHOVCAR3,3.8512332,1.2103415,3.8654168,5.0622306,4.619905,4.4982724
maprotiline,CNCCCC12CCC(C3=CC=CC=C31)C4=CC=CC=C24,NIHOVCAR3,6.2835145,4.4912663,6.5671473,7.4310384,5.530469,7.397651
sufentanil,CCC(=O)N(C1=CC=CC=C1)C2(CCN(CC2)CCC3=CC=CS3)COC,NIHOVCAR3,4.797841,3.9117362,4.7852664,5.518688,4.6566176,5.116897
homoharringtonine,CC(C)(CCCC(CC(=O)OC)(C(=O)OC1C2C3=CC4=C(C=C3CCN5C2(CCC5)C=C1OC)OCO4)O)O,NIHOVCAR3,1.8583844,0.42683125,1.6928414,2.8398411,1.7893099,2.543098
pindolol,CC(C)NCC(COC1=CC=CC2=C1C=CN2)O,NIHOVCAR3,5.406866,4.199599,5.372439,6.2168007,5.214253,6.0312386
crizotinib-(S),C[C@@H](C1=C(C=CC(=C1Cl)F)Cl)OC2=C(N=CC(=C2)C3=CN(N=C3)C4CCNCC4)N,NIHOVCAR3,4.4465523,3.7271812,4.291431,4.9428945,4.5435495,4.7277074
methscopolamine,C[N+]1(C2CC(CC1C3C2O3)OC(=O)C(CO)C4=CC=CC=C4)C,NIHOVCAR3,-2.0783134,-1.0730274,-2.248836,-1.4066286,-4.2361603,-1.4269143
sorafenib,CNC(=O)C1=NC=CC(=C1)OC2=CC=C(C=C2)NC(=O)NC3=CC(=C(C=C3)Cl)C(F)(F)F,NIHOVCAR3,4.36292,2.9481347,4.585017,5.6141567,3.5945802,5.0727096
nemonapride,CC1C(CCN1CC2=CC=CC=C2)NC(=O)C3=CC(=C(C=C3OC)NC)Cl,NIHOVCAR3,2.9168487,2.1077673,2.851888,4.0985966,1.8848275,3.6411633
latanoprost,CC(C)OC(=O)CCCC=CCC1C(CC(C1CCC(CCC2=CC=CC=C2)O)O)O,NIHOVCAR3,3.757979,2.0923364,3.9829195,5.04433,2.808339,4.861969
vandetanib,CN1CCC(CC1)COC2=C(C=C3C(=C2)N=CN=C3NC4=C(C=C(C=C4)Br)F)OC,NIHOVCAR3,4.5791492,2.8527038,4.467922,5.300901,5.3000803,4.974138
bendroflumethiazide,C1=CC=C(C=C1)CC2NC3=C(C=C(C(=C3)C(F)(F)F)S(=O)(=O)N)S(=O)(=O)N2,NIHOVCAR3,5.424301,5.3256497,5.1925535,5.8587947,5.3522873,5.3922195
bosentan,CC(C)(C)C1=CC=C(C=C1)S(=O)(=O)NC2=C(C(=NC(=N2)C3=NC=CC=N3)OCCO)OC4=CC=CC=C4OC,NIHOVCAR3,5.6852403,4.6764107,5.7322087,6.422654,5.5840855,6.010844
midodrine,COC1=CC(=C(C=C1)OC)C(CNC(=O)CN)O,NIHOVCAR3,5.737226,5.3131504,5.5591116,6.4584546,5.2459955,6.109416
lomitapide,C1CN(CCC1NC(=O)C2=CC=CC=C2C3=CC=C(C=C3)C(F)(F)F)CCCCC4(C5=CC=CC=C5C6=CC=CC=C64)C(=O)NCC(F)(F)F,NIHOVCAR3,3.1244445,2.461652,3.1016636,3.8283482,2.864501,3.3660588
benfotiamine,CC1=NC=C(C(=N1)N)CN(C=O)C(=C(CCOP(=O)(O)O)SC(=O)C2=CC=CC=C2)C,NIHOVCAR3,0.70014113,1.3888748,-1.4362826,1.5662996,0.6371318,1.3446821
albendazole,CCCSC1=CC2=C(C=C1)N=C(N2)NC(=O)OC,NIHOVCAR3,4.666797,3.6276894,4.595199,5.5425553,4.584208,4.984335
trolox,CC1=C(C2=C(CCC(O2)(C)C(=O)O)C(=C1O)C)C,NIHOVCAR3,3.9835618,1.7713077,4.625746,5.429187,2.621171,5.470397
vismodegib,CS(=O)(=O)C1=CC(=C(C=C1)C(=O)NC2=CC(=C(C=C2)Cl)C3=CC=CC=N3)Cl,NIHOVCAR3,6.188714,5.0236483,6.506054,7.216235,5.411806,6.785825
chromocarb,C1=CC=C2C(=C1)C(=O)C=C(O2)C(=O)O,NIHOVCAR3,3.2734027,2.9369895,3.209167,4.0225205,2.7446418,3.453696
bisacodyl,CC(=O)OC1=CC=C(C=C1)C(C2=CC=C(C=C2)OC(=O)C)C3=CC=CC=N3,NIHOVCAR3,5.5921702,4.4329324,5.776332,6.512156,5.0620337,6.1773973
axitinib,CNC(=O)C1=CC=CC=C1SC2=CC3=C(C=C2)C(=NN3)C=CC4=CC=CC=N4,NIHOVCAR3,4.5934377,3.670418,4.4339814,5.4411206,4.297972,5.1236954
salinomycin,CCC(C1CCC(C(O1)C(C)C(C(C)C(=O)C(CC)C2C(CC(C3(O2)C=CC(C4(O3)CCC(O4)(C)C5CCC(C(O5)C)(CC)O)O)C)C)O)C)C(=O)O,NIHOVCAR3,2.4992146,0.008901596,3.6732552,4.364118,0.22174978,4.2280483
florfenicol,CS(=O)(=O)C1=CC=C(C=C1)C(C(CF)NC(=O)C(Cl)Cl)O,NIHOVCAR3,3.6246064,2.873601,3.6605654,4.6385894,2.9456706,4.0046053
tropisetron,CN1C2CCC1CC(C2)OC(=O)C3=CNC4=CC=CC=C43,NIHOVCAR3,5.118318,3.959925,5.212918,5.787193,5.0387936,5.5927625
panobinostat,CC1=C(C2=CC=CC=C2N1)CCNCC3=CC=C(C=C3)C=CC(=O)NO,NIHOVCAR3,4.7165685,3.984019,4.6393223,5.357586,4.522407,5.079508
imidapril,CCOC(=O)C(CCC1=CC=CC=C1)NC(C)C(=O)N2C(CN(C2=O)C)C(=O)O,NIHOVCAR3,1.7598155,0.34441268,2.4569814,4.026995,-1.5854319,3.5561202
bephenium-hydroxynaphthoate,C[N+](C)(CCOC1=CC=CC=C1)CC2=CC=CC=C2,NIHOVCAR3,2.4268808,2.3432193,2.1824672,3.7133954,0.5788705,3.3164518
sunitinib,CCN(CC)CCNC(=O)C1=C(NC(=C1C)/C=C\2/C3=C(C=CC(=C3)F)NC2=O)C,NIHOVCAR3,4.903154,3.0024679,5.1857653,6.0914984,4.480122,5.755916
deflazacort,CC1=N[C@@]2([C@H](O1)C[C@@H]3[C@@]2(C[C@@H]([C@H]4[C@H]3CCC5=CC(=O)C=C[C@]45C)O)C)C(=O)COC(=O)C,NIHOVCAR3,5.595811,4.090541,5.8679714,6.3391194,5.3000803,6.381339
fludroxycortide,CC1(OC2CC3C4CC(C5=CC(=O)CCC5(C4C(CC3(C2(O1)C(=O)CO)C)O)C)F)C,NIHOVCAR3,3.6226826,2.490363,3.5100994,4.104563,4.0702844,3.938103
ifosfamide,C1CN(P(=O)(OC1)NCCCl)CCCl,NIHOVCAR3,4.6708145,3.5999634,4.101364,5.7185755,5.106189,4.827979
mitomycin-c,CC1=C(C(=O)C2=C(C1=O)N3CC4C(C3(C2COC(=O)N)OC)N4)N,NIHOVCAR3,1.578885,0.11215435,2.183389,3.0347693,-0.14238393,2.7064962
teprenone,CC(=CCCC(=CCCC(=CCCC(=CCCC(=O)C)C)C)C)C,NIHOVCAR3,1.4674183,0.84387094,2.7534187,4.104563,-4.115282,3.750521
avanafil,COC1=C(C=C(C=C1)CNC2=NC(=NC=C2C(=O)NCC3=NC=CC=N3)N4CCCC4CO)Cl,NIHOVCAR3,4.02896,3.0512283,3.8871708,4.495387,4.635929,4.075084
diazooxonorleucine,C(CC(=O)C=[N+]=[N-])C(C(=O)O)N,NIHOVCAR3,2.7389657,3.120886,2.5637743,2.8268461,2.4333858,2.7499363
thiomersal,CC[Hg]SC1=CC=CC=C1C(=O)[O-].[Na+],NIHOVCAR3,6.741414,5.582176,7.2222004,7.7293773,5.843645,7.329671
trapidil,CCN(CC)C1=CC(=NC2=NC=NN12)C,NIHOVCAR3,6.255665,5.598982,6.509448,6.7955775,5.5816936,6.7926226
triciribine,CN1C2=NC=NC3=C2C(=CN3C4C(C(C(O4)CO)O)O)C(=N1)N,NIHOVCAR3,0.21204695,3.2657743,-1.9730823,-2.8074796,5.1770697,-2.6020472
paliperidone,CC1=C(C(=O)N2CCCC(C2=N1)O)CCN3CCC(CC3)C4=NOC5=C4C=CC(=C5)F,NIHOVCAR3,6.1867075,4.4202514,7.0966206,6.9894977,5.430601,6.996565
SN-38,CCC1=C2CN3C(=CC4=C(C3=O)COC(=O)C4(CC)O)C2=NC5=C1C=C(C=C5)O,NIHOVCAR3,-1.9521627,-1.3610613,-2.2180164,-1.0953397,-3.7577791,-1.3286173
rifampin,CC1C=CC=C(C(=O)NC2=C(C(=C3C(=C2O)C(=C(C4=C3C(=O)C(O4)(OC=CC(C(C(C(C(C(C1O)C)O)C)OC(=O)C)C)OC)C)C)O)O)C=NN5CCN(CC5)C)C,NIHOVCAR3,-2.7715917,-1.5231762,-2.6932862,-2.6965632,-4.2164826,-2.72845
formestane,CC12CCC(=O)C(=C1CCC3C2CCC4(C3CCC4=O)C)O,NIHOVCAR3,4.4238944,1.0531656,5.3520746,6.079565,3.718995,5.9156713
niclosamide,C1=CC(=C(C=C1[N+](=O)[O-])Cl)NC(=O)C2=C(C=CC(=C2)Cl)O,NIHOVCAR3,4.058109,3.9865553,3.4883451,4.358151,4.413442,4.0440507
lenalidomide,C1CC(=O)NC(=O)C1N2CC3=C(C2=O)C=CC=C3N,NIHOVCAR3,5.8264604,5.1548347,5.7457848,6.4614387,5.664226,6.106017
lafutidine,C1CCN(CC1)CC2=CC(=NC=C2)OCC=CCNC(=O)CS(=O)CC3=CC=CO3,NIHOVCAR3,3.8143868,3.3326457,3.5681105,4.713174,3.1619735,4.296029
betamethasone-dipropionate,CCC(=O)OCC(=O)C1(C(CC2C1(CC(C3(C2CCC4=CC(=O)C=CC43C)F)O)C)C)OC(=O)CC,NIHOVCAR3,3.7949696,1.8958554,4.243914,4.772842,3.5384712,4.523765
azacitidine,C1=NC(=NC(=O)N1C2C(C(C(O2)CO)O)O)N,NIHOVCAR3,4.1560383,2.6834352,4.294825,5.1994658,3.713303,4.8891616
bendamustine,CN1C2=C(C=C(C=C2)N(CCCl)CCCl)N=C1CCCC(=O)O,NIHOVCAR3,3.907978,3.7785501,3.5517948,4.319367,3.6230412,4.2671375
piretanide,C1CCN(C1)C2=C(C(=CC(=C2)C(=O)O)S(=O)(=O)N)OC3=CC=CC=C3,NIHOVCAR3,5.22032,4.585107,5.2264943,5.7752595,5.0341463,5.4805937
oxymetazoline,CC1=CC(=C(C(=C1CC2=NCCN2)C)O)C(C)(C)C,NIHOVCAR3,1.806,0.53862363,1.4190447,3.1561446,1.3305142,2.5856721
temoporfin,C1CC2=NC1=C(C3=CC=C(N3)C(=C4C=CC(=N4)C(=C5C=CC(=C2C6=CC(=CC=C6)O)N5)C7=CC(=CC=C7)O)C8=CC(=CC=C8)O)C9=CC(=CC=C9)O,NIHOVCAR3,3.534906,3.6553261,2.9850037,3.2821276,4.3955526,3.356519
batimastat,CC(C)CC(C(CSC1=CC=CS1)C(=O)NO)C(=O)NC(CC2=CC=CC=C2)C(=O)NC,NIHOVCAR3,4.9970407,4.394889,4.6732626,5.6022234,5.150344,5.164484
levocetirizine,C1CN(CCN1CCOCC(=O)O)C(C2=CC=CC=C2)C3=CC=C(C=C3)Cl,NIHOVCAR3,5.792029,4.891897,5.7593613,6.75381,5.3334923,6.2215843
felbamate,C1=CC=C(C=C1)C(COC(=O)N)COC(=O)N,NIHOVCAR3,2.63496,1.6914895,2.594774,3.615865,2.1164885,3.1561832
ivermectin,CCC(C)C1C(CCC2(O1)CC3CC(O2)CC=C(C(C(C=CC=C4COC5C4(C(C=C(C5O)C)C(=O)O3)O)C)OC6CC(C(C(O6)C)OC7CC(C(C(O7)C)O)OC)OC)C)C,NIHOVCAR3,-2.2714942,-2.8286526,-1.7159652,-1.2580012,-4.0421925,-1.5126592
lapatinib,CS(=O)(=O)CCNCC1=CC=C(O1)C2=CC3=C(C=C2)N=CN=C3NC4=CC(=C(C=C4)OCC5=CC(=CC=C5)F)Cl,NIHOVCAR3,4.09513,2.375519,4.111546,5.074164,4.3532677,4.5611544
guanidine,C(=N)(N)N,NIHOVCAR3,9.271456,7.7013216,11.54623,10.855966,5.1375623,11.1161995
cefditoren-pivoxil,CC1=C(SC=N1)C=CC2=C(N3C(C(C3=O)NC(=O)C(=NOC)C4=CSC(=N4)N)SC2)C(=O)OCOC(=O)C(C)(C)C,NIHOVCAR3,2.4409363,1.0656855,2.7643597,4.012079,1.1262398,3.2363174
cobicistat,CC(C)C1=NC(=CS1)CN(C)C(=O)NC(CCN2CCOCC2)C(=O)NC(CCC(CC3=CC=CC=C3)NC(=O)OCC4=CN=CS4)CC5=CC=CC=C5,NIHOVCAR3,5.3493996,4.470976,5.2909813,6.0258636,5.346022,5.6131563
talazoparib,CN1C(=NC=N1)C2C(NC3=CC(=CC4=C3C2=NNC4=O)F)C5=CC=C(C=C5)F,NIHOVCAR3,4.2076426,4.2477875,3.8690424,4.328317,4.35652,4.2365465
ACY-1215,C1=CC=C(C=C1)N(C2=CC=CC=C2)C3=NC=C(C=N3)C(=O)NCCCCCCC(=O)NO,NIHOVCAR3,5.549318,4.3745995,5.725421,6.4614387,5.306851,5.8782816
bifemelane,CNCCCCOC1=CC=CC=C1CC2=CC=CC=C2,NIHOVCAR3,5.4874954,4.953225,5.267223,6.437571,4.918174,5.861286
temsirolimus,CC1CCC2CC(C(=CC=CC=CC(CC(C(=O)C(C(C(=CC(C(=O)CC(OC(=O)C3CCCCN3C(=O)C(=O)C1(O2)O)C(C)CC4CCC(C(C4)OC)OC(=O)C(C)(CO)CO)C)C)O)OC)C)C)C)OC,NIHOVCAR3,-1.5453398,-1.5900655,-2.151511,-0.9679148,-1.2905287,-1.7266787
PRT062607,C1CCC(C(C1)N)NC2=NC=C(C(=N2)NC3=CC(=CC=C3)N4N=CC=N4)C(=O)N,NIHOVCAR3,4.5481424,3.4023035,4.3762827,5.121898,5.1329145,4.707313
tranilast,COC1=C(C=C(C=C1)C=CC(=O)NC2=CC=CC=C2C(=O)O)OC,NIHOVCAR3,4.7899046,4.5166283,4.4356785,5.1994658,4.9969625,4.800787
toremifene,CN(C)CCOC1=CC=C(C=C1)C(=C(CCCl)C2=CC=CC=C2)C3=CC=CC=C3,NIHOVCAR3,5.2626095,4.4126425,5.1416426,6.181,4.845639,5.732123
diphemanil,C[N+]1(CCC(=C(C2=CC=CC=C2)C3=CC=CC=C3)CC1)C,NIHOVCAR3,5.222667,4.5724254,4.9855156,6.0556974,4.7029915,5.796705
cyclovirobuxin-d,C[C@@H]([C@H]1[C@@H](C[C@@]2([C@@]1(CC[C@]34[C@H]2CC[C@@H]5[C@]3(C4)CC[C@@H](C5(C)C)NC)C)C)O)NC,NIHOVCAR3,5.163722,3.8635478,5.33171,5.825977,4.8749075,5.922469
norfloxacin,CCN1C=C(C(=O)C2=CC(=C(C=C21)N3CCNCC3)F)C(=O)O,NIHOVCAR3,6.128541,5.2212286,6.560359,6.7627606,5.3601184,6.7382383
zaleplon,CCN(C1=CC=CC(=C1)C2=CC=NC3=C(C=NN23)C#N)C(=O)C,NIHOVCAR3,5.266098,4.536918,5.1789775,6.0556974,5.0783014,5.4805937
crizotinib,C[C@H](C1=C(C=CC(=C1Cl)F)Cl)OC2=C(N=CC(=C2)C3=CN(N=C3)C4CCNCC4)N,NIHOVCAR3,4.4174576,3.7165005,4.2540965,4.904111,4.5256596,4.686919
norepinephrine,C1=CC(=C(C=C1C(CN)O)O)O,NIHOVCAR3,4.6617665,5.273089,4.2490053,4.7251077,4.55656,4.50507
genipin,COC(=O)C1=COC(C2C1CC=C2CO)O,NIHOVCAR3,-2.4361498,-2.412111,-3.1048055,-2.196261,-1.9105448,-2.5570269
PSI-7976,CC(C)OC(=O)C(C)NP(=O)(OCC1C(C(C(O1)N2C=CC(=O)NC2=O)(C)F)O)OC3=CC=CC=C3,NIHOVCAR3,6.4256754,4.4608307,7.1475315,7.5861745,5.6211653,7.3126755
bexarotene,CC1=CC2=C(C=C1C(=C)C3=CC=C(C=C3)C(=O)O)C(CCC2(C)C)(C)C,NIHOVCAR3,2.2302804,1.4807534,2.3308446,3.2724366,0.8673003,3.2000663
afobazole,CCOC1=CC2=C(C=C1)N=C(N2)SCCN3CCOCC3,NIHOVCAR3,6.119256,5.053685,6.5467825,7.084965,5.301773,6.6090746
naftifine,CN(CC=CC1=CC=CC=C1)CC2=CC=CC3=CC=CC=C32,NIHOVCAR3,3.5824769,3.7391398,2.892005,4.3999186,3.0310535,3.8502667
simvastatin,CCC(C)(C)C(=O)OC1CC(C=C2C1C(C(C=C2)C)CCC3CC(CC(=O)O3)O)C,NIHOVCAR3,4.4350452,2.3934634,4.9889097,5.339685,4.0133624,5.439806
sirolimus,CC1CCC2CC(C(=CC=CC=CC(CC(C(=O)C(C(C(=CC(C(=O)CC(OC(=O)C3CCCCN3C(=O)C(=O)C1(O2)O)C(C)CC4CCC(C(C4)OC)O)C)C)O)OC)C)C)C)OC,NIHOVCAR3,-1.4239024,-1.5642929,-2.107715,-0.7122964,-1.0582025,-1.6770054
raltitrexed,CC1=NC2=C(C=C(C=C2)CN(C)C3=CC=C(S3)C(=O)NC(CCC(=O)O)C(=O)O)C(=O)N1,NIHOVCAR3,2.7965503,2.509743,2.4624622,3.3112004,2.5565195,3.1428273
lidocaine,CCN(CC)CC(=O)NC1=C(C=CC=C1C)C,NIHOVCAR3,4.6450577,4.739817,4.09797,4.787759,5.0759773,4.523765
abiraterone,CC12CCC(CC1=CCC3C2CCC4(C3CC=C4C5=CN=CC=C5)C)O,NIHOVCAR3,4.1724257,1.8834851,4.86333,5.4053197,3.4197483,5.290248
oxiracetam,C1C(CN(C1=O)CC(=O)N)O,NIHOVCAR3,3.801569,4.3327513,2.8354764,3.622283,4.8112082,3.4061258
ponatinib,CC1=C(C=C(C=C1)C(=O)NC2=CC(=C(C=C2)CN3CCN(CC3)C)C(F)(F)F)C#CC4=CN=C5N4N=CC=C5,NIHOVCAR3,3.9484897,4.1881857,3.769336,4.5669885,3.020482,4.1974573
4-pyrimidinecarbonitrile,C1=CN=CN=C1C#N,NIHOVCAR3,3.4500568,-0.9238501,3.5082867,4.6743903,5.454096,4.537361
doxycycline,CC1C2C(C3C(C(=O)C(=C(C3(C(=O)C2=C(C4=C1C=CC=C4O)O)O)O)C(=O)N)N(C)C)O,NIHOVCAR3,-2.8159795,-1.6157448,-2.8360298,-2.815129,-4.120905,-2.6920877
cefdinir,C=CC1=C(N2C(C(C2=O)NC(=O)C(=NO)C3=CSC(=N3)N)SC1)C(=O)O,NIHOVCAR3,4.8673797,3.4036965,5.2977695,5.6648746,4.67691,5.2936473
artesunate,CC1CCC2C(C(OC3C24C1CCC(O3)(OO4)C)OC(=O)CCC(=O)O)C,NIHOVCAR3,1.1608133,-1.7799563,2.2567933,2.7047803,-0.07728934,2.699739
methacycline,CN(C)C1C2C(C3C(=C)C4=C(C(=CC=C4)O)C(=C3C(=O)C2(C(=C(C1=O)C(=O)N)O)O)O)O,NIHOVCAR3,0.9225771,0.09226251,1.5400667,2.5936701,-1.9810342,2.3679206
10-deacetylbaccatin,CC1=C2C(C(=O)C3(C(CC4C(C3C(C(C2(C)C)(CC1O)O)OC(=O)C5=CC=CC=C5)(CO4)OC(=O)C)O)C)O,NIHOVCAR3,-2.9694486,-3.023646,-2.5618978,-2.497288,-3.9944038,-2.7700074
fluocinolone-acetonide,CC1(OC2CC3C4CC(C5=CC(=O)C=CC5(C4(C(CC3(C2(O1)C(=O)CO)C)O)F)C)F)C,NIHOVCAR3,3.8048472,2.9307203,3.4665914,4.247766,4.4541006,3.9250586
3-deazaneplanocin-A,C1=CN=C(C2=C1N(C=N2)C3C=C(C(C3O)O)CO)N,NIHOVCAR3,-2.9580886,-0.6686194,-3.7133932,-4.0215917,-2.62119,-3.7656484
vincamine,CCC12CCCN3C1C4=C(CC3)C5=CC=CC=C5N4C(C2)(C(=O)OC)O,NIHOVCAR3,5.4810762,4.9018707,5.603235,5.506755,5.2569146,6.136608
letrozole,C1=CC(=CC=C1C#N)C(C2=CC=C(C=C2)C#N)N3C=NC=N3,NIHOVCAR3,5.393999,5.7754374,4.9990926,5.7126083,5.2096047,5.273253
ftorafur,C1CC(OC1)N2C=C(C(=O)NC2=O)F,NIHOVCAR3,6.4981194,5.067522,7.164501,7.6279426,5.586478,7.0441513
alvespimycin,CC1CC(C(C(C=C(C(C(C=CC=C(C(=O)NC2=CC(=O)C(=C(C1)C2=O)NCCN(C)C)C)OC)OC(=O)N)C)C)O)OC,NIHOVCAR3,1.8561144,1.1014884,2.0441883,2.8723292,0.7349534,2.527613
metronidazole,CC1=NC=C(N1CCO)[N+](=O)[O-],NIHOVCAR3,1.5209649,4.208476,-1.8806236,1.7079494,4.156481,-0.58745795
bekanamycin,C1C(C(C(C(C1N)OC2C(C(C(C(O2)CO)O)N)O)O)OC3C(C(C(C(O3)CN)O)O)N)N,NIHOVCAR3,2.4744382,0.800919,3.181863,4.140364,0.5795897,3.6694543
fluvastatin,CC(C)N1C2=CC=CC=C2C(=C1C=CC(CC(CC(=O)O)O)O)C3=CC=C(C=C3)F,NIHOVCAR3,4.3400126,3.3312523,4.6019874,5.315818,3.4156828,5.0353203
chloroxine,C1=CC2=C(C(=C(C=C2Cl)Cl)O)N=C1,NIHOVCAR3,4.013181,3.8407218,3.562672,4.2984834,4.0832953,4.280734
mifepristone,CC#CC1(CCC2C1(CC(C3=C4CCC(=O)C=C4CCC23)C5=CC=C(C=C5)N(C)C)C)O,NIHOVCAR3,3.702023,1.9790993,4.0023193,4.4029016,3.9011455,4.22465
fenofibrate,CC(C)OC(=O)C(C)(C)OC1=CC=C(C=C1)C(=O)C2=CC=C(C=C2)Cl,NIHOVCAR3,4.2758865,2.6207616,4.406829,5.611173,3.6067777,5.133892
rutin,CC1C(C(C(C(O1)OCC2C(C(C(C(O2)OC3=C(OC4=CC(=CC(=C4C3=O)O)O)C5=CC(=C(C=C5)O)O)O)O)O)O)O)O,NIHOVCAR3,2.2539191,0.9097563,2.8610055,3.7101998,0.382508,3.4061258
halofantrine,CCCCN(CCCC)CCC(C1=C2C=CC(=CC2=C3C=C(C=C(C3=C1)Cl)Cl)C(F)(F)F)O,NIHOVCAR3,4.215976,2.5704787,4.344039,5.2919507,4.018242,4.8551717
chlorogenic-acid,C1C(C(C(CC1(C(=O)O)O)OC(=O)C=CC2=CC(=C(C=C2)O)O)O)O,NIHOVCAR3,3.20737,2.6917942,2.7515953,3.922577,2.9655933,3.7052896
imatinib,CC1=C(C=C(C=C1)NC(=O)C2=CC=C(C=C2)CN3CCN(CC3)C)NC4=NC=CC(=N4)C5=CN=CC=C5,NIHOVCAR3,4.3815126,3.7536788,4.3898587,5.1397986,3.796246,4.827979
ritodrine,CC(C(C1=CC=C(C=C1)O)O)NCCC2=CC=C(C=C2)O,NIHOVCAR3,5.327287,4.7347445,5.111096,6.043764,5.0724916,5.6743393
nimorazole,C1COCCN1CCN2C=NC=C2[N+](=O)[O-],NIHOVCAR3,3.0448802,4.178041,1.828657,2.7878604,3.6596336,2.7702086
nicorandil,C1=CC(=CN=C1)C(=O)NCCO[N+](=O)[O-],NIHOVCAR3,6.7845583,5.1735,7.514089,8.18882,5.563752,7.482628
desonide,CC1(OC2CC3C4CCC5=CC(=O)C=CC5(C4C(CC3(C2(O1)C(=O)CO)C)O)C)C,NIHOVCAR3,4.8899603,4.5064836,4.6766567,5.2113996,4.975756,5.079508
ZK811752,CC1CN(CCN1C(=O)COC2=C(C=C(C=C2)Cl)NC(=O)N)CC3=CC=C(C=C3)F.Cl,NIHOVCAR3,3.9034774,3.5541575,3.5336664,4.7310743,3.2563014,4.4421883
cetrimonium,CCCCCCCCCCCCCCCC[N+](C)(C)C,NIHOVCAR3,1.8099747,0.7933578,2.3683271,2.732482,0.2580732,2.897633
aztreonam,CC1C(C(=O)N1S(=O)(=O)O)NC(=O)C(=NOC(C)(C)C(=O)O)C2=CSC(=N2)N,NIHOVCAR3,5.117992,3.8508666,5.3045573,5.909512,5.0376325,5.4873924
prazosin,COC1=C(C=C2C(=C1)C(=NC(=N2)N3CCN(CC3)C(=O)C4=CC=CO4)N)OC,NIHOVCAR3,2.6616213,2.852007,2.6066267,3.0915382,1.7374648,3.02047
AEE788,CCN1CCN(CC1)CC2=CC=C(C=C2)C3=CC4=C(N3)N=CN=C4NC(C)C5=CC=CC=C5,NIHOVCAR3,4.2238836,3.8559394,3.8581655,4.695274,4.3630257,4.3470154
GDC-0349,CCNC(=O)NC1=CC=C(C=C1)C2=NC3=C(CCN(C3)C4COC4)C(=N2)N5CCOCC5C,NIHOVCAR3,5.8080535,3.984019,6.122525,6.712043,5.609205,6.6124735
dinaciclib,CCC1=C2N=C(C=C(N2N=C1)NCC3=C[N+](=CC=C3)[O-])N4CCCCC4CCO,NIHOVCAR3,-0.76641,-0.9645043,-1.7451015,0.35425833,-1.2610384,-0.21566394
licochalcone-a,CC(C)(C=C)C1=C(C=C(C(=C1)C=CC(=O)C2=CC=C(C=C2)O)OC)O,NIHOVCAR3,3.9954426,3.852135,3.6496882,4.8981442,3.1180625,4.459183
metatinib,C1=CC(=CC=C1C2=CNC=C(C2=O)C(=O)NC3=CC(=C(C=C3)OC4=C(C(=NC=C4)N)Cl)F)F,NIHOVCAR3,2.7459652,1.9511237,2.6321557,3.2788973,2.9729118,2.894737
MK-8245,C1CN(CCC1OC2=C(C=CC(=C2)F)Br)C3=NOC(=C3)C4=NN(N=N4)CC(=O)O,NIHOVCAR3,5.6966424,4.7651796,5.738997,6.604641,5.203795,6.170599
sodium-tanshinone-ii-a-sulfonate,CC1=C(OC2=C1C(=O)C(=O)C3=C2C=CC4=C3CCCC4(C)C)S(=O)(=O)O,NIHOVCAR3,4.763488,2.4652407,5.2977695,5.61714,5.0178785,5.4194117
taselisib,CC1=NN(C(=N1)C2=CN3CCOC4=C(C3=N2)C=CC(=C4)C5=CN(N=C5)C(C)(C)C(=O)N)C(C)C,NIHOVCAR3,3.0279925,0.51412225,3.5336664,4.2835665,2.8444471,3.96416
PRT062070,CCS(=O)(=O)N1CCN(CC1)C2=CC=C(C=C2)NC3=NC=C(C(=N3)NC4CC4)C(=O)N.Cl,NIHOVCAR3,5.4616156,2.670146,6.1632543,6.861212,5.293309,6.3201566
TG-101348,CC1=CN=C(N=C1NC2=CC(=CC=C2)S(=O)(=O)NC(C)(C)C)NC3=CC=C(C=C3)OCCN4CCCC4,NIHOVCAR3,5.266965,4.101954,5.4335318,6.043764,5.1050267,5.650546
nintedanib,CN1CCN(CC1)CC(=O)N(C)C2=CC=C(C=C2)N=C(C3=CC=CC=C3)C4=C(NC5=C4C=CC(=C5)C(=O)OC)O,NIHOVCAR3,3.85344,2.8422549,3.9143636,4.775825,3.224588,4.510169
nefiracetam,CC1=C(C(=CC=C1)C)NC(=O)CN2CCCC2=O,NIHOVCAR3,2.9633896,3.6949599,2.3116462,3.4824083,2.3112903,3.0166435
INC-280,CNC(=O)C1=C(C=C(C=C1)C2=NN3C(=CN=C3N=C2)CC4=CC5=C(C=C4)N=CC=C5)F,NIHOVCAR3,2.6045065,3.120886,2.0036254,2.5296662,2.8765512,2.491803
pranidipine,CC1=C(C(C(=C(N1)C)C(=O)OCC=CC2=CC=CC=C2)C3=CC(=CC=C3)[N+](=O)[O-])C(=O)OC,NIHOVCAR3,5.182882,4.3771353,5.172189,6.2317176,4.571197,5.562171
IOWH032,C1=CC=C(C=C1)OC2=CC=C(C=C2)CNC(=O)C3=NC(=NO3)C4=CC(=C(C(=C4)Br)O)Br,NIHOVCAR3,4.2375693,3.2880647,4.053836,5.0025625,4.119075,4.7243085
4-methylgenistein,COC1=CC=C(C=C1)C2=COC3=CC(=CC(=C3C2=O)O)O,NIHOVCAR3,3.4874337,1.4248087,3.9234278,4.8175926,2.8444471,4.4268923
palmatine-chloride,COC1=C(C2=C[N+]3=C(C=C2C=C1)C4=CC(=C(C=C4CC3)OC)OC)OC,NIHOVCAR3,-0.27637795,1.3105047,-1.9300969,-1.3398725,2.0617518,-1.4841769
prednisolone-hemisuccinate,CC12CC(C3C(C1CCC2(C(=O)COC(=O)CCC(=O)O)O)CCC4=CC(=O)C=CC34C)O,NIHOVCAR3,4.5190516,3.7258523,4.642716,5.306868,4.195513,4.7243085
nobiletin,COC1=C(C=C(C=C1)C2=CC(=O)C3=C(O2)C(=C(C(=C3OC)OC)OC)OC)OC,NIHOVCAR3,3.423427,2.7301059,3.3288147,4.2000318,3.13026,3.7279224
RG108,C1=CC=C2C(=C1)C(=O)N(C2=O)C(CC3=CNC4=CC=CC=C43)C(=O)O,NIHOVCAR3,-1.9511421,-0.18196633,-2.8100765,-3.0465236,-0.7618606,-2.9552832
BMS-265246,CCCCOC1=C(C=NC2=NNC=C12)C(=O)C3=C(C=C(C=C3F)C)F,NIHOVCAR3,3.800471,3.137604,3.5681105,4.2059984,4.2573137,3.8333285
azalomycin-b,CCC1C(OC(CC1OC2CC(C(C(O2)C)O)O)(C(C)C(C(C)C3C(C=CC=CC(=O)OC(C(C=CC=CC(=O)O3)C)C(C)C(C(C)C4(CC(C(C(O4)C)CC)OC5CC(C(C(O5)C)O)O)O)O)C)O)O)C,NIHOVCAR3,0.22860599,-0.9394265,1.3359983,2.460739,-3.8537931,2.1395123
PAC-1,C=CCC1=C(C(=CC=C1)C=NNC(=O)CN2CCN(CC2)CC3=CC=CC=C3)O,NIHOVCAR3,3.6960309,3.7311676,3.2182314,4.605772,2.9131436,4.0118394
evodiamine,CN1C2C3=C(CCN2C(=O)C4=CC=CC=C41)C5=CC=CC=C5N3,NIHOVCAR3,1.9400518,1.443835,1.3402772,1.9802215,3.4969997,1.4389261
PF-573228,CS(=O)(=O)C1=CC=CC(=C1)CNC2=NC(=NC=C2C(F)(F)F)NC3=CC4=C(C=C3)NC(=O)CC4,NIHOVCAR3,3.9731545,3.7404687,3.4702168,4.164231,4.619905,3.8709512
SB-366791,COC1=CC=CC(=C1)NC(=O)C=CC2=CC=C(C=C2)Cl,NIHOVCAR3,5.285024,4.630759,4.9787283,6.2317176,4.991153,5.5927625
azodicarbonamide,C(=O)(N)N=NC(=O)N,NIHOVCAR3,4.5935636,3.6690476,4.3661003,5.387419,4.878725,4.666525
se-methylselenocysteine,C[Se]CC(C(=O)O)N,NIHOVCAR3,3.2719738,2.7516997,3.034223,3.0510132,4.3304987,3.1924343
adaprev,C(C1C(C(C(C(O1)O)O)O)O)OP(=O)(O)O,NIHOVCAR3,4.535697,4.3023167,4.2031856,4.844443,4.8914504,4.43709
benzyldimethylhexadecylammonium,CCCCCCCCCCCCCCCC[N+](C)(C)CC1=CC=CC=C1,NIHOVCAR3,1.8292472,0.928364,2.447847,3.3451192,-0.81904304,3.2439492
AEG3482,C1=CC=C(C=C1)C2=CN3C(=N2)SC(=N3)S(=O)(=O)N,NIHOVCAR3,6.2977514,4.0918093,7.100014,7.7293773,5.523405,7.0441513
ryuvidine,CC1=CC=C(C=C1)NC2=CC(=O)C3=C(C2=O)N=C(S3)C,NIHOVCAR3,3.8150687,2.9801774,3.9970613,4.844443,2.9253411,4.3283205
YO-01027,CC(C(=O)NC1C2=CC=CC=C2C3=CC=CC=C3N(C1=O)C)NC(=O)CC4=CC(=CC(=C4)F)F,NIHOVCAR3,1.3708175,0.64994204,1.5878834,2.7552953,-0.65019286,2.5111597
TC1,C1C2C3C4C1C5C2C6C3C4C5(N6CCC7=CC(=CC=C7)F)O,NIHOVCAR3,4.7320933,5.7435074,4.060635,4.0359454,5.5685363,4.251842
salidroside,C1=CC(=CC=C1CCOC2C(C(C(C(O2)CO)O)O)O)O,NIHOVCAR3,2.5702868,1.6642437,3.0579185,4.2746167,0.07214028,3.7825148
chlorindanol,C1CC2=C(C=CC(=C2C1)Cl)O,NIHOVCAR3,5.4924865,4.233838,5.552324,6.3212194,5.109675,6.245378
aminopurvalanol-a,CC(C)C(CO)NC1=NC(=C2C(=N1)N(C=N2)C(C)C)NC3=CC(=CC(=C3)N)Cl,NIHOVCAR3,1.4803473,-0.93223745,1.3213798,2.1329424,2.6965866,2.1830647
nanchangmycin,CC1CC(C(OC1C2CC(C3(O2)C(C(CC(O3)C4(CCC5(O4)CC(C(C(O5)C(C)C=C(C)C(=O)C(C)CC(C)C(=O)[O-])C)O)C)OC6CCC(C(O6)C)OC)C)C)(CO)O)C.[Na+],NIHOVCAR3,0.37389022,-1.3856511,1.8305224,2.8804512,-3.9438033,2.4879317
cyproheptadine,CN1CCC(=C2C3=CC=CC=C3C=CC4=CC=CC=C42)CC1,NIHOVCAR3,3.0375664,2.8269303,1.6418834,2.9827886,4.5972185,3.1390116
repaglinide,CCOC1=C(C=CC(=C1)CC(=O)NC(CC(C)C)C2=CC=CC=C2N3CCCCC3)C(=O)O,NIHOVCAR3,4.196458,4.074055,3.7983415,4.552071,4.195513,4.362311
osimertinib,CN1C=C(C2=CC=CC=C21)C3=NC(=NC=C3)NC4=C(C=C(C(=C4)NC(=O)C=C)N(C)CCN(C)C)OC,NIHOVCAR3,2.8725164,0.3915749,3.2019129,4.062796,2.8110747,3.8952234
abemaciclib,CCN1CCN(CC1)CC2=CN=C(C=C2)NC3=NC=C(C(=N3)C4=CC5=C(C(=C4)F)N=C(N5C(C)C)C)F,NIHOVCAR3,2.8183398,-0.01693958,3.2871196,4.247766,2.7799473,3.7938066
baricitinib,CCS(=O)(=O)N1CC(C1)(CC#N)N2C=C(C=N2)C3=C4C=CNC4=NC=N3,NIHOVCAR3,6.3482018,5.241893,6.8047314,7.144634,5.6211653,6.928584
SDZ-WAG-994,COC1C(C(OC1N2C=NC3=C(N=CN=C32)NC4CCCCC4)CO)O,NIHOVCAR3,7.0623693,6.854336,7.598941,7.6339087,5.7216406,7.5030217
plinabulin,CC(C)(C)C1=C(N=CN1)C=C2C(=O)NC(=CC3=CC=CC=C3)C(=O)N2,NIHOVCAR3,4.996057,3.5639093,4.8293896,5.8826613,5.2679176,5.436407
BI-2536,CCC1C(=O)N(C2=CN=C(N=C2N1C3CCCC3)NC4=C(C=C(C=C4)C(=O)NC5CCN(CC5)C)OC)C,NIHOVCAR3,3.7587593,1.8265073,3.7022607,4.3372674,4.9598823,3.967879
bruceantin,CC1=C(C(=O)CC2(C1CC3C45C2C(C(C(C4C(C(=O)O3)OC(=O)C=C(C)C(C)C)(OC5)C(=O)OC)O)O)C)O,NIHOVCAR3,-0.72965384,-0.92744464,-0.9003459,1.6417873,-3.7860336,0.32376775
CI-844,C1=CC=C(C=C1)OC2=CN=CC=C2,NIHOVCAR3,6.994123,5.869547,7.5242715,8.248487,5.560163,7.7681465
almorexant,CNC(=O)C(C1=CC=CC=C1)N2CCC3=CC(=C(C=C3C2CCC4=CC=C(C=C4)C(F)(F)F)OC)OC,NIHOVCAR3,4.7218275,3.2128344,4.8293896,5.7126083,4.465485,5.38882
CUDC-907,CN(CC1=CC2=C(S1)C(=NC(=N2)C3=CN=C(C=C3)OC)N4CCOCC4)C5=NC=C(C=N5)C(=O)NO,NIHOVCAR3,3.8689728,1.3305914,4.0657263,4.778809,4.812525,4.357212
PD-0325901,C1=CC(=C(C=C1I)F)NC2=C(C=CC(=C2F)F)C(=O)NOCC(CO)O,NIHOVCAR3,3.5588632,2.8924086,3.3233764,3.9479358,4.0214944,3.6091003
tivozanib,CC1=CC(=NO1)NC(=O)NC2=C(C=C(C=C2)OC3=C4C=C(C(=CC4=NC=C3)OC)OC)Cl,NIHOVCAR3,4.9899855,3.282492,5.382621,5.9363627,4.650321,5.6981325
CP-673451,COCCOC1=CC2=C(C=C1)N(C=N2)C3=NC4=C(C=CC=C4N5CCC(CC5)N)C=C3,NIHOVCAR3,2.5561461,1.0165682,2.7880652,3.6526792,2.0642056,3.259213
PD-318088,C1=CC(=C(C=C1I)F)NC2=C(C(=C(C=C2C(=O)NOCC(CO)O)Br)F)F,NIHOVCAR3,-0.3724606,1.0823789,-1.8846786,-1.2162925,1.7842518,-1.6279625
epiandrosterone,CC12CCC(CC1CCC3C2CCC4(C3CCC4=O)C)O,NIHOVCAR3,4.442439,0.15500034,5.738997,5.954263,4.2817087,6.082224
sclareol,CC1(CCCC2(C1CCC(C2CCC(C)(C=C)O)(C)O)C)C,NIHOVCAR3,1.7554562,-1.129586,3.515538,4.355168,-2.002612,4.0387735
S26948,COC(=O)C(CC1=CC=C(C=C1)OCCN2C3=C(C=C(C=C3)C(=O)C4=CC=CC=C4)SC2=O)C(=O)OC,NIHOVCAR3,3.7766964,3.308962,3.386826,4.5073204,3.5644927,4.115881
cephalomannine,CC=C(C)C(=O)NC(C1=CC=CC=C1)C(C(=O)OC2CC3(C(C4C(C(CC5C4(CO5)OC(=O)C)O)(C(=O)C(C(=C2C)C3(C)C)OC(=O)C)C)OC(=O)C6=CC=CC=C6)O)O,NIHOVCAR3,-2.2187655,-1.6093316,-1.9811926,-1.4097097,-4.267083,-1.8265102
tioxolone,C1=CC2=C(C=C1O)OC(=O)S2,NIHOVCAR3,2.8881357,2.0614748,2.7406542,4.2984834,1.9511116,3.3889542
I-BET151,CC1=C(C(=NO1)C)C2=C(C=C3C(=C2)N=CC4=C3N(C(=O)N4)C(C)C5=CC=CC=N5)OC,NIHOVCAR3,4.1970205,2.8680284,4.281249,5.074164,4.1223273,4.6393323
melengestrol-acetate,CC1=CC2C(CCC3(C2CC(=C)C3(C(=O)C)OC(=O)C)C)C4(C1=CC(=O)CC4)C,NIHOVCAR3,2.2414863,0.041844487,3.4122057,4.387985,-0.68040264,4.0457993
dioscin,CC1CCC2(C(C3C(O2)CC4C3(CCC5C4CC=C6C5(CCC(C6)OC7C(C(C(C(O7)CO)OC8C(C(C(C(O8)C)O)O)O)O)OC9C(C(C(C(O9)C)O)O)O)C)C)C)OC1,NIHOVCAR3,-1.6059736,-0.1311518,-1.6931195,-1.4939253,-3.0944738,-1.6171979
spermine,C(CCNCCCN)CNCCCN,NIHOVCAR3,2.3581898,3.1780055,1.6845909,1.3239642,3.5335922,2.070796
GW-843682X,COC1=C(C=C2C(=C1)N=CN2C3=CC(=C(S3)C(=O)N)OCC4=CC=CC=C4C(F)(F)F)OC,NIHOVCAR3,0.1622562,0.7618937,-1.1029241,1.5402516,-0.026400566,-0.36153963
LY2608204,C1CCC(CC1)C2CC2(C3=CC=C(C=C3)S(=O)(=O)C4CC4)C(=O)NC5=NC=C(S5)SCCN6CCCC6,NIHOVCAR3,4.606629,2.536919,4.9719396,5.5634394,4.840549,5.120296
ER-27319,CC1=C(C2=C(C=C1)C(=O)C3=CC=CC=C3N2CCCN)C.C(=O)(C(=O)O)O,NIHOVCAR3,3.1187155,1.9839482,3.0943725,4.1582646,2.4449797,3.912012
GW-3965,C1=CC=C(C=C1)C(CN(CCCOC2=CC=CC(=C2)CC(=O)O)CC3=C(C(=CC=C3)C(F)(F)F)Cl)C4=CC=CC=C4,NIHOVCAR3,3.1614056,3.363295,2.826359,3.7133954,2.53792,3.3660588
LY2109761,C1CC2=C(C(=NN2C1)C3=CC=CC=N3)C4=C5C=CC(=CC5=NC=C4)OCCN6CCOCC6,NIHOVCAR3,5.277166,4.7423534,5.155219,5.703658,5.4603605,5.3242383
WAY-170523,CC1=CC(=C(C(=C1)C(=O)NO)N(CC2=CC=CC=C2)S(=O)(=O)C3=CC=C(C=C3)OCCNC(=O)C4=CC5=CC=CC=C5O4)C,NIHOVCAR3,4.9624333,4.115903,4.995698,5.7603426,4.717956,5.222267
ICG-001,C1CN(C2CN(C(=O)C(N2C1=O)CC3=CC=C(C=C3)O)CC4=CC=CC5=CC=CC=C54)C(=O)NCC6=CC=CC=C6,NIHOVCAR3,2.9775367,1.668993,3.2254827,3.558102,3.158721,3.2763846
AMG458,CC1=C(C(=O)N(N1CC(C)(C)O)C2=CC=CC=C2)C(=O)NC3=NC=C(C=C3)OC4=C5C=CC(=CC5=NC=C4)OC,NIHOVCAR3,4.0572596,2.4049478,4.191306,4.9548283,4.14347,4.591746
rheochrysidin,CC1=CC2=C(C(=C1)O)C(=O)C3=C(C2=O)C=C(C=C3O)OC,NIHOVCAR3,2.0286717,1.1667819,1.933562,3.089923,1.3693551,2.583737
broxaldine,CC1=NC2=C(C=C1)C(=CC(=C2OC(=O)C3=CC=CC=C3)Br)Br,NIHOVCAR3,3.183992,2.6242907,3.0050597,4.077713,2.5283525,3.6845431
phlorizin,C1=CC(=CC=C1CCC(=O)C2=C(C=C(C=C2OC3C(C(C(C(O3)CO)O)O)O)O)O)O,NIHOVCAR3,1.3752272,0.87599725,1.8090711,3.3031247,-1.806969,2.6949122
parthenolide-(-),C/C/1=C\CC[C@@]2([C@@H](O2)[C@@H]3[C@@H](CC1)C(=C)C(=O)O3)C,NIHOVCAR3,5.699735,4.0220623,6.0987673,6.488289,5.2362947,6.6532626
uracil,C1=CNC(=O)NC1=O,NIHOVCAR3,5.619076,5.0166645,5.453896,6.318236,5.397709,5.9088736
lurasidone,C1CCC(C(C1)CN2CCN(CC2)C3=NSC4=CC=CC=C43)CN5C(=O)C6C7CCC(C7)C6C5=O,NIHOVCAR3,3.7705426,2.7593622,3.7276406,4.540138,3.5669322,4.2586403
difluprednate,CCCC(=O)OC1(CCC2C1(CC(C3(C2CC(C4=CC(=O)C=CC43C)F)F)O)C)C(=O)COC(=O)C,NIHOVCAR3,3.454518,1.6389153,4.0179553,4.4864364,2.860448,4.268837
methyldopa,CC(CC1=CC(=C(C=C1)O)O)(C(=O)O)N,NIHOVCAR3,3.0675473,3.2351248,2.5209064,3.9389858,2.2251458,3.4175737
maxacalcitol,CC(C1CCC2C1(CCCC2=CC=C3CC(CC(C3=C)O)O)C)OCCC(C)(C)O,NIHOVCAR3,2.3947074,-0.21919066,3.361446,4.2984834,0.5227669,4.0100317
nizofenone,CCN(CC)CC1=NC=CN1C2=C(C=C(C=C2)[N+](=O)[O-])C(=O)C3=CC=CC=C3Cl,NIHOVCAR3,3.4771028,3.1515355,2.94671,4.2000318,3.173358,3.9138777
halobetasol-propionate,CCC(=O)OC1(C(CC2C1(CC(C3(C2CC(C4=CC(=O)C=CC43C)F)F)O)C)C)C(=O)CCl,NIHOVCAR3,3.4070907,1.2386212,4.055537,4.456603,3.0005593,4.284133
azilsartan,CCOC1=NC2=CC=CC(=C2N1CC3=CC=C(C=C3)C4=CC=CC=C4C5=NOC(=O)N5)C(=O)O,NIHOVCAR3,4.373479,3.005254,4.3559184,5.2472005,4.4378376,4.8211813
amfenac,C1=CC=C(C=C1)C(=O)C2=CC=CC(=C2N)CC(=O)O,NIHOVCAR3,4.0368166,4.058838,3.711325,4.629639,3.5970197,4.1872606
penfluridol,C1CN(CCC1(C2=CC(=C(C=C2)Cl)C(F)(F)F)O)CCCC(C3=CC=C(C=C3)F)C4=CC=C(C=C4)F,NIHOVCAR3,4.840886,4.0867367,4.8226013,5.360569,4.8278236,5.1067
valnemulin,CC1CCC23CCC(=O)C2C1(C(CC(C(C3C)O)(C)C=C)OC(=O)CSC(C)(C)CNC(=O)C(C(C)C)N)C,NIHOVCAR3,3.5780437,3.3646884,3.2164185,4.543121,2.6688051,4.0971856
clopamide,CC1CCCC(N1NC(=O)C2=CC(=C(C=C2)Cl)S(=O)(=O)N)C,NIHOVCAR3,5.3521204,4.8868628,5.175583,6.1004486,4.862182,5.7355223
pomalidomide,C1CC(=O)NC(=O)C1N2C(=O)C3=C(C2=O)C(=CC=C3)N,NIHOVCAR3,3.656218,3.4747474,3.2073543,4.0359454,4.175997,3.387046
canrenone,CC12CCC(=O)C=C1C=CC3C2CCC4(C3CCC45CCC(=O)O5)C,NIHOVCAR3,5.1786685,1.4173582,6.271864,6.473372,5.0910835,6.6396656
metaraminol,CC(C(C1=CC(=CC=C1)O)O)N,NIHOVCAR3,3.9744573,3.7523582,3.5717359,4.775825,3.5596137,4.2127533
mesna,C(CS(=O)(=O)[O-])S.[Na+],NIHOVCAR3,5.0532393,5.1080914,4.8293896,5.1039977,5.3491545,4.8755655
lorazepam,C1=CC=C(C(=C1)C2=NC(C(=O)NC3=C2C=C(C=C3)Cl)O)Cl,NIHOVCAR3,5.865303,4.8868628,5.979975,6.7776775,5.5317945,6.1502047
gemcitabine,C1=CN(C(=O)N=C1N)C2C(C(C(O2)CO)O)(F)F,NIHOVCAR3,2.8701234,1.8105049,2.8318293,4.4774866,1.3448998,3.8858964
carfilzomib,CC(C)CC(C(=O)C1(CO1)C)NC(=O)C(CC2=CC=CC=C2)NC(=O)C(CC(C)C)NC(=O)C(CCC3=CC=CC=C3)NC(=O)CN4CCOCC4,NIHOVCAR3,-0.877223,-0.67246705,-1.7646345,0.41969797,-1.9249305,-0.443781
pazopanib,CC1=C(C=C(C=C1)NC2=NC=CC(=N2)N(C)C3=CC4=NN(C(=C4C=C3)C)C)S(=O)(=O)N,NIHOVCAR3,3.258377,3.173826,2.8281825,3.4581807,3.3855953,3.446101
acetazolamide,CC(=O)NC1=NN=C(S1)S(=O)(=O)N,NIHOVCAR3,5.642625,5.4600883,5.413167,6.1839833,5.5733204,5.5825653
lenvatinib,COC1=CC2=NC=CC(=C2C=C1C(=O)N)OC3=CC(=C(C=C3)NC(=O)NC4CC4)Cl,NIHOVCAR3,4.426952,3.1222792,4.3728886,5.1099644,4.818916,4.7107124
drospirenone,CC12CCC(=O)C=C1C3CC3C4C2CCC5(C4C6CC6C57CCC(=O)O7)C,NIHOVCAR3,6.2628837,2.2339997,7.49712,7.848713,5.2628393,8.471748
dequalinium,CC1=[N+](C2=CC=CC=C2C(=C1)N)CCCCCCCCCC[N+]3=C(C=C(C4=CC=CC=C43)N)C,NIHOVCAR3,-2.8878062,-0.7209203,-3.7800832,-4.017776,-2.5996118,-3.3206398
atipamezole,CCC1(CC2=CC=CC=C2C1)C3=CN=CN3,NIHOVCAR3,3.2129848,1.9354575,3.2526753,4.2059984,2.844994,3.8258007
eplerenone,CC12CCC(=O)C=C1CC(C3C24C(O4)CC5(C3CCC56CCC(=O)O6)C)C(=O)OC,NIHOVCAR3,5.829352,3.2852786,6.6350284,6.8313785,5.106189,7.2888823
alfacalcidol,CC(C)CCCC(C)C1CCC2C1(CCCC2=CC=C3CC(CC(C3=C)O)O)C,NIHOVCAR3,0.92777586,-0.9845541,2.3381581,3.2062147,-2.8542356,2.9332962
zolmitriptan,CN(C)CCC1=CNC2=C1C=C(C=C2)CC3COC(=O)N3,NIHOVCAR3,4.1391883,2.9174855,4.328766,5.217366,3.176611,5.0557146
tetrandrine,CN1CCC2=CC(=C3C=C2C1CC4=CC=C(C=C4)OC5=C(C=CC(=C5)CC6C7=C(O3)C(=C(C=C7CCN6C)OC)OC)OC)OC,NIHOVCAR3,0.29527274,-0.356642,-0.2956224,1.1759921,0.0041686296,0.9484673
fudosteine,C(CO)CSCC(C(=O)O)N,NIHOVCAR3,3.5595422,2.7774732,3.3378792,4.456603,3.2229614,4.002793
uridine,C1=CN(C(=O)NC1=O)C2C(C(C(O2)CO)O)O,NIHOVCAR3,1.8927596,2.1426706,1.6821644,2.9941592,-0.3507942,2.9955976
tamoxifen,CCC(=C(C1=CC=CC=C1)C2=CC=C(C=C2)OCCN(C)C)C3=CC=CC=C3,NIHOVCAR3,4.8012114,3.8927147,4.7750845,5.6887417,4.2199078,5.429609
darifenacin,C1CN(CC1C(C2=CC=CC=C2)(C3=CC=CC=C3)C(=O)N)CCC4=CC5=C(C=C4)OCC5,NIHOVCAR3,4.274136,4.3771353,3.82916,4.504337,4.265445,4.394602
trifluridine,C1C(C(OC1N2C=C(C(=O)NC2=O)C(F)(F)F)CO)O,NIHOVCAR3,6.2268057,5.2914305,6.780973,7.0193315,5.5317945,6.510503
mevastatin,CCC(C)C(=O)OC1CCC=C2C1C(C(C=C2)C)CCC3CC(CC(=O)O3)O,NIHOVCAR3,4.482131,2.9982884,4.965152,5.315818,3.742577,5.38882
sparfloxacin,CC1CN(CC(N1)C)C2=C(C(=C3C(=C2F)N(C=C(C3=O)C(=O)O)C4CC4)N)F,NIHOVCAR3,-4.415133,-1.7757668,-5.1144485,-6.764154,-3.2901168,-5.131179
polydatin,C1=CC(=CC=C1/C=C/C2=CC(=CC(=C2)O[C@H]3[C@@H]([C@H]([C@@H]([C@H](O3)CO)O)O)O)O)O,NIHOVCAR3,5.4316955,3.9472437,5.7661495,6.243651,4.969651,6.231782
thiamine,CC1=C(SC=[N+]1CC2=CN=C(N=C2N)C)CCO,NIHOVCAR3,-2.9420404,0.19986044,-4.1912327,-3.4442928,-4.25865,-3.0158875
amoxicillin,CC1(C(N2C(S1)C(C2=O)NC(=O)C(C3=CC=C(C=C3)O)N)C(=O)O)C,NIHOVCAR3,0.6925709,0.48649353,2.0008597,2.691744,-4.267083,2.5508406
dihydroergocristine,CC(C)C1(C(=O)N2C(C(=O)N3CCCC3C2(O1)O)CC4=CC=CC=C4)NC(=O)C5CC6C(CC7=CNC8=CC=CC6=C78)N(C5)C,NIHOVCAR3,-1.8380508,-2.9664004,-1.7492164,-1.990038,-0.6780648,-1.8065349
gestrinone,CCC12C=CC3=C4CCC(=O)C=C4CCC3C1CCC2(C#C)O,NIHOVCAR3,6.577962,5.886352,7.1475315,7.0968995,5.2560043,7.5030217
inosine,C1=NC2=C(C(=O)N1)N=CN2C3C(C(C(O3)CO)O)O,NIHOVCAR3,0.5672468,-0.4560339,1.1920425,2.5674121,-2.6183128,2.1511261
equol,C1C(COC2=C1C=CC(=C2)O)C3=CC=C(C=C3)O,NIHOVCAR3,6.46167,5.0513783,7.0558915,7.359437,5.39301,7.448637
cidofovir,C1=CN(C(=O)N=C1N)CC(CO)OCP(=O)(O)O,NIHOVCAR3,2.6017916,2.7649348,1.5960225,3.647886,2.808339,2.191775
nilotinib,CC1=C(C=C(C=C1)C(=O)NC2=CC(=CC(=C2)C(F)(F)F)N3C=C(N=C3)C)NC4=NC=CC(=N4)C5=CN=CC=C5,NIHOVCAR3,4.862221,4.029671,4.8938766,5.6022234,4.5630655,5.222267
meloxicam,CC1=CN=C(S1)NC(=O)C2=C(C3=CC=CC=C3S(=O)(=O)N2C)O,NIHOVCAR3,2.8191,0.36233163,2.9995916,4.4506364,2.3858516,3.8970888
doxifluridine,CC1C(C(C(O1)N2C=C(C(=O)NC2=O)F)O)O,NIHOVCAR3,7.1457376,5.5788155,8.2675705,8.18882,5.738386,7.955094
ebastine,CC(C)(C)C1=CC=C(C=C1)C(=O)CCCN2CCC(CC2)OC(C3=CC=CC=C3)C4=CC=CC=C4,NIHOVCAR3,5.6666307,4.028403,5.81706,6.774694,5.1515064,6.561488
triclabendazole,CSC1=NC2=CC(=C(C=C2N1)Cl)OC3=C(C(=CC=C3)Cl)Cl,NIHOVCAR3,3.9587524,3.1334245,3.9917877,4.745991,3.3189154,4.6036425
flumethasone,CC1CC2C3CC(C4=CC(=O)C=CC4(C3(C(CC2(C1(C(=O)CO)O)C)O)F)C)F,NIHOVCAR3,3.766177,3.6511881,3.4702168,4.1343975,3.884882,3.690201
dirithromycin,CCC1C(C2C(C(C(CC(C(C(C(C(C(=O)O1)C)OC3CC(C(C(O3)C)O)(C)OC)C)OC4C(C(CC(O4)C)N(C)C)O)(C)O)C)NC(O2)COCCOC)C)(C)O,NIHOVCAR3,-0.57935077,-2.5996697,0.2130137,1.9546778,-3.7238736,1.2590982
nonoxynol-9,CCCCCCCCCC1=CC=C(C=C1)OCCOCCOCCOCCOCCOCCOCCOCCOCCO,NIHOVCAR3,5.6708584,2.4760075,6.3024106,7.4071717,5.3522873,6.816416
trametinib,CC1=C2C(=C(N(C1=O)C)NC3=C(C=C(C=C3)I)F)C(=O)N(C(=O)N2C4=CC=CC(=C4)NC(=O)C)C5CC5,NIHOVCAR3,2.504093,1.5207477,2.1142516,2.9421785,3.3189154,2.6243713
tipiracil,C1CC(=N)N(C1)CC2=C(C(=O)NC(=O)N2)Cl,NIHOVCAR3,3.5403728,3.5861008,2.9904742,4.2447824,3.03024,3.8502667
domperidone,C1CN(CCC1N2C3=C(C=C(C=C3)Cl)NC2=O)CCCN4C5=CC=CC=C5NC4=O,NIHOVCAR3,4.19507,2.8854427,4.5341063,5.077147,3.953188,4.5254645
idoxuridine,C1C(C(OC1N2C=C(C(=O)NC2=O)I)CO)O,NIHOVCAR3,7.149006,6.088015,8.247207,7.968048,5.7347975,7.706964
indoprofen,CC(C1=CC=C(C=C1)N2CC3=CC=CC=C3C2=O)C(=O)O,NIHOVCAR3,4.4341993,3.373047,4.4322844,5.2800174,4.0605264,5.025123
podophyllotoxin,COC1=CC(=CC(=C1OC)OC)C2C3C(COC3=O)C(C4=CC5=C(C=C24)OCO5)O,NIHOVCAR3,3.3307076,2.1948416,3.5934904,4.4029016,2.5596194,3.9026852
curcumin,COC1=C(C=CC(=C1)C=CC(=O)CC(=O)C=CC2=CC(=C(C=C2)O)OC)O,NIHOVCAR3,4.5464597,4.3720627,4.035115,5.1338315,4.5077696,4.68352
oridonin,CC1(CCC(C23C1C(C(C45C2CCC(C4O)C(=C)C5=O)(OC3)O)O)O)C,NIHOVCAR3,5.1308036,6.066169,4.6630807,4.8235593,5.17126,4.9299498
ziprasidone,C1CN(CCN1CCC2=C(C=C3C(=C2)CC(=O)N3)Cl)C4=NSC5=CC=CC=C54,NIHOVCAR3,4.287002,2.9160922,4.4899836,5.375486,3.713303,4.9401474
cholecalciferol,CC(C)CCCC(C)C1CCC2C1(CCCC2=CC=C3CC(CCC3=C)O)C,NIHOVCAR3,0.41365394,-1.0776579,1.6511043,2.3592708,-3.2023654,2.3379178
benzydamine,CN(C)CCCOC1=NN(C2=CC=CC=C21)CC3=CC=CC=C3,NIHOVCAR3,3.9751453,3.1975095,3.9953036,5.03538,2.7991595,4.848373
halcinonide,CC1(OC2CC3C4CCC5=CC(=O)CCC5(C4(C(CC3(C2(O1)C(=O)CCl)C)O)F)C)C,NIHOVCAR3,3.9984117,2.6729515,3.9361176,4.6594734,4.2524347,4.47108
fleroxacin,CN1CCN(CC1)C2=C(C=C3C(=C2F)N(C=C(C3=O)C(=O)O)CCF)F,NIHOVCAR3,-4.377322,-1.2051258,-4.7982783,-6.84807,-4.2417827,-4.793354
teriflunomide,CC(=C(C#N)C(=O)NC1=CC=C(C=C1)C(F)(F)F)O,NIHOVCAR3,5.0787125,5.1168356,4.5442886,5.569406,5.1515064,5.011527
icotinib,C#CC1=CC(=CC=C1)NC2=NC=NC3=CC4=C(C=C32)OCCOCCOCCO4,NIHOVCAR3,4.23364,4.1729684,3.5064738,4.334284,5.2014713,3.9530025
ingenol-mebutate,CC=C(C)C(=O)OC1C(=CC23C1(C(C(=CC(C2=O)C4C(C4(C)C)CC3C)CO)O)O)C,NIHOVCAR3,-3.1452608,-2.4362915,-3.7356586,-3.7005477,-2.3392339,-3.5145733
triapine,C1=CC(=C(N=C1)C=NNC(=S)N)N,NIHOVCAR3,4.082133,3.6027362,3.3777616,4.919028,4.4020576,4.109082
deferasirox,C1=CC=C(C(=C1)C2=NN(C(=N2)C3=CC=CC=C3O)C4=CC=C(C=C4)C(=O)O)O,NIHOVCAR3,5.01035,4.4912663,4.6019874,5.45902,5.375781,5.1236954
danazol,CC12CCC3C(C1CCC2(C#C)O)CCC4=CC5=C(CC34C)C=NO5,NIHOVCAR3,5.2623167,5.7771177,4.876906,5.3516183,5.0666814,5.2392626
ciclopirox,CC1=CC(=O)N(C(=C1)C2CCCCC2)O,NIHOVCAR3,6.5167084,4.9411407,7.120379,7.765178,5.5291433,7.2276998
eltrombopag,CC1=C(C=C(C=C1)N2C(=O)C(=C(N2)C)N=NC3=CC=CC(=C3O)C4=CC(=CC=C4)C(=O)O)C,NIHOVCAR3,4.301741,3.708483,4.1217284,4.9100776,4.1987653,4.5696516
triamcinolone,CC12CC(C3(C(C1CC(C2(C(=O)CO)O)O)CCC4=CC(=O)C=CC43C)F)O,NIHOVCAR3,4.8492413,4.3111935,4.853148,5.3426685,4.754861,4.984335
oxibendazole,CCCOC1=CC2=C(C=C1)N=C(N2)NC(=O)OC,NIHOVCAR3,4.939166,3.8356493,4.9108467,5.787193,4.899086,5.263056
dofetilide,CN(CCC1=CC=C(C=C1)NS(=O)(=O)C)CCOC2=CC=C(C=C2)NS(=O)(=O)C,NIHOVCAR3,3.831129,3.9434392,3.290745,4.355168,3.4181223,4.1481714
ribavirin,C1=NC(=NN1C2C(C(C(O2)CO)O)O)C(=O)N,NIHOVCAR3,4.372561,4.183113,4.274461,5.032397,3.6043382,4.7684956
temazepam,CN1C2=C(C=C(C=C2)Cl)C(=NC(C1=O)O)C3=CC=CC=C3,NIHOVCAR3,4.5138235,3.6068952,4.398344,5.127865,4.3191147,5.116897
tanespimycin,CC1CC(C(C(C=C(C(C(C=CC=C(C(=O)NC2=CC(=O)C(=C(C1)C2=O)NCC=C)C)OC)OC(=O)N)C)C)O)OC,NIHOVCAR3,2.0933251,1.7108269,2.1465175,3.1044593,0.82342434,2.6813974
enocitabine,CCCCCCCCCCCCCCCCCCCCCC(=O)NC1=NC(=O)N(C=C1)C2C(C(C(O2)CO)O)O,NIHOVCAR3,3.539454,2.2743115,3.6968222,4.537154,2.9558353,4.2331476
nithiamide,CC(=O)NC1=NC=C(S1)[N+](=O)[O-],NIHOVCAR3,4.2605047,4.402498,3.2581139,4.4864364,5.109675,4.0457993
CPP,C1CN(C[C@@H](N1)C(=O)O)CCCP(=O)(O)O,NIHOVCAR3,4.968776,3.7759843,5.1212783,5.6708407,4.7883854,5.4873924
colfosceril-palmitate,CCCCCCCCCCCCCCCC(=O)OCC(COP(=O)(O)OCC[N+](C)(C)C)OC(=O)CCCCCCCCCCCCCCC,NIHOVCAR3,3.0616586,1.7188351,3.2236698,4.0329623,2.595479,3.737347
CGP-37849,CC(=CC(C(=O)O)N)CP(=O)(O)O,NIHOVCAR3,3.2417405,3.0554078,2.9685922,4.012079,2.5503197,3.6223028
costunolide,CC1=CCCC(=CC2C(CC1)C(=C)C(=O)O2)C,NIHOVCAR3,4.488656,0.057531506,5.9969454,6.55989,3.3490028,6.4799113
SRT1720,C1CN(CCN1)CC2=CSC3=NC(=CN23)C4=CC=CC=C4NC(=O)C5=NC6=CC=CC=C6N=C5.Cl,NIHOVCAR3,2.435586,0.9565639,2.4926038,3.1141503,2.626667,2.9879448
epothilone-a,CC1CCCC2C(O2)CC(OC(=O)CC(C(C(=O)C(C1O)C)(C)C)O)C(=CC3=CSC(=N3)C)C,NIHOVCAR3,1.0103505,-0.20532277,2.0423446,2.9048173,-2.0831714,2.3930843
PIK-75,CC1=C(C=C(C=C1)[N+](=O)[O-])S(=O)(=O)N(C)N=CC2=CN=C3N2C=C(C=C3)Br,NIHOVCAR3,3.7850971,4.142534,3.2037287,4.0956135,4.005231,3.47838
VU0238429,COC1=CC=C(C=C1)CN2C3=C(C=C(C=C3)OC(F)(F)F)C(=O)C2=O,NIHOVCAR3,5.4174204,4.6789474,5.382621,6.2585683,5.0620337,5.704931
VU0361737,COC1=C(C=CC(=C1)NC(=O)C2=CC=CC=N2)Cl,NIHOVCAR3,5.0975823,4.7854695,4.842965,5.8438773,4.8749075,5.1406903
skepinone-l,C1CC2=C(C=CC(=C2)NC3=C(C=C(C=C3)F)F)C(=O)C4=C1C=CC(=C4)OCC(CO)O,NIHOVCAR3,5.679918,4.3568454,5.92567,6.500222,5.2966948,6.3201566
BAN-ORL-24,C1CC(N(C1)CC2=CC=CC=C2)C(=O)NCCCN3CCC4(CC3)C5=CC=CC=C5CO4,NIHOVCAR3,5.099554,4.569889,5.168795,5.548522,4.9611034,5.2494597
CNX-774,CNC(=O)C1=NC=CC(=C1)OC2=CC=C(C=C2)NC3=NC=C(C(=N3)NC4=CC(=CC=C4)NC(=O)C=C)F,NIHOVCAR3,3.3765888,1.8407519,3.42127,4.4476523,3.1668525,4.006417
maytansinol-isobutyrate,CC1C2CC(C(C=CC=C(CC3=CC(=C(C(=C3)OC)Cl)N(C(=O)CC(C4(C1O4)C)OC(=O)C(C)C)C)C)OC)(NC(=O)O2)O,NIHOVCAR3,-1.8536932,-2.0487463,-1.7360454,-0.26031065,-4.2502165,-0.97314715
"hydroxytacrine-maleate-(r,s)",C1CC(C2=C(C3=CC=CC=C3N=C2C1)N)O,NIHOVCAR3,2.5849316,-0.057426244,2.7205956,3.9240687,2.2812052,4.056214
LY303511,C1CN(CCN1)C2=CC(=O)C3=C(O2)C(=CC=C3)C4=CC=CC=C4,NIHOVCAR3,3.9992986,3.164074,3.9198024,4.766875,3.5522952,4.5934453
dihydromyricetin,C1=C(C=C(C(=C1O)O)O)C2C(C(=O)C3=C(C=C(C=C3O2)O)O)O,NIHOVCAR3,2.7539437,1.5002136,2.7570655,3.6734507,2.9558353,2.883153
JIB04,C1=CC=C(C=C1)C(=NNC2=NC=C(C=C2)Cl)C3=CC=CC=N3,NIHOVCAR3,6.1815996,5.4907527,6.122525,6.9835305,5.6307344,6.6804543
GS-39783,CSC1=NC(=C(C(=N1)NC2CCCC2)[N+](=O)[O-])NC3CCCC3,NIHOVCAR3,5.097533,4.8082952,4.707203,5.4828877,5.375781,5.1134977
KPT-276,C1C(CN1C(=O)C=CN2C=NC(=N2)C3=CC(=CC(=C3)C(F)(F)F)C(F)(F)F)(F)F,NIHOVCAR3,4.2036014,2.1610408,4.496772,5.45902,3.967825,4.933349
G-1,CC(=O)C1=CC2=C(C=C1)NC(C3C2C=CC3)C4=CC5=C(C=C4Br)OCO5,NIHOVCAR3,2.7179127,1.6621661,2.5373333,3.5436502,2.5833852,3.2630289
LY456236,COC1=CC=C(C=C1)NC2=NC=NC3=C2C=C(C=C3)OC.Cl,NIHOVCAR3,4.897834,4.2490554,4.6189575,5.339685,5.3413234,4.9401474
GW-405833,CC1=C(C2=C(N1C(=O)C3=C(C(=CC=C3)Cl)Cl)C=CC(=C2)OC)CCN4CCOCC4,NIHOVCAR3,5.112352,3.7324963,5.3181334,6.204867,4.5435495,5.7627144
CGS-15943,C1=COC(=C1)C2=NN3C(=N2)C4=C(C=CC(=C4)Cl)N=C3N,NIHOVCAR3,5.2185006,4.6764107,5.0737615,5.500788,5.3303595,5.5111856
WZ-4002,CN1CCN(CC1)C2=CC(=C(C=C2)NC3=NC=C(C(=N3)OC4=CC=CC(=C4)NC(=O)C=C)Cl)OC,NIHOVCAR3,3.275229,0.6924835,3.6859453,4.6714067,3.1237545,4.2025557
PETCM,C1=CN=CC=C1CC(C(Cl)(Cl)Cl)O,NIHOVCAR3,3.046042,3.7245183,2.4642894,3.788187,2.4357047,2.8175101
baicalein,C1=CC=C(C=C1)C2=CC(=O)C3=C(O2)C=C(C(=C3O)O)O,NIHOVCAR3,3.8003736,2.5147674,4.019679,4.796709,3.2693124,4.4013996
NSC-663284,C1COCCN1CCNC2=C(C(=O)C3=C(C2=O)N=CC=C3)Cl,NIHOVCAR3,2.4649384,2.56334,2.211037,2.8885732,1.7399938,2.921748
YM-201636,C1COCCN1C2=NC(=NC3=C2OC4=C3C=CC=N4)C5=CC(=CC=C5)NC(=O)C6=CN=C(C=C6)N,NIHOVCAR3,3.4221687,1.9294894,3.1855085,3.6351037,4.9488926,3.4118497
acetylsalicylsalicylic-acid,CC(=O)OC1=CC=CC=C1C(=O)OC2=CC=CC=C2C(=O)O,NIHOVCAR3,5.4520454,3.9485118,5.698268,6.291385,5.277228,6.044834
NVP-BHG712,CC1=C(C=C(C=C1)C(=O)NC2=CC=CC(=C2)C(F)(F)F)NC3=C4C=NN(C4=NC(=N3)C5=CN=CC=C5)C,NIHOVCAR3,3.485372,3.327073,3.2526753,3.9419692,3.2790704,3.6260748
AZ-628,CC1=C(C=C(C=C1)NC(=O)C2=CC(=CC=C2)C(C)(C)C#N)NC3=CC4=C(C=C3)N=CN(C4=O)C,NIHOVCAR3,3.2478669,3.549978,2.755242,3.6142602,3.053009,3.266845
CHIR-98014,C1=CC(=C(C=C1Cl)Cl)C2=NC(=NC=C2N3C=CN=C3)NCCNC4=NC(=C(C=C4)[N+](=O)[O-])N,NIHOVCAR3,4.3166246,4.521701,3.8762937,4.441686,4.67691,4.06653
mexeneone,CC1=CC=C(C=C1)C(=O)C2=C(C=C(C=C2)OC)O,NIHOVCAR3,5.7247224,5.4566813,5.484442,6.333153,5.2569146,6.0924215
IEM1754,C1C2CC3CC1CC(C2)(C3)CNCCCCCN,NIHOVCAR3,8.46536,7.368577,10.57553,9.137536,4.992315,10.252844
LE-135,CC1(CCC(C2=CC3=C(C=C21)N=C(C4=CC=CC=C4N3C)C5=CC=C(C=C5)C(=O)O)(C)C)C,NIHOVCAR3,2.5712924,1.9787261,2.4642894,3.0445158,2.5523863,2.8165448
4-iodo-6-phenylpyrimidine,C1=CC=C(C=C1)C2=CC(=NC=N2)I,NIHOVCAR3,6.65848,6.020794,7.038921,7.490706,5.5924587,7.149522
NVP-AEW541,C1CN(C1)CC2CC(C2)N3C=C(C4=C(N=CN=C43)N)C5=CC(=CC=C5)OCC6=CC=CC=C6,NIHOVCAR3,4.5480566,3.709819,4.5375004,5.038363,4.585834,4.8687673
RN-1734,CC(C)NCCN(C(C)C)S(=O)(=O)C1=C(C=C(C=C1)Cl)Cl,NIHOVCAR3,3.1368108,2.3338883,2.9339457,3.591797,3.3156629,3.5087602
trequinsin,CC1=CC(=C(C(=C1)C)N=C2C=C3C4=CC(=C(C=C4CCN3C(=O)N2C)OC)OC)C,NIHOVCAR3,1.4983914,0.77544737,0.6882164,2.1078959,2.2412148,1.6791824
"2,3-DCPE",C1=CC(=C(C(=C1)Cl)Cl)OCCCNCCO,NIHOVCAR3,4.611329,3.9434392,4.4339814,5.268084,4.6613398,4.749801
CCT129202,CN(C)C1=CC=C(C=C1)C2=NC3=NC=C(C(=C3N2)N4CCN(CC4)CC(=O)NC5=NC=CS5)Cl,NIHOVCAR3,4.9897194,3.0372965,5.209524,5.8140435,5.3867455,5.500988
8-bromo-cGMP,C1C2C(C(C(O2)N3C4=C(C(=O)NC(=N4)N)N=C3Br)O)OP(=O)(O1)O,NIHOVCAR3,5.024825,2.977391,5.382621,5.8856444,5.282306,5.5961614
fendiline,CC(C1=CC=CC=C1)NCCC(C2=CC=CC=C2)C3=CC=CC=C3,NIHOVCAR3,5.221423,4.241447,5.138249,6.1989007,4.820188,5.7083297
LY2183240,CN(C)C(=O)N1C(=NN=N1)CC2=CC=C(C=C2)C3=CC=CC=C3,NIHOVCAR3,6.4011016,5.1755543,6.4755077,7.5921416,5.5482016,7.214103
SU3327,C1=C(SC(=N1)SC2=NN=C(S2)N)[N+](=O)[O-],NIHOVCAR3,-0.4949265,1.4917257,-2.7970996,-1.9625384,2.9448571,-2.1515772
BAY-11-7085,CC(C)(C)C1=CC=C(C=C1)S(=O)(=O)C=CC#N,NIHOVCAR3,6.4901266,5.4600883,6.8861885,7.5265074,5.537098,7.0407524
bisindolylmaleimide-ix,CN1C=C(C2=CC=CC=C21)C3=C(C(=O)NC3=O)C4=CN(C5=CC=CC=C54)CCCSC(=N)N,NIHOVCAR3,5.4452925,4.7651796,5.572688,5.7752595,5.411806,5.7015314
TG-100572,CC1=CC(=CC2=C1N=C(N=N2)NC3=CC=C(C=C3)OCCN4CCCC4)C5=C(C=CC(=C5)O)Cl,NIHOVCAR3,5.31487,3.7849247,5.508201,6.1839833,5.3413234,5.755916
tetrahydropapaverine,COC1=C(C=C(C=C1)CC2C3=CC(=C(C=C3CCN2)OC)OC)OC,NIHOVCAR3,1.6795648,2.4422722,-0.58493936,1.850691,2.8263931,1.8634073
Ro-90-7501,C1=CC(=CC=C1C2=NC3=C(N2)C=C(C=C3)C4=NC5=C(N4)C=C(C=C5)N)N,NIHOVCAR3,4.8055825,4.05757,4.7716904,4.9399114,5.328793,4.9299498
CR8-(R),CCC(CO)NC1=NC(=C2C(=N1)N(C=N2)C(C)C)NCC3=CC=C(C=C3)C4=CC=CC=N4,NIHOVCAR3,0.44043988,-0.24108732,-0.95621085,1.5001947,0.4673826,1.4319204
ABT-702,C1COCCN1C2=NC=C(C=C2)C3=NC4=NC=NC(=C4C(=C3)C5=CC(=CC=C5)Br)N,NIHOVCAR3,3.3940818,2.7746868,3.2164185,3.7261598,3.6913471,3.5617974
pirenperone,CC1=C(C(=O)N2C=CC=CC2=N1)CCN3CCC(CC3)C(=O)C4=CC=C(C=C4)F,NIHOVCAR3,5.073503,4.146338,5.09752,5.60819,5.0178785,5.4975896
BIBU-1361,CCN(CC)CC1CCN(CC1)C2=NC=C3C(=N2)C(=NC=N3)NC4=CC(=C(C=C4)F)Cl,NIHOVCAR3,1.9683031,-0.49377722,2.1935265,2.6379359,2.8050566,2.6987736
SGI-1027,CC1=CC(=NC(=N1)N)NC2=CC=C(C=C2)NC(=O)C3=CC=C(C=C3)NC4=CC=NC5=CC=CC=C54,NIHOVCAR3,4.0081882,3.398124,3.6369984,4.5282044,4.278456,4.199157
1-azakenpaullone,C1C2=C(C3=C(C=CC=N3)NC1=O)NC4=C2C=C(C=C4)Br,NIHOVCAR3,5.983208,4.3035846,6.4042325,6.9686136,5.4741807,6.7654305
digitoxigenin,CC12CCC(CC1CCC3C2CCC4(C3(CCC4C5=CC(=O)OC5)O)C)O,NIHOVCAR3,4.809849,1.1779771,5.8476067,5.787193,5.0794635,6.1570024
ZM-447439,COC1=C(C=C2C(=C1)C(=NC=N2)NC3=CC=C(C=C3)NC(=O)C4=CC=CC=C4)OCCCN5CCOCC5,NIHOVCAR3,3.3668334,1.9369497,3.3215635,3.9732945,3.985715,3.6166446
BIBR-1532,CC(=CC(=O)NC1=CC=CC=C1C(=O)O)C2=CC3=CC=CC=C3C=C2,NIHOVCAR3,5.7303624,4.7423534,5.677904,6.4853053,5.4770765,6.2691708
NH125,CCCCCCCCCCCCCCCCN1C=C[N+](=C1C)CC2=CC=CC=C2.[I-],NIHOVCAR3,2.5582476,2.6009998,2.4030674,3.6606684,0.6443246,3.4821775
PLX-4720,CCCS(=O)(=O)NC1=C(C(=C(C=C1)F)C(=O)C2=CNC3=C2C=C(C=N3)Cl)F,NIHOVCAR3,5.3529024,4.9745207,5.2638288,6.016914,5.0864353,5.4228106
arctigenin,COC1=C(C=C(C=C1)CC2COC(=O)C2CC3=CC(=C(C=C3)O)OC)OC,NIHOVCAR3,-0.60037553,1.1792657,-1.9041436,-1.5717614,0.50478494,-1.2100236
ku-0063794,CC1CN(CC(O1)C)C2=NC3=C(C=CC(=N3)C4=CC(=C(C=C4)OC)CO)C(=N2)N5CCOCC5,NIHOVCAR3,4.063773,0.37786877,4.6630807,5.4202366,4.795167,5.0625124
WYE-354,COC(=O)NC1=CC=C(C=C1)C2=NC3=C(C=NN3C4CCN(CC4)C(=O)OC)C(=N2)N5CCOCC5,NIHOVCAR3,5.1930346,2.7489135,5.5659,6.204867,5.543418,5.902075
PD-168393,C=CC(=O)NC1=CC2=C(C=C1)N=CN=C2NC3=CC(=CC=C3)Br,NIHOVCAR3,4.7552156,3.164074,4.8259954,5.8856444,4.756277,5.144089
SB-205384,CC#CCOC(=O)C1=C(N=C2C(=C1N)C3=C(S2)CC(CC3)O)C,NIHOVCAR3,-2.3904028,-1.6559722,-3.0546865,-1.9595703,-3.3908157,-1.8909696
RKI-1447,C1=CC(=CC(=C1)O)CNC(=O)NC2=NC(=CS2)C3=CC=NC=C3,NIHOVCAR3,5.622645,4.884345,5.5489297,6.354037,5.410239,5.9156713
TMS,COC1=CC(=C(C=C1)C=CC2=CC(=CC(=C2)OC)OC)OC,NIHOVCAR3,5.656376,5.185828,5.447108,6.5330396,5.0608716,6.055032
TG-02,CN1CC=CCCOC2=CC=CC(=C2)C3=NC(=NC=C3)NC4=CC=CC(=C4)C1,NIHOVCAR3,4.79524,2.1661844,4.992304,6.0407805,5.0074205,5.769512
scriptaid,C1=CC2=C3C(=C1)C(=O)N(C(=O)C3=CC=C2)CCCCCC(=O)NO,NIHOVCAR3,3.361403,2.2449582,3.5191636,4.316384,2.8649511,3.8615584
VE-821,CS(=O)(=O)C1=CC=C(C=C1)C2=CN=C(C(=N2)C(=O)NC3=CC=CC=C3)N,NIHOVCAR3,5.2629366,4.4227877,5.175583,5.9930463,5.1271043,5.5961614
U-0126,C1=CC=C(C(=C1)N)SC(=C(C#N)C(=C(N)SC2=CC=CC=C2N)C#N)N,NIHOVCAR3,3.5211658,4.0448885,2.6804786,4.080696,3.2758174,3.5239487
ZM-306416,COC1=C(C=C2C(=C1)C(=NC=N2)NC3=C(C=C(C=C3)Cl)F)OC,NIHOVCAR3,3.0609922,1.4914589,3.3995159,3.9360025,3.0090976,3.4688861
GSK650394,C1CCC(C1)C2=C(C=CC(=C2)C3=CNC4=C3C=C(C=N4)C5=CC=CC=C5)C(=O)O,NIHOVCAR3,5.464629,4.0017724,5.854395,6.3212194,5.213091,5.9326663
digoxigenin,CC12CCC(CC1CCC3C2CC(C4(C3(CCC4C5=CC(=O)OC5)O)C)O)O,NIHOVCAR3,4.428939,1.3513167,5.168795,5.1964827,4.9611034,5.466998
Ro-10-5824,CC1=NC=C(C(=N1)N)CN2CCC(=CC2)C3=CC=CC=C3,NIHOVCAR3,5.9260087,5.025977,5.6337814,6.9298296,5.56734,6.473113
FERb-033,C1=CC(=C(C=C1C2=C(C(=C(C=C2)C=NO)O)Cl)F)O,NIHOVCAR3,3.8873687,3.5249012,3.6315598,4.519254,3.3750243,4.386104
PFI-1,CN1CC2=C(C=CC(=C2)NS(=O)(=O)C3=CC=CC=C3OC)NC1=O,NIHOVCAR3,4.909519,3.9941642,4.707203,5.6529408,4.8214607,5.371825
GW-441756,CN1C=C(C2=CC=CC=C21)C=C3C4=C(C=CC=N4)NC3=O,NIHOVCAR3,4.656198,3.513756,4.758114,5.6350408,3.958067,5.416013
CMPD-1,C1=CC=C(C(=C1)C2=CC=C(C=C2)CCCC(=O)NC3=CC=C(C=C3)O)F,NIHOVCAR3,5.455722,4.6662664,5.453896,6.2347007,5.215415,5.7083297
AM-251,CC1=C(N(N=C1C(=O)NN2CCCCC2)C3=C(C=C(C=C3)Cl)Cl)C4=CC=C(C=C4)I,NIHOVCAR3,7.38348,5.4703093,8.34224,8.898865,5.7886233,8.417363
NSC-23766,CCN(CC)CCCC(C)NC1=NC(=CC(=N1)NC2=CC3=C(C=C(N=C3C=C2)C)N)C,NIHOVCAR3,4.489955,3.2253728,4.242217,5.2293,4.80594,4.946945
GSK429286A,CC1=C(C(CC(=O)N1)C2=CC=C(C=C2)C(F)(F)F)C(=O)NC3=C(C=C4C(=C3)C=NN4)F,NIHOVCAR3,5.7409883,4.6358314,5.884941,6.6404414,5.3085437,6.235181
EMD-53998,CC1C(=NNC(=O)S1)C2=CC3=C(C=C2)N(CCC3)C(=O)C4=CC(=C(C=C4)OC)OC,NIHOVCAR3,3.574695,3.2295523,3.187331,4.2686496,3.0261745,4.161768
amonafide,CN(C)CCN1C(=O)C2=CC=CC3=CC(=CC(=C32)C1=O)N,NIHOVCAR3,4.4591327,3.6373932,4.406829,5.127865,4.275203,4.848373
ZK-93423,CCOC(=O)C1=NC=C2C(=C1COC)C3=C(N2)C=CC(=C3)OCC4=CC=CC=C4,NIHOVCAR3,2.8731513,1.1363089,2.833653,3.965836,2.837882,3.592076
vanoxerine,C1CN(CCN1CCCC2=CC=CC=C2)CCOC(C3=CC=C(C=C3)F)C4=CC=C(C=C4)F,NIHOVCAR3,5.620715,4.7144547,5.484442,6.6404414,5.2873845,5.9768534
combretastatin-A-4,COC1=C(C=C(C=C1)C=CC2=CC(=C(C(=C2)OC)OC)OC)O,NIHOVCAR3,4.866333,5.252913,4.159063,5.190516,4.9079933,4.8211813
GSK461364,CC(C1=CC=CC=C1C(F)(F)F)OC2=C(SC(=C2)N3C=NC4=C3C=C(C=C4)CN5CCN(CC5)C)C(=O)N,NIHOVCAR3,3.1915505,1.4999087,3.5662975,4.164231,2.888342,3.8389745
BMS-986020,CC1=NOC(=C1NC(=O)OC(C)C2=CC=CC=C2)C3=CC=C(C=C3)C4=CC=C(C=C4)C5(CC5)C(=O)O,NIHOVCAR3,3.4895425,2.5740294,3.3632588,4.387985,3.206698,3.9157412
camptothecin,CCC1(C2=C(COC1=O)C(=O)N3CC4=CC5=CC=CC=C5N=C4C3=C2)O,NIHOVCAR3,-0.37595984,-0.7473411,-1.0036967,1.2442782,-1.496961,0.123921506
LY2603618,CC1=CC(=C(C=C1Br)NC(=O)NC2=NC=C(N=C2)C)OCC3CNCCO3,NIHOVCAR3,4.6848726,4.213548,4.4831953,5.145765,4.840549,4.7413034
frentizole,COC1=CC2=C(C=C1)N=C(S2)NC(=O)NC3=CC=CC=C3,NIHOVCAR3,4.6147766,3.3006032,4.595199,5.6947083,4.475243,5.008128
VLX600,CC1=C2C(=CC=C1)C3=C(N2)N=C(N=N3)NN=C(C)C4=CC=CC=N4,NIHOVCAR3,4.3439207,3.3925512,4.111546,5.047313,4.635929,4.532263
CGM097,CC(C)OC1=C(C=C2CC(=O)N(C(C2=C1)C3=CC=C(C=C3)Cl)C4=CC=C(C=C4)N(C)CC5CCC(CC5)N6CCN(C(=O)C6)C)OC,NIHOVCAR3,0.5231621,-0.51053876,0.40961105,1.7224799,-0.39350116,1.3877596
BF2.649,C1CCN(CC1)CCCOCCCC2=CC=C(C=C2)Cl,NIHOVCAR3,5.3309183,3.4900723,5.5659,6.706076,4.5825815,6.3099594
tiotidine,CN=C(NCCSCC1=CSC(=N1)N=C(N)N)NC#N,NIHOVCAR3,4.0371037,0.6573395,4.2082767,5.3217845,5.282306,4.715811
MK-0812,CC(C)C1(CCC(C1)NC2CCOCC2OC)C(=O)N3CCC4=C(C3)C=C(C=N4)C(F)(F)F,NIHOVCAR3,5.751004,4.6180778,6.156466,6.4524884,5.432168,6.0958204
MK-2461,CN1C=C(C=N1)C2=CC3=C(C=CC4=C(C3=O)C=C(C=C4)NS(=O)(=O)N(C)CC5COCCO5)N=C2,NIHOVCAR3,2.5597324,2.3834145,2.5610392,2.932432,2.0666184,2.855158
ICI-162846,C1=CN(N=C1NC(=NCC(F)(F)F)N)CCCCC(=O)N,NIHOVCAR3,2.553567,2.45591,2.4222655,3.343504,1.8348324,2.711323
ixazomib,B(C(CC(C)C)NC(=O)CNC(=O)C1=C(C=CC(=C1)Cl)Cl)(O)O,NIHOVCAR3,1.7791675,0.9120069,1.9169681,3.1319172,0.1570149,2.7779312
SR-27897,C1=CC=C2C(=C1)C=C(N2CC(=O)O)C(=O)NC3=NC(=CS3)C4=CC=CC=C4Cl,NIHOVCAR3,3.647527,2.8784769,3.676881,4.4237857,3.2758174,3.9826736
selumetinib,CN1C=NC2=C1C=C(C(=C2F)NC3=C(C=C(C=C3)Br)Cl)C(=O)NOCCO,NIHOVCAR3,4.775341,4.294708,4.530712,5.2949343,4.918174,4.8381763
CB-10-277,CN(C)N=NC1=CC=C(C=C1)C(=O)O,NIHOVCAR3,4.901075,4.7144547,4.4237995,5.2024493,5.282306,4.882364
alisertib,COC1=C(C(=CC=C1)F)C2=NCC3=CN=C(N=C3C4=C2C=C(C=C4)Cl)NC5=CC(=C(C=C5)C(=O)O)OC,NIHOVCAR3,2.8639622,1.3393397,2.9503572,3.5484748,3.2701254,3.2115138
PHA-793887,CC(C)CC(=O)NC1=NNC2=C1CN(C2(C)C)C(=O)C3CCN(CC3)C,NIHOVCAR3,0.39424992,-0.12668326,1.4588073,2.5198193,-4.0927935,2.2120996
voxtalisib,CCN1C2=NC(=NC(=C2C=C(C1=O)C3=CC=NN3)C)N,NIHOVCAR3,2.0957174,2.3712122,1.0275946,2.222195,3.0070648,1.8505198
AMG-208,COC1=CC2=NC=CC(=C2C=C1)OCC3=NN=C4N3N=C(C=C4)C5=CC=CC=C5,NIHOVCAR3,5.313216,3.9485118,5.4810486,6.0914984,5.282306,5.7627144
salvinorin-a,CC(=O)OC1CC(C2(CCC3C(=O)OC(CC3(C2C1=O)C)C4=COC=C4)C)C(=O)OC,NIHOVCAR3,4.0015783,3.5040038,4.1862154,4.713174,2.7629218,4.841575
sulmazole,COC1=C(C=CC(=C1)S(=O)C)C2=NC3=C(N2)C=CC=N3,NIHOVCAR3,4.4467363,3.3396115,4.3100986,5.020463,4.885088,4.678421
torcetrapib,CCC1CC(C2=C(N1C(=O)OCC)C=CC(=C2)C(F)(F)F)N(CC3=CC(=CC(=C3)C(F)(F)F)C(F)(F)F)C(=O)OC,NIHOVCAR3,4.4470534,3.55973,4.6087756,5.429187,3.5750642,5.0625124
tecastemizole,C1CNCCC1NC2=NC3=CC=CC=C3N2CC4=CC=C(C=C4)F,NIHOVCAR3,5.2866645,4.4608307,5.0160627,5.7722764,5.4384327,5.745719
vincristine,CCC1(CC2CC(C3=C(CCN(C2)C1)C4=CC=CC=C4N3)(C5=C(C=C6C(=C5)C78CCN9C7C(C=CC9)(C(C(C8N6C=O)(C(=O)OC)O)OC(=O)C)CC)OC)C(=O)OC)O,NIHOVCAR3,-2.277102,-2.4473884,-2.0330992,-2.0154493,-3.0757728,-1.8137985
UK-383367,C1CCC(CC1)CCCC(CC(=O)NO)C2=NC(=NO2)C(=O)N,NIHOVCAR3,5.951631,5.47542,6.0546446,6.512156,5.4603605,6.255574
temocapril,CCOC(=O)C(CCC1=CC=CC=C1)NC2CSC(CN(C2=O)CC(=O)O)C3=CC=CS3,NIHOVCAR3,-3.355163,-2.5925138,-3.5951154,-3.2970417,-4.089982,-3.201163
LY2801653,CC1=CC=C(C(=O)N1C2=CC=C(C=C2)F)C(=O)NC3=CC(=C(C=C3)OC4=C(C=C5C(=C4)C=NN5C)C6=CNN=C6)F,NIHOVCAR3,2.9814174,2.1838195,3.003237,3.6830375,2.5472198,3.4897726
crystal-violet,CN(C)C1=CC=C(C=C1)C(=C2C=CC(=[N+](C)C)C=C2)C3=CC=C(C=C3)N(C)C,NIHOVCAR3,5.5990663,3.6096675,6.037674,6.8373446,4.9525557,6.5580893
balapiravir,CC(C)C(=O)OCC1(C(C(C(O1)N2C=CC(=NC2=O)N)OC(=O)C(C)C)OC(=O)C(C)C)N=[N+]=[N-],NIHOVCAR3,2.5393174,0.58846176,3.1053088,3.9181018,1.3794249,3.7052896
STA-5326,CC1=CC(=CC=C1)C=NNC2=CC(=NC(=N2)OCCC3=CC=CC=N3)N4CCOCC4,NIHOVCAR3,5.336875,4.8209767,5.104308,5.954263,5.402408,5.402416
oltipraz,CC1=C(SSC1=S)C2=NC=CN=C2,NIHOVCAR3,-2.0125418,0.36726248,-4.497917,-5.4863462,3.4717917,-3.9174998
tetrahydrouridine,C1CN(C(=O)NC1O)C2C(C(C(O2)CO)O)O,NIHOVCAR3,2.3821633,1.59395,2.4615488,3.965836,-0.00014698505,3.8896272
S-methylcysteine,CSCC(C(=O)O)N,NIHOVCAR3,3.8062458,3.361902,3.5753617,4.4864364,3.4270673,4.180462
AZD1480,CC1=CC(=NN1)NC2=NC(=NC=C2Cl)NC(C)C3=NC=C(C=N3)F,NIHOVCAR3,3.9740791,2.7029395,3.80378,4.48047,4.9525557,3.930649
TG100-115,C1=CC(=CC(=C1)O)C2=NC3=C(N=C(N=C3N=C2C4=CC(=CC=C4)O)N)N,NIHOVCAR3,3.0450497,2.8638487,2.3226166,3.3273523,3.6067777,3.1046526
pibenzimol,CN1CCN(CC1)C2=CC3=C(C=C2)N=C(N3)C4=CC5=C(C=C4)N=C(N5)C6=CC=C(C=C6)O,NIHOVCAR3,2.8464143,0.5544441,3.087082,3.8433938,3.266873,3.4802787
OSI-027,COC1=CC=CC2=C1NC(=C2)C3=C4C(=NC=NN4C(=N3)C5CCC(CC5)C(=O)O)N,NIHOVCAR3,3.0870314,1.4377232,2.9667687,3.5484748,4.158107,3.3240836
lappaconite,CCN1CC2(CCC(C34C2CC(C31)C5(CC(C6CC4C5(C6OC)O)OC)O)OC)OC(=O)C7=CC=CC=C7NC(=O)C,NIHOVCAR3,1.0435482,1.0461369,-0.26888126,1.4709537,2.3417463,0.6277857
PF-05212384,CN(C)C1CCN(CC1)C(=O)C2=CC=C(C=C2)NC(=O)NC3=CC=C(C=C3)C4=NC(=NC(=N4)N5CCOCC5)N6CCOCC6,NIHOVCAR3,3.1988842,0.37134838,3.7512076,4.6356063,3.0099106,4.226349
AZD8931,CNC(=O)CN1CCC(CC1)OC2=C(C=C3C(=C2)C(=NC=N3)NC4=C(C(=CC=C4)Cl)F)OC,NIHOVCAR3,3.5375988,1.5168848,3.557233,4.2984834,4.2199078,4.095486
SB-2343,CC1=NC2=C(N=C(N=C2N1C(C)C)N3CCOCC3)C4=CN=C(N=C4)N,NIHOVCAR3,4.3493323,3.1278517,4.179427,5.0174794,4.627917,4.793988
KW-2478,CCC1=C(C(=C(C=C1O)O)C(=O)C2=CC(=C(C=C2)OCCN3CCOCC3)OC)CC(=O)N(CCOC)CCOC.Cl,NIHOVCAR3,3.5323048,3.3215005,3.3813875,4.2925167,2.6651406,4.000978
TAK-901,CCS(=O)(=O)C1=CC=CC(=C1)C2=CC(=C(C3=C2C4=C(N3)N=CC(=C4)C)C)C(=O)NC5CCN(CC5)C,NIHOVCAR3,3.7863457,2.641935,3.664191,4.405885,4.080043,4.1396737
AZD6482,CC1=CN2C(=O)C=C(N=C2C(=C1)C(C)NC3=CC=CC=C3C(=O)O)N4CCOCC4,NIHOVCAR3,3.6716332,3.488679,3.2417984,4.310417,3.3254209,3.9918492
oxiperomide,C1CN(CCC1N2C3=CC=CC=C3NC2=O)CCOC4=CC=CC=C4,NIHOVCAR3,-0.038549267,1.3922229,-1.3927875,1.6521151,-1.6487283,-0.19556862
resatorvid,CCOC(=O)C1=CCCCC1S(=O)(=O)NC2=C(C=C(C=C2)F)Cl,NIHOVCAR3,4.9829645,4.322606,4.635928,5.5902896,5.021364,5.344633
CPI-1189,CC(=O)NC1=CC=C(C=C1)C(=O)NC(C)(C)C,NIHOVCAR3,6.2375503,5.4430523,6.4144144,7.0431986,5.6678143,6.619272
LY2090314,C1CCN(CC1)C(=O)N2CCN3C=C(C4=CC(=CC(=C43)C2)F)C5=C(C(=O)NC5=O)C6=CN=C7N6C=CC=C7,NIHOVCAR3,3.4462433,2.6567566,3.7983415,4.2537327,2.6852937,3.8370924
etomoxir,CCOC(=O)C1(CO1)CCCCCCOC2=CC=C(C=C2)Cl,NIHOVCAR3,1.0836062,1.878612,0.94822687,3.220751,-3.8086376,3.1790786
dacomitinib,COC1=C(C=C2C(=C1)N=CN=C2NC3=CC(=C(C=C3)F)Cl)NC(=O)C=CCN4CCCCC4,NIHOVCAR3,2.9741282,1.7335806,2.9157107,3.8882682,3.0757775,3.2573051
ABT-737,CN(C)CCC(CSC1=CC=CC=C1)NC2=C(C=C(C=C2)S(=O)(=O)NC(=O)C3=CC=C(C=C3)N4CCN(CC4)CC5=CC=CC=C5C6=CC=C(C=C6)Cl)[N+](=O)[O-],NIHOVCAR3,3.716434,3.4454913,3.5264149,4.2776,3.4579673,3.8746974
dolastatin-10,CCC(C)C(C(CC(=O)N1CCCC1C(C(C)C(=O)NC(CC2=CC=CC=C2)C3=NC=CS3)OC)OC)N(C)C(=O)C(C(C)C)NC(=O)C(C(C)C)N(C)C,NIHOVCAR3,3.3709838,2.3941813,3.2000902,4.2925167,3.06358,3.9045506
IKK-2-inhibitor-V,C1=CC(=C(C=C1Cl)C(=O)NC2=CC(=CC(=C2)C(F)(F)F)C(F)(F)F)O,NIHOVCAR3,5.260857,4.696701,5.253647,5.981113,4.9330187,5.439806
erteberel,C1CC2C(C1)C3=C(C=CC(=C3)O)OC2C4=CC=C(C=C4)O,NIHOVCAR3,4.724106,2.8861394,4.7920547,5.641007,5.0178785,5.28345
AZD8330,CC1=CC(=C(N(C1=O)C)NC2=C(C=C(C=C2)I)F)C(=O)NOCCO,NIHOVCAR3,3.9586263,3.7721014,3.4883451,4.0359454,4.4199476,4.0767913
cytochalasin-b,CC1CCCC(C=CC(=O)OC23C(C=CC1)C(C(=C)C(C2C(NC3=O)CC4=CC=CC=C4)C)O)O,NIHOVCAR3,4.1953516,3.8610117,4.1471834,4.913061,3.3481894,4.707313
pelitinib,CCOC1=C(C=C2C(=C1)N=CC(=C2NC3=CC(=C(C=C3)F)Cl)C#N)NC(=O)C=CCN(C)C,NIHOVCAR3,2.6949682,1.7549944,2.4642894,3.4711018,2.9041986,2.880257
SU014813,CC1=C(NC(=C1C(=O)NCC(CN2CCOCC2)O)C)C=C3C4=C(C=CC(=C4)F)NC3=O,NIHOVCAR3,5.6763167,3.7017577,6.149678,6.798561,5.170098,6.561488
tozasertib,CC1=CC(=NN1)NC2=CC(=NC(=N2)SC3=CC=C(C=C3)NC(=O)C4CC4)N5CCN(CC5)C,NIHOVCAR3,3.9928105,2.67225,4.074211,4.707207,4.19226,4.3181233
flubendazole,COC(=O)NC1=NC2=C(N1)C=C(C=C2)C(=O)C3=CC=C(C=C3)F,NIHOVCAR3,4.297708,3.6922371,4.1420927,5.0920644,3.7783566,4.7837915
clindamycin-phosphate,CCCC1CC(N(C1)C)C(=O)NC(C2C(C(C(C(O2)SC)OP(=O)(O)O)O)O)C(C)Cl,NIHOVCAR3,3.5860379,3.737811,3.1982675,4.104563,3.1936874,3.6958594
obidoxime,C1=C[N+](=CC=C1C=NO)COC[N+]2=CC=C(C=C2)C=NO,NIHOVCAR3,0.9475702,2.6412294,-2.0282328,1.4264007,1.0010856,1.6973681
efonidipine-monoethanolate,CCO.CC1=C(C(C(=C(N1)C)P2(=O)OCC(CO2)(C)C)C3=CC(=CC=C3)[N+](=O)[O-])C(=O)OCCN(CC4=CC=CC=C4)C5=CC=CC=C5,NIHOVCAR3,3.844085,3.343791,4.035115,4.8265424,2.6101785,4.4047985
cediranib,CC1=CC2=C(N1)C=CC(=C2F)OC3=NC=NC4=CC(=C(C=C43)OC)OCCCN5CCCC5,NIHOVCAR3,3.3192108,1.7879057,3.397703,4.1761646,3.3896613,3.8446205
pilaralisib,CC(C)(C(=O)NC1=CC(=CC=C1)S(=O)(=O)NC2=NC3=CC=CC=C3N=C2NC4=C(C=CC(=C4)OC)Cl)N,NIHOVCAR3,4.5836997,3.9573886,4.1997914,4.9339447,5.094569,4.732806
indiplon,CC(=O)N(C)C1=CC=CC(=C1)C2=CC=NC3=C(C=NN23)C(=O)C4=CC=CS4,NIHOVCAR3,5.143035,3.896519,5.158613,6.1123824,4.9379025,5.6097574
CL-218872,CC1=NN=C2N1N=C(C=C2)C3=CC(=CC=C3)C(F)(F)F,NIHOVCAR3,5.117629,4.869165,4.798843,5.7901764,4.8329134,5.2970467
hyoscyamine,CN1C2CCC1CC(C2)OC(=O)C(CO)C3=CC=CC=C3,NIHOVCAR3,3.4314187,2.6334658,3.607993,4.49837,2.0617518,4.3555126
resiquimod,CCOCC1=NC2=C(N1CC(C)(C)O)C3=CC=CC=C3N=C2N,NIHOVCAR3,2.787702,0.19738503,2.5929503,4.310417,2.7303753,4.107383
piperine,C1CCN(CC1)C(=O)C=CC=CC2=CC3=C(C=C2)OCO3,NIHOVCAR3,5.6683035,4.5622807,5.4980183,6.8343616,5.0655193,6.381339
PF-04457845,C1CN(CCC1=CC2=CC(=CC=C2)OC3=NC=C(C=C3)C(F)(F)F)C(=O)NC4=NN=CC=C4,NIHOVCAR3,5.7428026,4.706846,5.881547,6.75381,5.1910133,6.180796
tagatose,C1C(C(C(C(O1)(CO)O)O)O)O,NIHOVCAR3,3.5566978,3.5666928,3.3505688,4.009095,3.2953334,3.5617974
acesulfame-potassium,CC1=CC(=O)[N-]S(=O)(=O)O1.[K+],NIHOVCAR3,6.769803,5.672925,7.619305,7.383305,5.653461,7.5200167
OTS167,CC(=O)C1=CN=C2C=CC(=NC2=C1NC3CCC(CC3)CN(C)C)C4=CC(=C(C(=C4)Cl)O)Cl,NIHOVCAR3,3.8826623,1.9488857,4.311795,4.796709,3.6214147,4.7345057
SB-590885,CN(C)CCOC1=CC=C(C=C1)C2=NC(=C(N2)C3=CC=NC=C3)C4=CC5=C(C=C4)C(=NO)CC5,NIHOVCAR3,4.8916025,4.1120987,4.64611,5.2859845,5.232342,5.181479
SB-505124,CC1=NC(=CC=C1)C2=C(N=C(N2)C(C)(C)C)C3=CC4=C(C=C3)OCO4,NIHOVCAR3,4.4350796,2.7280161,4.4119205,5.2113996,4.8227334,5.0013294
Ro-9187,C1=CN(C(=O)N=C1N)C2C(C(C(O2)(CO)N=[N+]=[N-])O)O,NIHOVCAR3,-0.57643163,-0.98924,-1.8806236,1.4027745,-0.9208206,-0.49424866
ML133,COC1=CC=C(C=C1)CNCC2=CC=CC3=CC=CC=C32,NIHOVCAR3,5.7164845,5.477124,5.3486805,6.5061893,5.358552,5.891878
Ro-106-9920,C1=CC=C(C=C1)S(=O)C2=NN3C(=NN=N3)C=C2,NIHOVCAR3,3.7035408,4.199599,2.906593,3.6718528,4.3239937,3.4156656
VER-49009,CCNC(=O)C1=C(C(=NN1)C2=CC(=C(C=C2O)O)Cl)C3=CC=C(C=C3)OC,NIHOVCAR3,4.4810104,3.4580295,4.5069537,5.387419,3.962946,5.089705
JZL-184,C1CN(CCC1C(C2=CC3=C(C=C2)OCO3)(C4=CC5=C(C=C4)OCO5)O)C(=O)OC6=CC=C(C=C6)[N+](=O)[O-],NIHOVCAR3,3.3097465,1.9559729,3.3469434,4.104563,3.3229814,3.8182724
SB-216641,CC1=C(C=CC(=C1)C2=NOC(=N2)C)C3=CC=C(C=C3)C(=O)NC4=CC(=C(C=C4)OC)OCCN(C)C,NIHOVCAR3,4.6160455,3.0247583,4.6766567,5.3247685,4.9745355,5.079508
tenovin-6,CC(C)(C)C1=CC=C(C=C1)C(=O)NC(=S)NC2=CC=C(C=C2)NC(=O)CCCCN(C)C,NIHOVCAR3,4.098274,2.994109,4.0657263,5.03538,3.709237,4.686919
LDN-212854,C1CN(CCN1)C2=CC=C(C=C2)C3=CN4C(=C(C=N4)C5=C6C=CC=NC6=CC=C5)N=C3,NIHOVCAR3,4.7627144,3.5666928,4.7852664,5.3426685,5.0190406,5.099902
P5091,CC(=O)C1=CC(=C(S1)SC2=C(C(=CC=C2)Cl)Cl)[N+](=O)[O-],NIHOVCAR3,5.1682506,4.7854695,4.927817,5.8379107,4.792467,5.4975896
CCT137690,CC1=CC(=NO1)CN2CCN(CC2)C3=C4C(=NC=C3Br)N=C(N4)C5=CC=C(C=C5)N6CCN(CC6)C,NIHOVCAR3,5.2790637,4.0233307,5.5353537,5.7185755,5.586478,5.53158
RS-504393,CC1=CC2=C(C=C1)NC(=O)OC23CCN(CC3)CCC4=C(OC(=N4)C5=CC=CC=C5)C,NIHOVCAR3,5.093902,4.44815,5.175583,5.7722764,4.6167,5.456801
MGCD-265,CN1C=C(N=C1)C2=CC3=NC=CC(=C3S2)OC4=C(C=C(C=C4)NC(=S)NC(=O)CC5=CC=CC=C5)F,NIHOVCAR3,2.9021528,1.8861091,2.715125,3.5564973,3.1644135,3.1886184
blebbistatin-(-),CC1=CC2=C(C=C1)N=C3C(C2=O)(CCN3C4=CC=CC=C4)O,NIHOVCAR3,1.433692,1.0782056,0.4702937,2.6166458,0.7737943,2.2295206
repsox,CC1=NC(=CC=C1)C2=C(C=NN2)C3=NC4=C(C=C3)N=CC=C4,NIHOVCAR3,5.8258286,4.869165,5.884941,6.6285076,5.4603605,6.286166
PHA-767491,C1CNC(=O)C2=C1NC(=C2)C3=CC=NC=C3,NIHOVCAR3,5.320545,4.6028605,5.155219,6.00498,5.246905,5.5927625
PP-121,C1CCC(C1)N2C3=NC=NC(=C3C(=N2)C4=CN=C5C(=C4)C=CN5)N,NIHOVCAR3,4.17371,2.971122,4.2133675,4.880244,4.205271,4.598544
EVP4593,C1=CC=C(C=C1)OC2=CC=C(C=C2)CCNC3=NC=NC4=C3C=C(C=C4)N,NIHOVCAR3,4.356454,2.2972815,4.7173853,5.4769206,4.187381,5.103301
4-chlorophenylguanidine,C1=CC(=CC=C1N=C(N)N)Cl,NIHOVCAR3,6.465225,5.7250214,6.8149137,7.472806,5.479972,6.833411
LB42708,C1COCCN1C(=O)C2=CN(C=C2C3=CC=CC4=CC=CC=C43)CC5=CN=CN5CC6=CC=C(C=C6)Br,NIHOVCAR3,2.4615967,1.9772344,2.088439,3.1561446,2.4588919,2.6272738
anisomycin,CC(=O)OC1C(CNC1CC2=CC=C(C=C2)OC)O,NIHOVCAR3,5.5133667,4.9721746,5.406379,6.121332,5.0968933,5.9700556
TG-100713,C1=CC(=CC(=C1)O)C2=CN=C3C(=N2)C(=NC(=N3)N)N,NIHOVCAR3,2.5234761,1.0439403,2.47525,3.2837427,2.9554286,2.8590195
ETP-46464,CC(C)(C#N)C1=CC=C(C=C1)N2C3=C4C=C(C=CC4=NC=C3COC2=O)C5=CC6=CC=CC=C6N=C5,NIHOVCAR3,1.0059688,0.744398,0.8669222,2.1304376,-0.8233588,2.1114452
VU0364770,C1=CC=NC(=C1)C(=O)NC2=CC(=CC=C2)Cl,NIHOVCAR3,6.123783,5.4086623,6.2888346,7.156567,5.4446974,6.3201566
PI-103,C1COCCN1C2=NC(=NC3=C2OC4=C3C=CC=N4)C5=CC(=CC=C5)O,NIHOVCAR3,4.782183,3.7017577,4.7004147,5.2531667,5.346022,4.909556
nocodazole,COC(=O)NC1=NC2=C(N1)C=C(C=C2)C(=O)C3=CC=CS3,NIHOVCAR3,3.7913315,3.4649956,3.502848,4.519254,3.226214,4.2433443
GTP-14564,C1=CC=C(C=C1)C2=NNC3=C2OC4=CC=CC=C43,NIHOVCAR3,4.43181,3.8990552,3.8472881,4.8354926,5.0585475,4.5186663
torin-1,CCC(=O)N1CCN(CC1)C2=C(C=C(C=C2)N3C(=O)C=CC4=CN=C5C=CC(=CC5=C43)C6=CC7=CC=CC=C7N=C6)C(F)(F)F,NIHOVCAR3,2.8423595,2.6624029,2.5765388,3.1351478,2.9265609,2.9111478
tyrphostin-AG-1296,COC1=C(C=C2C(=C1)N=CC(=N2)C3=CC=CC=C3)OC,NIHOVCAR3,4.1246843,3.6332343,3.767523,4.4924035,4.653469,4.0767913
PJ-34,CN(C)CC(=O)NC1=CC2=C(C=C1)NC(=O)C3=CC=CC=C32,NIHOVCAR3,3.8716545,3.406483,3.7203891,4.7907424,3.2075114,4.2331476
tyrphostin-A9,CC(C)(C)C1=CC(=CC(=C1O)C(C)(C)C)C=C(C#N)C#N,NIHOVCAR3,3.786668,0.9720283,4.3270683,5.518688,3.1278205,4.987734
IKK-16,C1CCN(C1)C2CCN(CC2)C(=O)C3=CC=C(C=C3)NC4=NC=CC(=N4)C5=CC6=CC=CC=C6S5,NIHOVCAR3,5.5384054,4.1285844,5.840819,6.318236,5.3867455,6.017642
MEK1-2-inhibitor,C1=CC=C(C(=C1)C(C#N)C(=N)SC2=CC=C(C=C2)N)C(F)(F)F,NIHOVCAR3,4.3871984,4.7144547,3.6950097,4.7907424,4.432958,4.302828
8-hydroxy-PIPAT,CCCN(CC=CI)C1CCC2=C(C1)C(=CC=C2)O,NIHOVCAR3,4.5141597,1.529871,5.3486805,6.195917,3.6962266,5.8001037
M-344,CN(C)C1=CC=C(C=C1)C(=O)NCCCCCCC(=O)NO,NIHOVCAR3,6.102788,5.058297,6.4144144,6.9835305,5.5505943,6.5071034
RS-17053,CC(C)(CC1=CNC2=C1C=C(C=C2)Cl)NCCOC3=CC=CC=C3OCC4CC4.Cl,NIHOVCAR3,5.2415895,3.8140912,5.3554683,6.1481824,4.9745355,5.9156713
WP1130,CCCC(C1=CC=CC=C1)NC(=O)C(=CC2=NC(=CC=C2)Br)C#N,NIHOVCAR3,4.231525,3.9269538,3.8092186,5.115931,3.7783566,4.527164
CD-437,C1C2CC3CC1CC(C2)(C3)C4=C(C=CC(=C4)C5=CC6=C(C=C5)C=C(C=C6)C(=O)O)O,NIHOVCAR3,5.8095984,4.3745995,6.3058047,6.306302,5.554183,6.5071034
SB-431542,C1OC2=C(O1)C=C(C=C2)C3=C(NC(=N3)C4=CC=C(C=C4)C(=O)N)C5=CC=CC=N5,NIHOVCAR3,5.0462213,3.1863644,5.2264943,5.927412,5.410239,5.4805937
PTC-209,CC1=C(N2C=CC=NC2=N1)C3=CSC(=N3)NC4=C(C=C(C=C4Br)OC)Br,NIHOVCAR3,5.049581,2.4530387,5.552324,6.151166,5.410239,5.6811376
LY364947,C1=CC=C2C(=C1)C(=CC=N2)C3=C(NN=C3)C4=CC=CC=N4,NIHOVCAR3,5.948084,4.9862485,6.1055555,6.822428,5.506031,6.3201566
JK-184,CCOC1=CC=C(C=C1)NC2=NC(=CS2)C3=C(N=C4N3C=CC=C4)C,NIHOVCAR3,5.924297,5.0789714,6.156466,6.738893,5.469758,6.1773973
PPT,CCCC1=C(N(N=C1C2=CC=C(C=C2)O)C3=CC=C(C=C3)O)C4=CC=C(C=C4)O,NIHOVCAR3,5.647876,4.9092703,5.545535,6.267518,5.4008417,6.1162143
CGP-52411,C1=CC=C(C=C1)NC2=C(C=C3C(=C2)C(=O)NC3=O)NC4=CC=CC=C4,NIHOVCAR3,4.057112,3.4956448,3.916176,4.5073204,4.14347,4.2229505
PQ-401,CC1=NC2=CC=CC=C2C(=C1)NC(=O)NC3=C(C=CC(=C3)Cl)OC,NIHOVCAR3,4.7144213,3.4663885,5.0839434,5.9661965,3.8978925,5.1576853
GW-788388,C1COCCC1NC(=O)C2=CC=C(C=C2)C3=NC=CC(=C3)C4=C(NN=C4)C5=CC=CC=N5,NIHOVCAR3,5.9133177,4.9264736,6.0037336,6.882096,5.3491545,6.4051323
torin-2,C1=CC(=CC(=C1)N2C(=O)C=CC3=CN=C4C=CC(=CC4=C32)C5=CN=C(C=C5)N)C(F)(F)F,NIHOVCAR3,4.1712403,3.9168088,3.8762937,4.546105,4.2719507,4.2450438
PP-1,CC1=CC=C(C=C1)C2=NN(C3=NC=NC(=C23)N)C(C)(C)C,NIHOVCAR3,3.4792113,1.4655976,3.617057,4.3760514,3.8588605,4.078491
"L-798,106",COC1=C(C=C(C=C1)Br)S(=O)(=O)NC(=O)C=CC2=CC=CC=C2CC3=CC4=CC=CC=C4C=C3,NIHOVCAR3,4.315839,4.2389107,3.666004,4.578922,4.846912,4.248443
AZ20,CC1COCCN1C2=NC(=NC(=C2)C3(CC3)S(=O)(=O)C)C4=C5C=CNC5=CC=C4,NIHOVCAR3,3.7116668,1.875988,3.8690424,4.4894204,4.0312524,4.2926307
WYE-125132,CNC(=O)NC1=CC=C(C=C1)C2=NC3=C(C=NN3C4CCC5(CC4)OCCO5)C(=N2)N6CC7CCC(C6)O7,NIHOVCAR3,3.078369,0.3697183,3.3560076,3.9837368,3.909277,3.773105
BAM7,CCOC1=CC=CC=C1N=NC2=C(NN(C2=O)C3=NC(=CS3)C4=CC=CC=C4)C,NIHOVCAR3,2.6213276,2.1661844,2.3491285,3.7245657,1.7640196,3.1027396
desoxycortone,CC12CCC3C(C1CCC2C(=O)CO)CCC4=CC(=O)CCC34C,NIHOVCAR3,5.7004766,5.1318045,5.881547,6.1839833,5.375781,5.929267
cyclocytidine,C1=CN2C3C(C(C(O3)CO)O)OC2=NC1=N,NIHOVCAR3,-1.1133809,-0.87785083,-1.2888649,1.546332,-4.2698946,-0.6766262
STF-118804,CC1=CC=C(C=C1)S(=O)(=O)CC2=C(OC(=N2)C3=CC=C(C=C3)C(=O)NCC4=CN=CC=C4)C,NIHOVCAR3,5.2630897,4.9068036,4.924423,5.7603426,5.335058,5.38882
securinine,C1CCN2C(C1)C34CC2C=CC3=CC(=O)O4,NIHOVCAR3,4.9490914,4.68402,4.758114,5.3188014,4.9899907,4.9945316
NMS-873,CC1=C(C=CC(=C1)OCC2=NN=C(N2C3=CN=CC=C3)SC4CCCC4)C5=CC=C(C=C5)S(=O)(=O)C,NIHOVCAR3,4.1355133,1.6357491,4.39495,5.2352667,4.5972185,4.8143826
SC-144,C1=CN2C3=C(C=C(C=C3)F)N=C(C2=C1)NNC(=O)C4=NC=CN=C4,NIHOVCAR3,4.4017124,2.5147674,4.578229,5.3814526,4.593966,4.9401474
KY02111,COC1=C(C=C(C=C1)CCC(=O)NC2=NC3=C(S2)C=C(C=C3)Cl)OC,NIHOVCAR3,5.4257936,4.470976,5.382621,6.1989007,5.279767,5.796705
BNTX,C1CC1CN2CCC34C5C(=O)C(=CC6=CC=CC=C6)CC3(C2CC7=C4C(=C(C=C7)O)O5)O,NIHOVCAR3,5.1520014,6.267832,4.551077,4.7012405,5.5291433,4.7107124
WHI-P154,COC1=C(C=C2C(=C1)C(=NC=N2)NC3=CC(=C(C=C3)O)Br)OC,NIHOVCAR3,2.167935,0.8533811,2.4332316,2.8138506,2.1922424,2.5469694
Ro-04-5595,CN1CCC2=CC(=C(C=C2C1CCC3=CC=C(C=C3)Cl)O)OC,NIHOVCAR3,4.944094,3.972606,5.0058804,5.831944,4.5110226,5.3990173
PSB-1115,CCCN1C(=O)C2=C(NC1=O)N=C(N2)C3=CC=C(C=C3)S(=O)(=O)O,NIHOVCAR3,6.466951,5.2343903,6.818308,7.4549055,5.660638,7.1665173
CHIR-99021,CC1=CN=C(N1)C2=CN=C(N=C2C3=C(C=C(C=C3)Cl)Cl)NCCNC4=NC=C(C=C4)C#N,NIHOVCAR3,4.203944,2.8513105,4.0572386,4.880244,4.7717466,4.459183
RI-1,C1COCCN1C2=C(C(=O)N(C2=O)C3=CC(=C(C=C3)Cl)Cl)Cl,NIHOVCAR3,-0.4600188,0.32085732,-1.3638929,-0.9644749,0.7126558,-1.0052394
SMI-4a,C1=CC(=CC(=C1)C(F)(F)F)C=C2C(=O)NC(=O)S2,NIHOVCAR3,5.7484055,4.815904,5.738997,6.6523747,5.5205092,6.014243
VS-4718,CNC(=O)C1=CC=CC=C1NC2=CC(=NC=C2C(F)(F)F)NC3=C(C=C(C=C3)N4CCOCC4)OC,NIHOVCAR3,3.9602852,3.4984314,3.908925,4.6594734,3.5303397,4.2042556
BMS-345541,CC1=CC2=C(C=C1)N=C(C3=NC=C(N23)C)NCCN.Cl,NIHOVCAR3,4.1424704,4.003041,3.4774683,4.408869,4.7104926,4.112481
PF-4981517,CC1=CC=C(C=C1)C2=C(C=NN2C)C3=NN(C4=C3C(=NC=N4)N5CCC(C5)N6CCCCC6)C,NIHOVCAR3,0.9221029,-0.9057208,1.5858487,2.2543995,-0.47513902,2.1511261
BAY-11-7082,CC1=CC=C(C=C1)S(=O)(=O)C=CC#N,NIHOVCAR3,6.609559,6.121626,6.974434,7.442972,5.5529866,6.955776
AS-1949490,CC(C1=CC=CC=C1)NC(=O)C2=C(C=CS2)OCC3=CC=C(C=C3)Cl,NIHOVCAR3,4.731471,3.8255043,4.7173853,5.867744,4.0312524,5.2154694
ethacridine-lactate-monohydrate,CCOC1=CC2=C(C3=C(C=C(C=C3)N)N=C2C=C1)N.CC(C(=O)O)O.O,NIHOVCAR3,3.4044385,2.2511601,3.1782176,4.2298656,3.4677258,3.8952234
3'-fluorobenzylspiperone,C1CN(CCC12C(=O)N(CN2C3=CC=CC=C3)CC4=CC(=CC=C4)F)CCCC(=O)C5=CC=C(C=C5)F,NIHOVCAR3,4.1677856,3.5985773,3.9143636,4.47152,4.7164936,4.1379743
10-hydroxycamptothecin,CCC1(C2=C(COC1=O)C(=O)N3CC4=C(C3=C2)N=C5C=CC(=CC5=C4)O)O,NIHOVCAR3,3.2901568,2.1305463,3.5934904,4.1343975,2.7872515,3.8050988
NVP-TAE226,CNC(=O)C1=CC=CC=C1NC2=NC(=NC=C2Cl)NC3=C(C=C(C=C3)N4CCOCC4)OC,NIHOVCAR3,4.6431694,4.1526785,4.3881617,5.160682,4.824006,4.690318
MG-132,CC(C)CC(C=O)NC(=O)C(CC(C)C)NC(=O)C(CC(C)C)NC(=O)OCC1=CC=CC=C1,NIHOVCAR3,-0.9841072,-0.38091838,-2.1579995,-0.59790385,-0.40574014,-1.3779742
RS-16566,CC(C)N1C=NC2=C(C=C(C=C21)Cl)C(=O)NC3CN4CCC3CC4,NIHOVCAR3,5.568008,4.3276787,5.854395,6.3391194,5.202633,6.1162143
cilostamide,CN(C1CCCCC1)C(=O)CCCOC2=CC3=C(C=C2)NC(=O)C=C3,NIHOVCAR3,2.7698698,2.480314,2.5710685,3.6462882,1.6353226,3.5163553
CCG-50014,CC1=CC=C(C=C1)N2C(=O)N(C(=O)S2)CC3=CC=C(C=C3)F,NIHOVCAR3,5.082596,4.2921715,5.0126686,5.7722764,5.1305904,5.205272
morin,C1=CC(=C(C=C1O)O)C2=C(C(=O)C3=C(C=C(C=C3O2)O)O)O,NIHOVCAR3,2.339971,1.3330908,2.2266245,3.1722963,2.5041075,2.4637358
GDC-0879,C1CC(=NO)C2=C1C=C(C=C2)C3=CN(N=C3C4=CC=NC=C4)CCO,NIHOVCAR3,5.451943,5.8308945,4.798843,5.5664225,5.6271467,5.436407
SB-218795,COC(=O)C(C1=CC=CC=C1)NC(=O)C2=CC(=NC3=CC=CC=C32)C4=CC=CC=C4,NIHOVCAR3,3.6267014,2.5604837,3.292558,4.47152,3.728753,4.0801907
PP-2,CC(C)(C)N1C2=NC=NC(=C2C(=N1)C3=CC=C(C=C3)Cl)N,NIHOVCAR3,4.1450434,2.0268798,4.1183343,4.919028,5.0097446,4.651229
1-naphthyl-PP1,CC(C)(C)N1C2=NC=NC(=C2C(=N1)C3=CC=CC4=CC=CC=C43)N,NIHOVCAR3,4.144555,3.55973,3.5644844,4.429753,5.0376325,4.1311765
homoquinolinic-acid,C1=CC(=C(N=C1)C(=O)O)CC(=O)O,NIHOVCAR3,5.0330687,4.222425,4.9889097,5.7603426,4.978199,5.2154694
atenolol-(-),CC(C)NCC(COC1=CC=C(C=C1)CC(=O)N)O,NIHOVCAR3,4.5779424,4.6028605,3.861791,4.892177,4.9513345,4.5815487
kynurenic-acid,C1=CC=C2C(=C1)C(=O)C=C(N2)C(=O)O,NIHOVCAR3,3.5368912,3.6013498,3.2164185,3.980753,3.4018588,3.4840763
"MNS-(3,4-Methylenedioxy-nitrostyrene)",C1OC2=C(O1)C=C(C=C2)/C=C/[N+](=O)[O-],NIHOVCAR3,5.351693,4.4506865,5.3792267,6.109399,4.947671,5.871484
SAR131675,CCN1C(=C(C(=O)C2=C1N=C(C=C2)C#CC(C)(COC)O)C(=O)NC)N,NIHOVCAR3,2.040678,0.25565606,2.4259222,3.51143,0.5206091,3.4897726
HA14-1,CCOC(=O)C1=C(OC2=C(C1C(C#N)C(=O)OCC)C=C(C=C2)Br)N,NIHOVCAR3,4.409059,3.434346,4.496772,5.5127215,3.26362,5.337835
SB-657510,CN1CCC(C1)OC2=C(C=CC(=C2)NS(=O)(=O)C3=C(C=C(C(=C3)OC)OC)Br)Cl,NIHOVCAR3,5.096803,4.0207944,5.104308,5.8916116,4.840549,5.626753
MPI-0479605,CC1=C(C=CC(=C1)N2CCOCC2)NC3=NC4=C(C(=N3)NC5CCCCC5)NC=N4,NIHOVCAR3,5.0761056,1.08172,6.1870127,6.7955775,5.0062585,6.3099594
SID-7969543,CCOC(=O)C(C)OC1=CC=CC2=C1C=CN(C2=O)CC(=O)NC3=CC4=C(C=C3)OCCO4,NIHOVCAR3,3.487931,2.9544039,3.1581676,4.068763,3.6303596,3.627961
NSC-3852,C1=CC2=C(C=CC(=C2N=C1)O)N=O,NIHOVCAR3,5.19169,4.014454,5.287587,6.103432,4.780066,5.772911
NVP-TAE684,CC(C)S(=O)(=O)C1=CC=CC=C1NC2=NC(=NC=C2Cl)NC3=C(C=C(C=C3)N4CCC(CC4)N5CCN(CC5)C)OC,NIHOVCAR3,3.8088448,2.8826563,3.7203891,4.3372674,4.14347,3.9604409
JNJ-16259685,COC1CCC(CC1)C(=O)C2=CC3=CC4=C(N=C3C=C2)OCCC4,NIHOVCAR3,4.6807075,3.6990442,4.598593,5.4649873,4.4866276,5.1542864
K-858,CC(=O)NC1=NN(C(S1)(C)C2=CC=CC=C2)C(=O)C,NIHOVCAR3,5.387582,4.5876427,5.3690443,6.282435,4.885088,5.8137
trichostatin-a,CC(C=C(C)C=CC(=O)NO)C(=O)C1=CC=C(C=C1)N(C)C,NIHOVCAR3,4.729302,3.7017577,4.7682962,5.7096252,4.162986,5.3038445
4-methylhistamine,CC1=C(N=CN1)CCN,NIHOVCAR3,3.2550302,-4.1922455,4.137001,5.894595,5.2679176,5.167883
GSK1904529A,CCC1=CC(=C(C=C1N2CCC(CC2)N3CCN(CC3)S(=O)(=O)C)OC)NC4=NC=CC(=N4)C5=C(N=C6N5C=CC=C6)C7=CC(=C(C=C7)OC)C(=O)NC8=C(C=CC=C8F)F,NIHOVCAR3,5.079125,4.6434402,4.9549694,5.2561502,5.295002,5.246061
PHA-665752,CC1=C(NC(=C1C(=O)N2CCCC2CN3CCCC3)C)C=C4C5=C(C=CC(=C5)S(=O)(=O)CC6=C(C=CC=C6Cl)Cl)NC4=O,NIHOVCAR3,3.5664048,2.7287128,3.6496882,4.262683,3.2863889,3.9045506
ZLN005,CC(C)(C)C1=CC=C(C=C1)C2=NC3=CC=CC=C3N2,NIHOVCAR3,6.3124743,5.138102,6.441567,7.359437,5.575713,7.0475507
2'-MeCCPA,CC1(C(C(OC1N2C=NC3=C(N=C(N=C32)Cl)NC4CCCC4)CO)O)O,NIHOVCAR3,6.767807,6.052724,7.2255945,7.5503745,5.7826424,7.2276998
domiphen,CCCCCCCCCCCC[N+](C)(C)CCOC1=CC=CC=C1,NIHOVCAR3,2.324773,1.6078999,2.6987135,3.5966105,0.20808351,3.5125577
SCH-58261,C1=CC=C(C=C1)CCN2C3=C(C=N2)C4=NC(=NN4C(=N3)N)C5=CC=CO5,NIHOVCAR3,3.4196503,1.8268821,3.3560076,4.2955,3.7059846,3.9138777
GSK1838705A,CNC(=O)C1=C(C=CC=C1F)NC2=NC(=NC3=C2C=CN3)NC4=C(C=C5C=CN(C5=C4)C(=O)CN(C)C)OC,NIHOVCAR3,3.2405326,3.056801,2.80083,3.2417483,4.042637,3.0606482
Y-320,CC1=C(C=NN1C2=CC=C(C=C2)Cl)C(=O)NC3=CC(=C(C=C3)N4CCC(CC4)N5CCOCC5)C#N,NIHOVCAR3,5.0230093,2.80046,5.528565,6.1004486,4.980641,5.704931
CHIR-124,C1CN2CCC1C(C2)NC3=C(C(=O)NC4=C3C=C(C=C4)Cl)C5=NC6=CC=CC=C6N5,NIHOVCAR3,5.2411385,2.169491,6.0817966,6.3033185,5.4634933,6.187594
tetramethylthiuram-monosulfide,CN(C)C(=S)SC(=S)N(C)C,NIHOVCAR3,3.448607,-0.3623541,4.0179553,5.205433,3.7783566,4.6036425
nexturastat-a,CCCCN(CC1=CC=C(C=C1)C(=O)NO)C(=O)NC2=CC=CC=C2,NIHOVCAR3,5.6958,4.9362516,5.616811,6.3779035,5.4930015,6.055032
A-674563,CC1=C2C=C(C=CC2=NN1)C3=CC(=CN=C3)OCC(CC4=CC=CC=C4)N,NIHOVCAR3,5.7913103,5.2932644,5.840819,6.1989007,5.5685363,6.055032
gamma-aminobutyric-acid,C(CC(=O)O)CN,NIHOVCAR3,5.494206,4.762643,5.603235,5.8229938,5.4650593,5.8170986
stemregenin-1,CC(C)N1C=NC2=C(N=C(N=C21)C3=CSC4=CC=CC=C43)NCCC5=CC=C(C=C5)O,NIHOVCAR3,4.275464,3.8546712,3.7638974,4.581905,4.8978133,4.279034
A61603,CS(=O)(=O)NC1=C(C=CC2=C1CCCC2C3=NCCN3)O,NIHOVCAR3,4.932889,3.4900723,4.924423,5.7782426,5.17126,5.3004456
PD-173074,CCN(CC)CCCCNC1=NC2=NC(=C(C=C2C=N1)C3=CC(=CC(=C3)OC)OC)NC(=O)NC(C)(C)C,NIHOVCAR3,4.0954146,3.388372,3.560859,4.2567163,5.0515757,4.219551
WZ-3146,CN1CCN(CC1)C2=CC=C(C=C2)NC3=NC=C(C(=N3)OC4=CC=CC(=C4)NC(=O)C=C)Cl,NIHOVCAR3,3.7159264,0.9115568,4.218459,5.1994658,3.5547347,4.6954165
JNJ-7706621,C1=CC(=C(C(=C1)F)C(=O)N2C(=NC(=N2)NC3=CC=C(C=C3)S(=O)(=O)N)N)F,NIHOVCAR3,5.6592655,4.9338074,5.6745095,6.354037,5.4353,5.898676
rociletinib,CC(=O)N1CCN(CC1)C2=CC(=C(C=C2)NC3=NC=C(C(=N3)NC4=CC(=CC=C4)NC(=O)C=C)C(F)(F)F)OC,NIHOVCAR3,3.5376537,0.5403899,4.0708175,5.0025625,3.5303397,4.544159
diphenyleneiodonium,C1=CC=C2C(=C1)C3=CC=CC=C3[I+]2,NIHOVCAR3,4.1707296,3.7031102,4.0945754,4.617706,4.171118,4.2671375
arcyriaflavin-a,C1=CC=C2C(=C1)C3=C4C(=C5C6=CC=CC=C6NC5=C3N2)C(=O)NC4=O,NIHOVCAR3,2.2316737,1.051628,2.394839,2.2444906,2.9969,2.4705107
NVP-BVU972,CN1C=C(C=N1)C2=NN3C(=NC=C3CC4=CC5=C(C=C4)N=CC=C5)C=C2,NIHOVCAR3,3.4177375,3.4259872,3.163636,3.5178738,3.5750642,3.4061258
TPCA-1,C1=CC(=CC=C1C2=CC(=C(S2)NC(=O)N)C(=O)N)F,NIHOVCAR3,4.4440145,3.7510376,4.467922,5.4858713,3.6498756,4.8653684
GW-583340,CS(=O)(=O)CCNCC1=NC(=CS1)C2=CC3=C(C=C2)N=CN=C3NC4=CC(=C(C=C4)OCC5=CC(=CC=C5)F)Cl.Cl.Cl,NIHOVCAR3,3.9731095,2.176104,3.9451764,4.907094,4.445969,4.391203
endo-IWR-1,C1C2C=CC1C3C2C(=O)N(C3=O)C4=CC=C(C=C4)C(=O)NC5=CC=CC6=C5N=CC=C6,NIHOVCAR3,4.6316285,3.744435,4.6019874,4.927978,5.196823,4.686919
JQ1-(+),CC1=C(SC2=C1C(=NC(C3=NN=C(N32)C)CC(=O)OC(C)(C)C)C4=CC=C(C=C4)Cl)C,NIHOVCAR3,3.473592,1.3314245,3.5209763,4.2596993,4.379289,3.876569
BI-D1870,CC1C(=O)N(C2=CN=C(N=C2N1CCC(C)C)NC3=CC(=C(C(=C3)F)O)F)C,NIHOVCAR3,3.4083486,1.8536842,3.3378792,4.364118,3.5628662,3.9231951
DMH1,CC(C)OC1=CC=C(C=C1)C2=CN3C(=C(C=N3)C4=CC=NC5=CC=CC=C45)N=C2,NIHOVCAR3,3.9209027,2.931417,3.7367046,4.5968223,4.2491817,4.090388
P22077,CC(=O)C1=CC(=C(S1)SC2=C(C=C(C=C2)F)F)[N+](=O)[O-],NIHOVCAR3,5.375676,5.320293,5.022851,5.748409,5.1770697,5.6097574
ginkgolide-a,CC1C(=O)OC2C1(C34C(=O)OC5C3(C2)C6(C(C5)C(C)(C)C)C(C(=O)OC6O4)O)O,NIHOVCAR3,4.571462,3.8774974,4.6087756,4.4774866,5.293309,4.6002436
4-(4-fluorobenzoyl)-1-(4-phenylbutyl)-piperidine,C1CN(CCC1C(=O)C2=CC=C(C=C2)F)CCCCC3=CC=CC=C3,NIHOVCAR3,6.4291253,5.318507,6.679151,7.371371,5.5828896,7.1937094
TG-101209,CC1=CN=C(N=C1NC2=CC(=CC=C2)S(=O)(=O)NC(C)(C)C)NC3=CC=C(C=C3)N4CCN(CC4)C,NIHOVCAR3,5.39488,4.137461,5.586264,6.2585683,5.1852036,5.806902
oncrasin-1,C1=CC=C2C(=C1)C(=CN2CC3=CC=C(C=C3)Cl)C=O,NIHOVCAR3,4.5350065,3.3674746,4.842965,5.5962563,3.904398,4.9639406
K-Ras(G12C)-inhibitor-6,C1CN(CCC1NC(=O)CCCS)C(=O)COC2=C(C=C(C=C2)Cl)Cl,NIHOVCAR3,3.8935425,3.2936373,3.689571,4.8951607,2.9908013,4.598544
CCMI,CC1=NOC(=C1)C(=CNC2=CC=C(C=C2)Cl)C(=O)NC3=CC=C(C=C3)Cl,NIHOVCAR3,6.238547,4.788006,6.696121,7.3952384,5.469758,6.8436084
AC-264613,CC(=NNC(=O)C1C(CNC1=O)C2=CC=CC=C2)C3=CC(=CC=C3)Br,NIHOVCAR3,4.214443,3.8343813,3.7729619,5.0264297,3.751522,4.686919
tyrphostin-AG-494,C1=CC=C(C=C1)NC(=O)C(=CC2=CC(=C(C=C2)O)O)C#N,NIHOVCAR3,3.84113,4.070251,3.2635527,4.587872,3.2140164,4.069958
tyrphostin-AG-1478,COC1=C(C=C2C(=C1)C(=NC=N2)NC3=CC(=CC=C3)Cl)OC,NIHOVCAR3,2.4047527,0.31022835,2.9157107,3.4194164,2.331153,3.0472555
tyrphostin-AG-99,C1=CC(=C(C=C1C=C(C#N)C(=O)N)O)O,NIHOVCAR3,4.319288,4.5014105,3.8472881,4.8414598,4.0507684,4.3555126
INH1,CC1=CC(=C(C=C1)C2=CSC(=N2)NC(=O)C3=CC=CC=C3)C,NIHOVCAR3,3.714643,1.5479145,4.0265603,5.0652137,3.3961668,4.537361
BIX-01294,CN1CCCN(CC1)C2=NC3=CC(=C(C=C3C(=N2)NC4CCN(CC4)CC5=CC=CC=C5)OC)OC,NIHOVCAR3,3.1989803,0.21980771,3.39589,4.006112,4.5077696,3.8653224
alexidine,CCCCC(CC)CN=C(N)NC(=NCCCCCCN=C(N)NC(=NCC(CC)CCCC)N)N,NIHOVCAR3,4.522785,2.9432588,4.4322844,5.115931,5.1143227,5.008128
CCT128930,C1CN(CCC1(CC2=CC=C(C=C2)Cl)N)C3=NC=NC4=C3C=CN4,NIHOVCAR3,4.241442,2.5440598,4.5205297,5.3635526,3.7165556,5.0625124
SB-218078,C1CC2N3C4=CC=CC=C4C5=C6C(=C7C8=CC=CC=C8N(C1O2)C7=C53)C(=O)NC6=O,NIHOVCAR3,1.0005702,1.8035369,-0.14287488,1.2044383,1.2528324,0.8849181
CID-5458317,C1CCC(CC1)NC2=C3C=CC=CC3=C(C2=CC4=CC=CC=C4)O,NIHOVCAR3,4.321845,3.2295523,4.45774,5.2651005,3.8458495,4.8109837
PD-198306,CC1=C(C=CC(=C1)I)NC2=C(C(=C(C=C2C(=O)NOCC3CC3)F)F)F,NIHOVCAR3,2.796327,1.9843214,2.6777432,3.3984194,2.883463,3.0376894
ribitol,C(C(C(C(CO)O)O)O)O,NIHOVCAR3,-2.999219,-1.0150118,-3.0530698,-3.4423802,-3.96067,-3.5249627
NSC-632839,CC1=CC=C(C=C1)C=C2CNCC(=CC3=CC=C(C=C3)C)C2=O.Cl,NIHOVCAR3,3.8648002,3.1417835,3.7149506,4.7251077,3.5888877,4.15327
WAY-600,C1CN(CCC1N2C3=C(C=N2)C(=NC(=N3)C4=CC5=C(C=C4)NC=C5)N6CCOCC6)CC7=CN=CC=C7,NIHOVCAR3,0.91901094,0.21897404,1.704489,1.4962667,0.77810997,0.39721504
GGTI-298,CC(C)CC(C(=O)OC)NC(=O)C1=C(C=C(C=C1)NCC(CS)N)C2=CC=CC3=CC=CC=C32,NIHOVCAR3,2.682157,2.2714224,2.4542413,3.598215,1.7513744,3.3355315
MTPG,CC(C1=CC=C(C=C1)C2=NNN=N2)(C(=O)O)N,NIHOVCAR3,6.4946914,6.066169,6.68594,7.108833,5.694129,6.9183874
KI-16425,CC1=NOC(=C1NC(=O)OC(C)C2=CC=CC=C2Cl)C3=CC=C(C=C3)CSCCC(=O)O,NIHOVCAR3,4.0255957,3.1585014,3.9143636,5.160682,3.5474162,4.3470154
TWS-119,C1=CC(=CC(=C1)N)C2=CC3=C(N2)N=CN=C3OC4=CC=CC(=C4)O,NIHOVCAR3,4.1170664,3.363295,3.8472881,4.85041,4.3353777,4.18896
BVT-948,CC1(C2=C(C3=CC=CC=C3C(=O)C2=O)NC1=O)C,NIHOVCAR3,-0.39724246,-0.65036255,-1.3214072,1.9912906,-4.0281377,2.0224047
BX-912,C1CCN(C1)C(=O)NC2=CC=CC(=C2)NC3=NC=C(C(=N3)NCCC4=CN=CN4)Br,NIHOVCAR3,4.913461,4.213548,4.6596866,5.548522,5.0864353,5.0591135
oligomycin-a,CCC1CCC2C(C(C(C3(O2)CCC(C(O3)CC(C)O)C)C)OC(=O)C=CC(C(C(C(=O)C(C(C(C(=O)C(C(C(CC=CC=C1)C)O)(C)O)C)O)C)C)O)C)C,NIHOVCAR3,-0.10547783,-0.96687347,0.089053035,2.1696775,-3.4167094,1.5974633
SKI-II,C1=CC(=CC=C1C2=CSC(=N2)NC3=CC=C(C=C3)O)Cl,NIHOVCAR3,4.7540054,1.6301937,5.2977695,6.2227674,5.046928,5.572368
tryptanthrin,C1=CC=C2C(=C1)C(=O)N3C4=CC=CC=C4C(=O)C3=N2,NIHOVCAR3,3.4113488,3.24627,3.2671783,4.003128,3.1855555,3.354611
WZ8040,CN1CCN(CC1)C2=CC=C(C=C2)NC3=NC=C(C(=N3)SC4=CC=CC(=C4)NC(=O)C=C)Cl,NIHOVCAR3,4.035044,1.3059974,4.564653,5.545539,3.689721,5.06931
SB-239063,COC1=NC=CC(=N1)C2=C(N=CN2C3CCC(CC3)O)C4=CC=C(C=C4)F,NIHOVCAR3,5.7403073,3.129245,6.3533216,6.995464,5.315315,6.9081903
OTX015,CC1=C(SC2=C1C(=NC(C3=NN=C(N32)C)CC(=O)NC4=CC=C(C=C4)O)C5=CC=C(C=C5)Cl)C,NIHOVCAR3,3.4976869,2.0272484,3.386826,3.9673278,4.5679445,3.539088
OLDA,CCCCCCCCC=CCCCCCCCC(=O)NCCC1=CC(=C(C=C1)O)O,NIHOVCAR3,4.8325753,3.5402257,4.7750845,5.584323,4.9118114,5.351431
AM-580,CC1(CCC(C2=C1C=CC(=C2)C(=O)NC3=CC=C(C=C3)C(=O)O)(C)C)C,NIHOVCAR3,5.7110915,4.2883673,6.06822,6.428621,5.3413234,6.4289255
1-phenylbiguanide,C1=CC=C(C=C1)N=C(N)N=C(N)N,NIHOVCAR3,5.737967,5.3998613,5.569294,6.434588,5.458794,5.8272963
RS-67506,COC1=CC(=C(C=C1C(=O)CCC2CCN(CC2)CCNS(=O)(=O)C)Cl)N.Cl,NIHOVCAR3,5.765495,4.749962,5.9969454,6.54199,5.3203926,6.2181854
filgotinib,C1CC1C(=O)NC2=NN3C(=N2)C=CC=C3C4=CC=C(C=C4)CN5CCS(=O)(=O)CC5,NIHOVCAR3,4.7493305,3.7589612,4.669869,5.2651005,4.956219,5.096503
4E1RCat,C1=CC=C(C=C1)C2=CC(=CC3=CC=C(O3)C4=CC=C(C=C4)[N+](=O)[O-])C(=O)N2C5=CC=C(C=C5)C(=O)O,NIHOVCAR3,4.2225847,3.361902,4.0860906,4.8683105,4.4784956,4.3181233
aphidicolin,CC12CCC(C(C1CCC3C24CCC(C(C3)C4)(CO)O)(C)CO)O,NIHOVCAR3,4.368886,3.5861008,4.1896095,4.760908,4.4866276,4.8211813
R306465,C1CN(CCN1C2=NC=C(C=N2)C(=O)NO)S(=O)(=O)C3=CC4=CC=CC=C4C=C3,NIHOVCAR3,4.973896,4.68402,4.6087756,5.1726155,5.358552,5.0455174
7-hydroxystaurosporine,CC12C(C(CC(O1)N3C4=CC=CC=C4C5=C6C(=C7C8=CC=CC=C8N2C7=C53)C(NC6=O)O)NC)OC,NIHOVCAR3,-1.0121953,-1.7694824,-1.4574788,-0.37307304,-0.7095331,-0.7514093
cobimetinib,C1CCNC(C1)C2(CN(C2)C(=O)C3=C(C(=C(C=C3)F)F)NC4=C(C=C(C=C4)I)F)O,NIHOVCAR3,4.233722,2.7886183,4.260885,4.7251077,4.9501133,4.4438877
TH-302,CN1C(=CN=C1[N+](=O)[O-])COP(=O)(NCCBr)NCCBr,NIHOVCAR3,4.014316,3.7245183,3.745769,4.5968223,4.0458894,3.9585812
linsitinib,CC1(CC(C1)C2=NC(=C3N2C=CN=C3N)C4=CC5=C(C=C4)C=CC(=N5)C6=CC=CC=C6)O,NIHOVCAR3,5.007075,3.6498086,5.1348543,5.5902896,5.196823,5.463599
lestaurtinib,CC12C(CC(O1)N3C4=CC=CC=C4C5=C6C(=C7C8=CC=CC=C8N2C7=C53)CNC6=O)(CO)O,NIHOVCAR3,0.83835924,1.7613478,-0.75971633,0.9883709,1.7893099,0.41248396
N-acetylmannosamine,CC(=O)NC(C=O)C(C(C(CO)O)O)O,NIHOVCAR3,-3.283479,-1.3275299,-3.9730756,-4.5175004,-2.4917202,-4.1075687
SNX-5422,CC1(CC2=C(C(=O)C1)C(=NN2C3=CC(=C(C=C3)C(=O)N)NC4CCC(CC4)OC(=O)CN)C(F)(F)F)C,NIHOVCAR3,1.7055807,-0.8839095,2.5245569,3.1561446,0.6723764,3.0587351
5-hydroxymethyl-tolterodine,CC(C)N(CCC(C1=CC=CC=C1)C2=C(C=CC(=C2)CO)O)C(C)C,NIHOVCAR3,2.436167,2.5032828,2.245823,3.6270964,0.4767332,3.3278997
CH5132799,CS(=O)(=O)N1CCC2=C(N=C(N=C21)N3CCOCC3)C4=CN=C(N=C4)N,NIHOVCAR3,6.028112,4.709382,6.26847,6.944747,5.5205092,6.6974497
dichlorisone-acetate,CC(=O)OCC(=O)C1(CCC2C1(CC(C3(C2CCC4=CC(=O)C=CC43C)Cl)Cl)C)O,NIHOVCAR3,4.1906157,2.369059,4.6053815,5.1069813,4.057274,4.8143826
AP1903,CCC(C1=CC(=C(C(=C1)OC)OC)OC)C(=O)N2CCCCC2C(=O)OC(CCC3=CC(=C(C=C3)OC)OC)C4=CC(=CC=C4)OCC(=O)NCCNC(=O)COC5=CC=CC(=C5)C(CCC6=CC(=C(C=C6)OC)OC)OC(=O)C7CCCCN7C(=O)C(CC)C8=CC(=C(C(=C8)OC)OC)OC,NIHOVCAR3,2.8899229,1.9958756,2.6877725,3.5194848,2.9643736,3.2821085
tipranavir,CCCC1(CC(=C(C(=O)O1)C(CC)C2=CC(=CC=C2)NS(=O)(=O)C3=NC=C(C=C3)C(F)(F)F)O)CCC4=CC=CC=C4,NIHOVCAR3,3.8008637,3.414842,3.783839,4.6356063,2.8672032,4.302828
irinotecan,CCC1=C2CN3C(=CC4=C(C3=O)COC(=O)C4(CC)O)C2=NC5=C1C=C(C=C5)OC(=O)N6CCC(CC6)N7CCCCC7,NIHOVCAR3,3.5605056,4.6155415,2.994121,3.2498245,3.8556075,3.0874338
betulinic-acid,CC(=C)C1CCC2(C1C3CCC4C5(CCC(C(C5CCC4(C3(CC2)C)C)(C)C)O)C)C(=O)O,NIHOVCAR3,2.8212938,-2.5638912,4.06912,4.47152,3.5872612,4.5424595
sulfabenzamide,C1=CC=C(C=C1)C(=O)NS(=O)(=O)C2=CC=C(C=C2)N,NIHOVCAR3,5.631298,5.1464987,5.5489297,6.204867,5.350721,5.905474
SB-225002,C1=CC=C(C(=C1)NC(=O)NC2=C(C=C(C=C2)[N+](=O)[O-])O)Br,NIHOVCAR3,4.861132,4.995631,4.3270683,5.1994658,5.0387936,4.7447023
erastin,CCOC1=CC=CC=C1N2C(=O)C3=CC=CC=C3N=C2C(C)N4CCN(CC4)C(=O)COC5=CC=C(C=C5)Cl,NIHOVCAR3,4.1247416,3.2866719,3.9505913,4.713174,4.4248266,4.248443
FPH1-(BRD-6125),CC1=C(C=C(C=C1)Cl)N(CC(=O)NC2=C(C=CC=C2F)F)S(=O)(=O)C,NIHOVCAR3,5.5548964,5.683008,5.1891594,5.903545,5.4399986,5.558772
Y-27632,CC(C1CCC(CC1)C(=O)NC2=CC=NC=C2)N,NIHOVCAR3,6.9776,5.882991,7.6770043,8.176886,5.5733204,7.5778008
MK-0773,CC12CCC3C(C1CCC2C(=O)NCC4=NC5=C(N4)C=CC=N5)CCC6C3(C=C(C(=O)N6C)F)C,NIHOVCAR3,6.5936875,5.590579,7.469967,7.055132,5.4958973,7.356863
mibampator,CC(C)S(=O)(=O)NCC(C)C1=CC=C(C=C1)C2=CC=C(C=C2)CCNS(=O)(=O)C,NIHOVCAR3,5.4799266,4.640904,5.576082,6.228734,5.0620337,5.891878
rigosertib,COC1=C(C=C(C=C1)CS(=O)(=O)C=CC2=C(C=C(C=C2OC)OC)OC)NCC(=O)O,NIHOVCAR3,4.6729417,4.7448893,3.9970613,4.8354926,5.144534,4.6427317
dovitinib,CN1CCN(CC1)C2=CC3=C(C=C2)N=C(N3)C4=C(C5=C(C=CC=C5F)NC4=O)N,NIHOVCAR3,3.986814,2.98575,4.062332,4.838476,3.6580076,4.3895035
proflavine-hemisulfate,C1=CC(=CC2=NC3=C(C=CC(=C3)N)C=C21)N,NIHOVCAR3,7.3095894,5.577135,8.152172,8.684061,5.594851,8.539728
taltobulin,CC(C)C(C=C(C)C(=O)O)N(C)C(=O)C(C(C)(C)C)NC(=O)C(C(C)(C)C1=CC=CC=C1)NC,NIHOVCAR3,-0.9825736,-1.8155675,-1.7557085,1.5506752,-1.8846508,-1.0076166
SR-33805,CC(C)C1=C(C2=CC=CC=C2N1C)S(=O)(=O)C3=CC=C(C=C3)OCCCN(C)CCC4=CC(=C(C=C4)OC)OC,NIHOVCAR3,4.4137993,3.9485118,4.328766,4.8862104,4.2491817,4.6563272
GSK2126458,COC1=C(C=C(C=N1)C2=CC3=C(C=CN=C3C=C2)C4=CN=NC=C4)NS(=O)(=O)C5=C(C=C(C=C5)F)F,NIHOVCAR3,3.6781006,3.7071466,3.281681,3.6814394,4.0979323,3.6223028
TU-2100,CCOC(=O)C1=CC=CC=C1OC(=O)CCCCCCCC(=O)OC2=CC=CC=C2C(=O)OCC,NIHOVCAR3,3.2601433,2.353268,3.5064738,4.6773734,1.4743694,4.2892313
ipsapirone,C1CN(CCN1CCCCN2C(=O)C3=CC=CC=C3S2(=O)=O)C4=NC=CC=N4,NIHOVCAR3,6.02424,5.169388,6.1327076,6.706076,5.527748,6.5852814
oprozomib,CC1=NC=C(S1)C(=O)NC(COC)C(=O)NC(COC)C(=O)NC(CC2=CC=CC=C2)C(=O)C3(CO3)C,NIHOVCAR3,4.1314616,3.5611234,3.7910903,4.737041,4.270324,4.297729
CS-110266,C1CCC(CC1)(C2=CC3=CC=CC=C3S2)N4CCCCC4,NIHOVCAR3,7.180795,5.265752,8.152172,8.505058,5.6044197,8.3765745
PD-184352,C1CC1CONC(=O)C2=C(C(=C(C=C2)F)F)NC3=C(C=C(C=C3)I)Cl,NIHOVCAR3,4.9133635,4.6916285,4.4730134,5.3814526,4.8596373,5.161085
PU-H71,CC(C)NCCCN1C2=NC=NC(=C2N=C1SC3=C(C=C4C(=C3)OCO4)I)N,NIHOVCAR3,4.4805164,3.6235306,4.1980944,4.966762,4.947671,4.666525
AZD2461,COC1CCN(CC1)C(=O)C2=C(C=CC(=C2)CC3=NNC(=O)C4=CC=CC=C43)F,NIHOVCAR3,4.4357886,4.0753236,4.0708175,5.077147,4.19226,4.763397
TMC-353121,CC1=CC(=C(C=C1)CCCO)NCC2=CC3=C(C=C2)N=C(N3CC4=C(C=CC(=N4)C)O)NCCCN5CCOCC5,NIHOVCAR3,4.067739,2.4788787,4.0453296,4.966762,4.2491817,4.598544
venetoclax,CC1(CCC(=C(C1)C2=CC=C(C=C2)Cl)CN3CCN(CC3)C4=CC(=C(C=C4)C(=O)NS(=O)(=O)C5=CC(=C(C=C5)NCC6CCOCC6)[N+](=O)[O-])OC7=CN=C8C(=C7)C=CN8)C,NIHOVCAR3,3.717411,3.4232008,3.5934904,4.280583,3.3498158,3.9399664
darapladib,CCN(CC)CCN(CC1=CC=C(C=C1)C2=CC=C(C=C2)C(F)(F)F)C(=O)CN3C4=C(CCC4)C(=O)N=C3SCC5=CC=C(C=C5)F,NIHOVCAR3,4.9761305,4.1120987,5.0092745,5.7603426,4.7392797,5.259657
AV-412,CC1=CC=C(C=C1)S(=O)(=O)O.CC1=CC=C(C=C1)S(=O)(=O)O.CC(C)(C#CC1=CC2=C(C=C1NC(=O)C=C)C(=NC=N2)NC3=CC(=C(C=C3)F)Cl)N4CCN(CC4)C,NIHOVCAR3,4.803031,2.3841324,5.3995914,6.136249,4.4378376,5.6573443
telatinib,CNC(=O)C1=NC=CC(=C1)COC2=NN=C(C3=C2OC=C3)NC4=CC=C(C=C4)Cl,NIHOVCAR3,3.4399674,2.8464344,2.924828,4.0836797,3.5360317,3.8088627
PKI-179,C1CC2COCC1N2C3=NC(=NC(=N3)N4CCOCC4)C5=CC=C(C=C5)NC(=O)NC6=CC=NC=C6,NIHOVCAR3,3.5742898,-0.33085984,4.1471834,4.814609,4.942787,4.297729
kifunensine,C(C1C(C(C(C2N1C(=O)C(=O)N2)O)O)O)O,NIHOVCAR3,5.088595,4.6713386,4.9040585,5.470954,5.2899237,5.1067
PD-153035,COC1=C(C=C2C(=C1)C(=NC=N2)NC3=CC(=CC=C3)Br)OC,NIHOVCAR3,2.2369018,0.44738328,2.6704493,3.1529143,2.1126626,2.8010995
E7449,C1C2=CC=CC=C2CN1CC3=NC4=NNC(=O)C5=C4C(=CC=C5)N3,NIHOVCAR3,3.455464,2.9084299,3.4484627,4.1105304,3.0424376,3.7674587
echinomycin,CC1C(=O)N(C2CSC(C(C(=O)N(C(C(=O)OCC(C(=O)N1)NC(=O)C3=NC4=CC=CC=C4N=C3)C(C)C)C)N(C(=O)C(NC(=O)C(COC(=O)C(N(C2=O)C)C(C)C)NC(=O)C5=NC6=CC=CC=C6N=C5)C)C)SC)C,NIHOVCAR3,-2.5869384,-2.2292569,-2.4045558,-2.003721,-4.2530274,-2.0441306
idazoxan,C1CN=C(N1)C2COC3=CC=CC=C3O2,NIHOVCAR3,7.2341332,6.0375996,7.7414913,8.505058,5.6391077,8.247411
gastrodin,C1=CC(=CC=C1CO)OC2C(C(C(C(O2)CO)O)O)O,NIHOVCAR3,3.1841092,2.2361915,3.7131379,4.745991,0.8493183,4.375907
ribociclib,CN(C)C(=O)C1=CC2=CN=C(N=C2N1C3CCCC3)NC4=NC=C(C=C4)N5CCNCC5,NIHOVCAR3,4.567243,3.3827991,4.3559184,5.1099644,5.1561537,4.831378
cariporide,CC(C)C1=C(C=C(C=C1)C(=O)N=C(N)N)S(=O)(=O)C,NIHOVCAR3,5.38793,5.240031,5.1450367,5.7722764,5.4886584,5.2936473
TAK-285,CC(C)(CC(=O)NCCN1C=CC2=C1C(=NC=N2)NC3=CC(=C(C=C3)OC4=CC=CC(=C4)C(F)(F)F)Cl)O,NIHOVCAR3,4.8676224,2.075436,5.386015,6.1272993,5.0376325,5.711729
satraplatin,CC(=O)[O-].CC(=O)[O-].C1CCC(CC1)N.N.[Cl-].[Cl-].[Pt+4],NIHOVCAR3,4.5210657,3.6415324,4.444164,5.4351535,4.086548,4.997931
finafloxacin,C1CC1N2C=C(C(=O)C3=CC(=C(C(=C32)C#N)N4CC5C(C4)OCCN5)F)C(=O)O,NIHOVCAR3,3.8600268,2.5797112,3.9578114,4.5341706,3.923914,4.3045273
dienogest,CC12CCC3=C4CCC(=O)C=C4CCC3C1CCC2(CC#N)O,NIHOVCAR3,7.1956253,6.461092,8.063927,7.8308125,5.293309,8.328988
cetylpyridinium,CCCCCCCCCCCCCCCC[N+]1=CC=CC=C1,NIHOVCAR3,2.3774555,1.6399047,2.6166558,3.52754,0.69323534,3.409942
diaveridine,COC1=C(C=C(C=C1)CC2=CN=C(N=C2N)N)OC,NIHOVCAR3,3.4614925,4.848875,2.0764544,3.372577,4.0849214,2.924635
U-18666A,CCN(CC)CCOC1CCC2(C3CCC4(C(C3CC=C2C1)CCC4=O)C)C.Cl,NIHOVCAR3,-2.575315,-2.2925441,-2.545677,-2.0340192,-4.199616,-1.8047189
tasisulam,C1=CC(=C(C=C1Cl)Cl)C(=O)NS(=O)(=O)C2=CC=C(S2)Br,NIHOVCAR3,5.02308,4.5952516,4.876906,5.5753727,4.9305763,5.1372914
ispinesib,CC1=CC=C(C=C1)C(=O)N(CCCN)C(C2=NC3=C(C=CC(=C3)Cl)C(=O)N2CC4=CC=CC=C4)C(C)C,NIHOVCAR3,5.681136,4.3593817,5.803484,6.55989,5.508927,6.173998
uric-acid,C12=C(NC(=O)N1)NC(=O)NC2=O,NIHOVCAR3,5.128871,4.1082945,5.1212783,5.909512,5.0178785,5.4873924
FK-3311,CC(=O)C1=CC(=C(C=C1)NS(=O)(=O)C)OC2=C(C=C(C=C2)F)F,NIHOVCAR3,4.3394575,4.213548,3.970407,4.8712935,3.985715,4.6563272
NVP-AUY922,CCNC(=O)C1=NOC(=C1C2=CC=C(C=C2)CN3CCOCC3)C4=CC(=C(C=C4O)O)C(C)C,NIHOVCAR3,0.69417715,0.2023358,0.014340416,2.1696775,-0.9611002,2.0456324
RAF265,CN1C2=C(C=C(C=C2)OC3=CC(=NC=C3)C4=NC=C(N4)C(F)(F)F)N=C1NC5=CC=C(C=C5)C(F)(F)F,NIHOVCAR3,4.5369925,3.7111554,4.398344,4.85936,4.978199,4.7379045
AMG900,CC1=CSC(=C1)C2=NN=C(C3=CC=CC=C32)NC4=CC=C(C=C4)OC5=C(C=CC=N5)C6=NC(=NC=C6)N,NIHOVCAR3,3.5703454,2.1250353,3.4158313,4.0896463,4.3483887,3.8728242
DVD-111,CCOC(=O)CNC(=O)C1CCCN1C(=O)CC2=CC=CC=C2,NIHOVCAR3,2.3651218,2.8352892,1.8846171,3.479178,0.35014054,3.2763846
cinalukast,CCC(CC)(CC(=O)NC1=CC=CC(=C1)C=CC2=NC(=CS2)C3CCC3)C(=O)O,NIHOVCAR3,5.2273283,4.361918,4.992304,6.016914,5.2679176,5.4975896
zardaverine,COC1=C(C=CC(=C1)C2=NNC(=O)C=C2)OC(F)F,NIHOVCAR3,5.440807,4.8564844,4.9889097,6.252601,5.397709,5.7083297
idasanutlin,CC(C)(C)CC1C(C(C(N1)C(=O)NC2=C(C=C(C=C2)C(=O)O)OC)C3=C(C(=CC=C3)Cl)F)(C#N)C4=C(C=C(C=C4)Cl)F,NIHOVCAR3,4.8447785,4.0093813,4.7275677,5.4321704,4.801916,5.252858
lucitanib,CNC(=O)C1=CC=CC2=C1C=CC(=C2)OC3=C4C=C(C(=CC4=NC=C3)OCC5(CC5)N)OC,NIHOVCAR3,4.9676185,3.5513709,5.216312,5.7006745,4.7089925,5.6607428
dacinostat,C1=CC=C2C(=C1)C(=CN2)CCN(CCO)CC3=CC=C(C=C3)C=CC(=O)NO,NIHOVCAR3,3.0823443,2.6917942,3.1581676,3.791351,2.3338013,3.4366071
bindarit,CC(C)(C(=O)O)OCC1=NN(C2=CC=CC=C21)CC3=CC=CC=C3,NIHOVCAR3,4.289895,3.1807916,4.5375004,5.41427,3.128634,5.1882772
tivantinib,C1CC2=C3C(=CC=C2)C(=CN3C1)C4C(C(=O)NC4=O)C5=CNC6=CC=CC=C65,NIHOVCAR3,3.5653214,2.8951948,3.5173507,3.9181018,3.6645126,3.8314466
BGT226,CN1C2=CN=C3C=CC(=CC3=C2N(C1=O)C4=CC(=C(C=C4)N5CCNCC5)C(F)(F)F)C6=CN=C(C=C6)OC.C(=CC(=O)O)C(=O)O,NIHOVCAR3,2.0549011,1.0386584,2.1234705,2.4820733,2.1210797,2.509224
AR-12,C1=CC=C2C(=C1)C=CC3=C2C=CC(=C3)C4=CC(=NN4C5=CC=C(C=C5)NC(=O)CN)C(F)(F)F,NIHOVCAR3,2.1126595,1.1126399,2.4149518,2.961671,1.3520925,2.7219417
LY2874455,CC(C1=C(C=NC=C1Cl)Cl)OC2=CC3=C(C=C2)NN=C3C=CC4=CN(N=C4)CCO,NIHOVCAR3,3.5126915,3.5179355,3.087082,3.7770755,3.5571742,3.624189
LCL-161,CC(C(=O)NC(C1CCCCC1)C(=O)N2CCCC2C3=NC(=CS3)C(=O)C4=CC=C(C=C4)F)NC,NIHOVCAR3,5.063707,4.0081134,5.0126686,5.676808,5.293309,5.3276377
DU-728,C(CC(C(=O)NCC(=O)NC(CC(=O)O)C(=O)NC(CO)C(=O)O)N)CN=C(N)N,NIHOVCAR3,4.7271347,4.0220623,4.5018625,5.0025625,5.328793,4.7803926
givinostat,CCN(CC)CC1=CC2=C(C=C1)C=C(C=C2)COC(=O)NC3=CC=C(C=C3)C(=O)NO,NIHOVCAR3,4.1187296,3.478927,3.9686153,4.984662,3.6376781,4.523765
CEP-32496,CC(C)(C1=CC(=NO1)NC(=O)NC2=CC(=CC=C2)OC3=NC=NC4=CC(=C(C=C43)OC)OC)C(F)(F)F,NIHOVCAR3,4.4220176,3.844526,4.4000406,5.1427817,4.005231,4.71751
ambazone,C1=CC(=CC=C1NN=C(N)N)N=NC(=S)N,NIHOVCAR3,4.1709948,3.7549994,3.6714425,4.9786954,4.2914667,4.1583686
merimepodib,COC1=C(C=CC(=C1)NC(=O)NC2=CC=CC(=C2)CNC(=O)OC3CCOC3)C4=CN=CO4,NIHOVCAR3,4.543176,3.8090189,4.5205297,5.3188014,4.1987653,4.8687673
galeterone,CC12CCC(CC1=CCC3C2CCC4(C3CC=C4N5C=NC6=CC=CC=C65)C)O,NIHOVCAR3,4.914828,3.3354318,5.2909813,5.548522,4.9118114,5.4873924
xilobam,CC1=C(C(=CC=C1)C)NC(=O)N=C2CCCN2C,NIHOVCAR3,3.690125,3.154322,3.187331,4.3402505,3.946683,3.822037
navarixin,CCC(C1=CC=C(O1)C)NC2=C(C(=O)C2=O)NC3=CC=CC(=C3O)C(=O)N(C)C,NIHOVCAR3,1.9401445,0.7946983,2.3527853,3.025023,0.75221604,2.7760005
TAS-103,CN(C)CCNC1=NC2=C(C=CC(=C2)O)C3=C1C(=O)C4=CC=CC=C43.Cl.Cl,NIHOVCAR3,4.2917314,3.0080404,4.225247,5.080131,4.133712,5.011527
I-BET-762,CCNC(=O)CC1C2=NN=C(N2C3=C(C=C(C=C3)OC)C(=N1)C4=CC=C(C=C4)Cl)C,NIHOVCAR3,4.9405127,3.0261514,5.043215,5.9572463,5.0016108,5.6743393
orotic-acid,C1=C(NC(=O)NC1=O)C(=O)O,NIHOVCAR3,4.246728,3.200296,4.354221,5.333719,3.4018588,4.9435463
AS-703026,C1=CC(=C(C=C1I)F)NC2=C(C=CN=C2)C(=O)NCC(CO)O,NIHOVCAR3,4.2438254,3.7523582,3.9542012,4.4894204,4.8341866,4.18896
buparlisib,C1COCCN1C2=NC(=NC(=C2)C3=CN=C(C=C3C(F)(F)F)N)N4CCOCC4,NIHOVCAR3,2.699526,0.91110665,2.8373,3.8085222,2.568919,3.3717825
ixazomib-citrate,B1(OC(=O)CC(O1)(CC(=O)O)C(=O)O)C(CC(C)C)NC(=O)CNC(=O)C2=C(C=CC(=C2)Cl)Cl,NIHOVCAR3,3.2722251,2.5953355,3.1946218,4.2268825,2.3002346,4.0440507
MEK162,CN1C=NC2=C1C=C(C(=C2F)NC3=C(C=C(C=C3)Br)F)C(=O)NOCCO,NIHOVCAR3,4.906955,4.5521355,4.7004147,5.339685,5.0329843,4.909556
GSK923295,CC(C)OC1=C(C=C(C=C1)C(=O)NC(CC2=CC=C(C=C2)C3=CN4C=CC=C(C4=N3)C(C)O)CNC(=O)CN(C)C)Cl,NIHOVCAR3,3.6239133,3.462209,3.2871196,4.2447824,3.211577,3.9138777
GSK1070916,CCN1C=C(C(=N1)C2=CC=C(C=C2)NC(=O)N(C)C)C3=C4C=C(NC4=NC=C3)C5=CC=CC(=C5)CN(C)C,NIHOVCAR3,3.6632316,3.218407,3.711325,4.1075473,3.139205,4.1396737
pyroxamide,C1=CC(=CN=C1)NC(=O)CCCCCCC(=O)NO,NIHOVCAR3,4.071007,2.1867588,4.39495,5.300901,3.732819,4.739604
ercalcitriol,CC(C=CC(C)C(C)(C)O)C1CCC2C1(CCCC2=CC=C3CC(CC(C3=C)O)O)C,NIHOVCAR3,1.372639,-0.80628663,2.4706833,3.366116,-1.2337058,3.066388
XBD173,CCN(CC1=CC=CC=C1)C(=O)CN2C3=NC(=NC=C3N(C2=O)C)C4=CC=CC=C4,NIHOVCAR3,-2.3047016,-0.53640276,-2.9478786,-1.8260115,-4.070304,-2.1429121
hyodeoxycholic-acid,CC(CCC(=O)O)C1CCC2C1(CCC3C2CC(C4C3(CCC(C4)O)C)O)C,NIHOVCAR3,3.533116,2.174267,3.852727,3.9882119,3.675084,3.9752903
PD-407824,C1=CC=C(C=C1)C2=CC3=C(C4=C(N3)C=CC(=C4)O)C5=C2C(=O)NC5=O,NIHOVCAR3,3.7605577,2.4702652,3.8799195,4.441686,3.791367,4.219551
DCEBIO,CCN1C2=CC(=C(C=C2NC1=O)Cl)Cl,NIHOVCAR3,3.498558,3.7457554,3.0087054,3.9419692,3.109931,3.686429
CNX-2006,COC1=C(C=CC(=C1)NC2CN(C2)CCF)NC3=NC=C(C(=N3)NC4=CC(=CC=C4)NC(=O)C=C)C(F)(F)F,NIHOVCAR3,3.333424,1.5190959,3.5771744,4.468537,3.153029,3.9492831
BI-78D3,C1COC2=C(O1)C=CC(=C2)N3C(=O)NN=C3SC4=NC=C(S4)[N+](=O)[O-],NIHOVCAR3,6.1764584,5.2343903,6.3159866,7.186401,5.6044197,6.541094
tremorine,C1CCN(C1)CC#CCN2CCCC2,NIHOVCAR3,5.246979,5.5754547,4.9515753,5.5634394,4.820188,5.3242383
stattic,C1=CC(=CC2=C1C=CS2(=O)=O)[N+](=O)[O-],NIHOVCAR3,6.7853193,4.881828,7.649852,8.176886,5.596047,7.6219883
MK-8745,C1CN(CCN1CC2=NC(=CC=C2)NC3=NC=CS3)C(=O)C4=C(C(=CC=C4)Cl)F,NIHOVCAR3,4.7264967,4.369527,4.34913,5.3426685,4.792467,4.778693
GSK2656157,CC1=NC(=CC=C1)CC(=O)N2CCC3=C2C=CC(=C3F)C4=CN(C5=NC=NC(=C45)N)C,NIHOVCAR3,6.1788797,4.0524974,6.5671473,7.5145736,5.6582456,7.101935
CEP-33779,CN1CCN(CC1)C2=CC=CC(=C2)NC3=NN4C=CC=C(C4=N3)C5=CC=C(C=C5)S(=O)(=O)C,NIHOVCAR3,3.9536228,2.4516032,4.1353045,4.814609,3.8751235,4.491474
PR-619,C1=C(C(=NC(=C1SC#N)N)N)SC#N,NIHOVCAR3,2.9563704,1.6337705,2.9631217,3.7038085,3.1131835,3.3679667
XL388,CC1=C(C=CC(=C1F)S(=O)(=O)C)C(=O)N2CCOC3=C(C2)C=C(C=C3)C4=CN=C(C=C4)N,NIHOVCAR3,5.8606215,4.402498,6.115737,6.9686136,5.241175,6.5750847
flumethasone-pivalate,CC1CC2C3CC(C4=CC(=O)C=CC4(C3(C(CC2(C1(C(=O)COC(=O)C(C)(C)C)O)C)O)F)C)F,NIHOVCAR3,2.5257804,1.8936062,2.7570655,3.5597062,1.3693551,3.0491688
TAK-632,C1CC1C(=O)NC2=NC3=C(S2)C(=C(C=C3)OC4=CC(=C(C=C4)F)NC(=O)CC5=CC(=CC=C5)C(F)(F)F)C#N,NIHOVCAR3,3.8757064,2.2965639,3.9757807,4.47152,4.527286,4.107383
fenaclon,C1=CC=C(C=C1)CCNC(=O)CCCl,NIHOVCAR3,4.4377346,4.7778606,3.8817322,4.8981442,4.270324,4.360611
PHA-680632,CCC1=C(C(=CC=C1)CC)NC(=O)N2CC3=C(C2)NN=C3NC(=O)C4=CC=C(C=C4)N5CCN(CC5)C,NIHOVCAR3,2.8488445,1.5330732,2.9412396,3.9076602,2.3496916,3.5125577
deforolimus,CC1CCC2CC(C(=CC=CC=CC(CC(C(=O)C(C(C(=CC(C(=O)CC(OC(=O)C3CCCCN3C(=O)C(=O)C1(O2)O)C(C)CC4CCC(C(C4)OC)OP(=O)(C)C)C)C)O)OC)C)C)C)OC,NIHOVCAR3,-1.4813261,-1.6157448,-2.130424,-0.8446949,-1.1387614,-1.6770054
ZSTK-474,C1COCCN1C2=NC(=NC(=N2)N3C4=CC=CC=C4N=C3C(F)F)N5CCOCC5,NIHOVCAR3,0.18249914,-0.27311194,-0.61487585,1.3821962,0.15162033,0.26666695
talmapimod,CC1CN(C(CN1C(=O)C2=C(C=C3C(=C2)C(=CN3C)C(=O)C(=O)N(C)C)Cl)C)CC4=CC=C(C=C4)F,NIHOVCAR3,1.9012442,1.174326,2.0257506,2.7552953,1.0658205,2.485028
nemorubicin,CC1C(C(CC(O1)OC2CC(CC3=C2C(=C4C(=C3O)C(=O)C5=C(C4=O)C(=CC=C5)OC)O)(C(=O)CO)O)N6CCOC(C6)OC)O,NIHOVCAR3,1.6326733,0.6424432,2.086595,2.2758694,1.0586277,2.099831
"CP-945,598",CCNC1(CCN(CC1)C2=NC=NC3=C2N=C(N3C4=CC=C(C=C4)Cl)C5=CC=CC=C5Cl)C(=O)N,NIHOVCAR3,3.7864075,0.61732334,4.1353045,4.927978,4.7463617,4.50507
SR-57227A,C1CN(CCC1N)C2=NC(=CC=C2)Cl.Cl,NIHOVCAR3,5.594166,5.00968,5.4233494,6.54199,4.8659997,6.1298103
AR-42,CC(C)C(C1=CC=CC=C1)C(=O)NC2=CC=C(C=C2)C(=O)NO,NIHOVCAR3,4.9288697,4.3162656,4.6664743,5.5425553,4.964767,5.1542864
cebranopadol,CN(C)C1(CCC2(CC1)C3=C(CCO2)C4=C(N3)C=CC(=C4)F)C5=CC=CC=C5,NIHOVCAR3,3.9608397,0.60724264,4.8870883,5.375486,3.7019181,5.2324643
indirubin,C1=CC=C2C(=C1)C(=C(N2)O)C3=NC4=CC=CC=C4C3=O,NIHOVCAR3,3.010482,3.1097407,2.6950667,3.198139,3.221335,2.8281288
JTC-801,CCC1=CC=C(C=C1)OCC2=CC=CC=C2C(=O)NC3=CC4=C(C=C(N=C4C=C3)C)N.Cl,NIHOVCAR3,4.9407864,4.3467007,4.6223516,5.4739375,5.0794635,5.181479
tideglusib,C1=CC=C(C=C1)CN2C(=O)N(SC2=O)C3=CC=CC4=CC=CC=C43,NIHOVCAR3,3.9727416,4.70431,3.1144226,3.7309432,4.970872,3.3431633
cytochlor,C1C(C(OC1N2C=C(C(=NC2=O)N)Cl)CO)O,NIHOVCAR3,6.699538,6.2325406,7.429238,7.192368,5.680972,6.962575
neratinib,CCOC1=C(C=C2C(=C1)N=CC(=C2NC3=CC(=C(C=C3)OCC4=CC=CC=N4)Cl)C#N)NC(=O)C=CCN(C)C,NIHOVCAR3,2.9975793,2.156632,2.6038914,3.615865,3.5604267,3.051082
PCI-24781,CN(C)CC1=C(OC2=CC=CC=C21)C(=O)NCCOC3=CC=C(C=C3)C(=O)NO,NIHOVCAR3,5.430433,4.1285844,5.6405697,6.285418,5.144534,5.95306
YM-976,CCC1=NC2=C(C=C1)C(=NC(=O)N2CC)C3=CC(=CC=C3)Cl,NIHOVCAR3,3.334341,2.3087661,3.2254827,4.2209153,3.0643935,3.8521485
fosbretabulin,COC1=C(C=C(C=C1)C=CC2=CC(=C(C(=C2)OC)OC)OC)OP(=O)(O)O,NIHOVCAR3,4.58368,5.16523,3.6369984,4.8026757,4.9256916,4.3878036
xanomeline,CCCCCCOC1=NSN=C1C2=CCCN(C2)C,NIHOVCAR3,5.1169977,2.2339997,5.6303873,6.8373446,4.8418217,6.0414352
saracatinib,CN1CCN(CC1)CCOC2=CC3=C(C(=C2)OC4CCOCC4)C(=NC=N3)NC5=C(C=CC6=C5OCO6)Cl,NIHOVCAR3,4.1470833,1.8718646,4.418708,4.984662,4.698485,4.761698
selinexor,C1=CN=C(C=N1)NNC(=O)C=CN2C=NC(=N2)C3=CC(=CC(=C3)C(F)(F)F)C(F)(F)F,NIHOVCAR3,4.4284186,2.9564936,4.452649,5.5127215,4.280082,4.9401474
CYT-997,CCCC(C1=CN=CC=C1)NC2=NC(=NC=C2C)C3=CC(=C(C=C3)NC(=O)NCC)OC,NIHOVCAR3,2.9493833,2.1345878,2.5674214,3.6766462,3.219709,3.1485515
KW-2449,C1CN(CCN1)C(=O)C2=CC=C(C=C2)C=CC3=NNC4=CC=CC=C43,NIHOVCAR3,4.5055304,3.895251,4.3033104,5.4351535,3.8076305,5.0863056
brefeldin-a,CC1CCCC=CC2CC(CC2C(C=CC(=O)O1)O)O,NIHOVCAR3,5.296796,2.941169,5.671116,6.512156,4.978199,6.381339
kenpaullone,C1C2=C(C3=CC=CC=C3NC1=O)NC4=C2C=C(C=C4)Br,NIHOVCAR3,4.0334425,2.6257021,3.8581655,4.5968223,4.532165,4.554356
methiazole,CC(C)SC1=CC2=C(C=C1)N=C(N2)NC(=O)OC,NIHOVCAR3,4.215705,3.184971,4.165851,5.2113996,3.871871,4.644431
GSK-3-inhibitor-IX,C1=CC=C2C(=C1)C(=C(N2)C3=C(NC4=C3C=CC(=C4)Br)O)N=O,NIHOVCAR3,4.2706146,2.654639,4.642716,5.2113996,4.0605264,4.7837915
chicago-sky-blue-6b,COC1=C(C=CC(=C1)C2=CC(=C(C=C2)NN=C3C=CC4=C(C3=O)C(=C(C=C4S(=O)(=O)O)S(=O)(=O)O)N)OC)NN=C5C=CC6=C(C5=O)C(=C(C=C6S(=O)(=O)O)S(=O)(=O)O)N,NIHOVCAR3,2.550159,2.9899294,2.2229676,2.5510008,2.4554138,2.5314841
SB-200646,CN1C=CC2=C1C=CC(=C2)NC(=O)NC3=CN=CC=C3,NIHOVCAR3,6.334077,4.7575707,6.818308,7.4310384,5.469758,7.1937094
caffeic-acid-phenethyl-ester,C1=CC=C(C=C1)CCOC(=O)C=CC2=CC(=C(C=C2)O)O,NIHOVCAR3,4.4858274,4.50902,3.840037,5.205433,4.1418433,4.732806
KF-38789,CC1=CC(=C(C(=O)O1)C2=NCCSC(C2)C3=C(C=C(C=C3)OC)OC)O,NIHOVCAR3,5.785081,4.3200703,6.047856,6.822428,5.275535,6.459517
GSK-J4,CCOC(=O)CCNC1=CC(=NC(=N1)C2=CC=CC=N2)N3CCC4=CC=CC=C4CC3,NIHOVCAR3,5.712305,4.995631,5.6303873,6.362986,5.58887,5.9836516
KPT-185,CC(C)OC(=O)C=CN1C=NC(=N1)C2=CC(=CC(=C2)OC)C(F)(F)F,NIHOVCAR3,6.2936034,4.402498,6.672363,7.6577764,5.4634933,7.2718873
OSI-420,COCCOC1=C(C=C2C(=C1)N=CN=C2NC3=CC=CC(=C3)C#C)OCCO,NIHOVCAR3,3.8894253,2.8694212,3.61887,4.537154,4.494759,3.9269223
NAN-190,COC1=CC=CC=C1N2CCN(CC2)CCCCN3C(=O)C4=CC=CC=C4C3=O,NIHOVCAR3,5.228518,4.194526,5.491231,6.049731,4.7293644,5.677738
beta-naphthol,C1=CC=C2C=C(C=CC2=C1)O,NIHOVCAR3,4.246503,3.8064826,4.075908,4.745991,4.148349,4.4557843
AZD2858,CN1CCN(CC1)S(=O)(=O)C2=CC=C(C=C2)C3=CN=C(C(=N3)C(=O)NC4=CN=CC=C4)N,NIHOVCAR3,5.101432,4.931363,4.7377496,5.560456,5.0655193,5.2120705
NU6027,C1CCC(CC1)COC2=NC(=NC(=C2N=O)N)N,NIHOVCAR3,4.669144,2.385568,4.7173853,5.548522,5.563752,5.1304936
aurora-a-inhibitor-i,CCN1CCN(CC1)C(=O)CC2=CC=C(C=C2)NC3=NC=C(C(=N3)NC4=CC=C(C=C4)C(=O)NC5=CC=CC=C5Cl)F,NIHOVCAR3,4.3011627,1.9753692,4.551077,5.42322,4.6907797,4.8653684
NSC-697923,CC1=CC=C(C=C1)S(=O)(=O)C2=CC=C(O2)[N+](=O)[O-],NIHOVCAR3,5.266,5.285928,4.7750845,5.7752595,5.145696,5.348032
golgicide-a,C1C=CC2C1C(NC3=C2C=C(C=C3F)F)C4=CN=CC=C4,NIHOVCAR3,5.892138,4.699237,6.044462,6.7627606,5.6510687,6.3031616
spermidine,C(CCNCCCN)CN,NIHOVCAR3,1.8142586,0.115388006,1.9768907,1.7378653,2.9041986,2.3369498
dianhydrogalactitol,C1C(O1)C(C(C2CO2)O)O,NIHOVCAR3,1.481753,0.015176445,2.5810976,3.8038871,-2.524807,3.5334108
carmustine,C(CCl)NC(=O)N(CCCl)N=O,NIHOVCAR3,-0.30721936,-0.2556851,-0.8993006,-0.32882252,-0.30413115,0.25184247
cisplatin,N.N.Cl[Pt]Cl,NIHOVCAR3,5.725628,4.2351065,6.0274916,6.482322,5.3319254,6.5512915
dichlorvos,COP(=O)(OC)OC=C(Cl)Cl,NIHOVCAR3,3.7974331,0.79066616,4.0674233,5.050297,4.4020576,4.6767216
sevoflurane,C(OC(C(F)(F)F)C(F)(F)F)F,NIHOVCAR3,4.937098,4.282027,4.934605,5.536588,4.808574,5.1236954
ornithine,C(CC(C(=O)O)N)CN,NIHOVCAR3,4.2006683,3.7681856,3.8237212,4.7012405,4.2085233,4.5016713
ammonium-lactate,CC(C(=O)O)O.N,NIHOVCAR3,5.3953276,4.7677155,5.6100225,5.7752595,5.108513,5.715128
pyrithione-zinc,C1=CC=[N+](C(=C1)[S-])O.C1=CC=[N+](C(=C1)[S-])O.[Zn+2],NIHOVCAR3,-2.0317464,-0.75486606,-3.119356,-3.7330573,0.27569547,-2.8271487
oxaliplatin,C1CCC(C(C1)[NH-])[NH-].C(=O)(C(=O)O)O.[Pt+2],NIHOVCAR3,5.187975,5.2767572,4.927817,5.470954,5.2392225,5.025123
foscarnet,C(=O)(O)P(=O)(O)O,NIHOVCAR3,3.5139937,4.521701,2.3738124,3.416186,4.270324,2.9879448
fluroxene,C=COCC(F)(F)F,NIHOVCAR3,4.089841,2.0106676,4.530712,5.39637,3.771851,4.739604
phenylmercuric-acetate,CC(=O)O[Hg]C1=CC=CC=C1,NIHOVCAR3,5.5687194,3.2950304,6.329563,6.6523747,5.188689,6.37794
captamine,CN(C)CCS,NIHOVCAR3,6.686963,4.7524986,7.5853643,8.18882,5.0074205,7.900709
BIX-02188,CN(C)CC1=CC(=CC=C1)N=C(C2=CC=CC=C2)C3=C(NC4=C3C=CC(=C4)C(=O)N)O,NIHOVCAR3,5.154428,3.7925334,5.338498,6.1929336,4.7364464,5.711729
novobiocin,CC1=C(C=CC2=C1OC(=O)C(=C2O)NC(=O)C3=CC(=C(C=C3)O)CC=C(C)C)OC4C(C(C(C(O4)(C)C)OC)OC(=O)N)O,NIHOVCAR3,-1.9706093,-1.1719341,-2.2358592,-1.5625685,-3.0743341,-1.8083509
acipimox,CC1=CN=C(C=[N+]1[O-])C(=O)O,NIHOVCAR3,3.0120845,1.3930469,2.8427703,3.9524112,3.4717917,3.4004018
methoxyflurane,COC(C(Cl)Cl)(F)F,NIHOVCAR3,3.1376777,-0.9597661,4.530712,4.892177,3.0465035,4.1787624
D-7193,CC(=O)NC(CSSCC(C(=O)O)NC(=O)C)C(=O)O,NIHOVCAR3,4.4839406,3.800142,4.288037,4.8623433,4.887633,4.5815487
carboplatin,C1CC(C1)(C(=O)O)C(=O)O.[NH2-].[NH2-].[Pt+2],NIHOVCAR3,8.172403,6.0107107,10.100362,9.358307,5.8603907,9.532248
pheniramine,CN(C)CCC(C1=CC=CC=C1)C2=CC=CC=N2,NIHOVCAR3,4.862138,3.984019,4.7784786,5.7991266,4.4248266,5.3242383
mexiletine,CC1=C(C(=CC=C1)C)OCC(C)N,NIHOVCAR3,4.5234,6.5955343,3.1709266,4.1761646,4.94645,3.7279224
usniacin-(+),CC1=C(C(=C2C(=C1O)C3(C(=CC(=C(C3=O)C(=O)C)O)O2)C)C(=O)C)O,NIHOVCAR3,-2.1372015,-0.9514082,-2.3137193,-1.6283749,-3.9859705,-1.8065349
erythritol,C(C(C(CO)O)O)O,NIHOVCAR3,-3.7417006,-1.4124761,-4.1438074,-5.1506834,-3.1980495,-4.8034887
linalool,CC(=CCCC(C)(C=C)O)C,NIHOVCAR3,1.4063822,-1.02788,2.8573585,4.30445,-2.9391098,3.8370924
chlormidazole,CC1=NC2=CC=CC=C2N1CC3=CC=C(C=C3)Cl,NIHOVCAR3,5.4003477,4.3327513,5.504807,6.3092856,4.956219,5.898676
trans-4-Hydroxycrotonic-acid,C(C=CC(=O)O)O,NIHOVCAR3,6.196318,4.869165,6.658787,6.992481,5.430601,7.0305557
sodium-stibogluconate,C(C(C1C2C(O[Sb](O2)(O1)O[Sb]34OC(C(O3)C(CO)O)C(O4)C(=O)O)C(=O)O)O)O.O.O,NIHOVCAR3,3.7830405,2.46237,4.111546,4.6982574,3.1668525,4.476178
isopropyl-myristate,CCCCCCCCCCCCCC(=O)OC(C)C,NIHOVCAR3,3.8441005,2.4185855,4.1420927,4.772842,3.4108038,4.476178
oxyphencyclimine,CN1CCCN=C1COC(=O)C(C2CCCCC2)(C3=CC=CC=C3)O,NIHOVCAR3,4.7598605,4.5774984,4.226944,5.548522,4.278456,5.167883
acetylcysteine,CC(=O)NC(CS)C(=O)O,NIHOVCAR3,5.18054,5.0375414,4.870118,5.1875324,5.7347975,5.0727096
mechlorethamine,CN(CCCl)CCCl,NIHOVCAR3,3.295651,3.2866719,3.2399857,3.335428,3.1928744,3.4232945
vorinostat,C1=CC=C(C=C1)NC(=O)CCCCCCC(=O)NO,NIHOVCAR3,3.4422946,2.5704787,3.4158313,4.4864364,2.8285813,3.910147
penicillamine-(D),CC(C)(C(C(=O)O)N)S,NIHOVCAR3,4.0137258,2.9181821,3.998819,4.7310743,4.0735373,4.3470154
dichloroacetate,C(C(=O)[O-])(Cl)Cl,NIHOVCAR3,4.150461,4.159019,3.4847195,4.495387,4.717956,3.8952234
oleanolic-acid,CC1(CCC2(CCC3(C(=CCC4C3(CCC5C4(CCC(C5(C)C)O)C)C)C2C1)C)C(=O)O)C,NIHOVCAR3,4.878888,4.1082945,5.2909813,5.2293,4.3158617,5.4500027
brigatinib,CN1CCN(CC1)C2CCN(CC2)C3=CC(=C(C=C3)NC4=NC=C(C(=N4)NC5=CC=CC=C5P(=O)(C)C)Cl)OC,NIHOVCAR3,4.163062,0.67951995,4.713991,5.39637,4.9391236,5.0863056
elacridar,COC1=CC=CC2=C1NC3=C(C2=O)C=CC=C3C(=O)NC4=CC=C(C=C4)CCN5CCC6=CC(=C(C=C6C5)OC)OC,NIHOVCAR3,3.694303,1.6156032,3.9361176,4.519254,4.1028113,4.297729
BNC105,CC1=C(C2=C(O1)C(=C(C=C2)OC)OP(=O)(O)O)C(=O)C3=CC(=C(C(=C3)OC)OC)OC,NIHOVCAR3,3.0963395,2.5733194,2.833653,3.9166105,2.600102,3.5580125
bis(maltolato)oxovanadium(IV),CC1=C(C(=O)C=CO1)[O-].CC1=C(C(=O)C=CO1)[O-].O=[V+2],NIHOVCAR3,3.0552917,2.6405237,2.8573585,4.3969355,1.7140721,3.6675684
carboxypyridine-disulfide,C1=CC(=NC=C1C(=O)O)SSC2=NC=C(C=C2)C(=O)O,NIHOVCAR3,4.691888,4.183113,4.445861,4.9369283,5.1352386,4.758299
bafetinib,CC1=C(C=C(C=C1)NC(=O)C2=CC(=C(C=C2)CN3CCC(C3)N(C)C)C(F)(F)F)NC4=NC=CC(=N4)C5=CN=CN=C5,NIHOVCAR3,4.04113,3.2783127,4.179427,4.838476,3.3839693,4.5254645
enoximone,CC1=C(NC(=O)N1)C(=O)C2=CC=C(C=C2)SC,NIHOVCAR3,6.586329,5.4566813,6.859036,7.7055106,5.563752,7.346666
beta-lapachone,CC1(CCC2=C(O1)C3=CC=CC=C3C(=O)C2=O)C,NIHOVCAR3,1.1670456,1.3031673,0.68186665,2.7308526,-1.6170801,2.7364218
carboxyamidotriazole,C1=CC(=CC=C1C(=O)C2=C(C=C(C=C2Cl)CN3C(=C(N=N3)C(=O)N)N)Cl)Cl,NIHOVCAR3,4.1500025,4.058838,3.898048,4.880244,3.4961867,4.4166956
cyclovalone,COC1=C(C=CC(=C1)C=C2CCCC(=CC3=CC(=C(C=C3)O)OC)C2=O)O,NIHOVCAR3,3.5148475,3.0512283,3.2544882,4.2596993,3.2375984,3.7712228
erdafitinib,CC(C)NCCN(C1=CC2=NC(=CN=C2C=C1)C3=CN(N=C3)C)C4=CC(=CC(=C4)OC)OC,NIHOVCAR3,2.7913985,1.8962302,2.5765388,3.169066,3.1131835,3.2019742
cibenzoline,C1CN=C(N1)C2CC2(C3=CC=CC=C3)C4=CC=CC=C4,NIHOVCAR3,3.8447556,2.955797,3.3560076,4.719141,3.6010857,4.591746
atiprimod,CCCC1(CCC2(CC1)CCN(C2)CCCN(CC)CC)CCC,NIHOVCAR3,1.2467088,-2.132006,2.4542413,3.025023,-0.30233294,3.1886184
forodesine,C1=C(C2=C(N1)C(=O)NC=N2)C3C(C(C(N3)CO)O)O,NIHOVCAR3,4.427465,2.7670245,4.7750845,5.3635526,4.403684,4.827979
fenretinide,CC1=C(C(CCC1)(C)C)C=CC(=CC=CC(=CC(=O)NC2=CC=C(C=C2)O)C)C,NIHOVCAR3,5.4033957,4.222425,5.671116,6.4853053,4.4199476,6.2181854
etoposide-phosphate,CC1OCC2C(O1)C(C(C(O2)OC3C4COC(=O)C4C(C5=CC6=C(C=C35)OCO6)C7=CC(=C(C(=C7)OC)OP(=O)(O)O)OC)O)O,NIHOVCAR3,-0.44076362,-1.7485344,-1.3340626,1.324402,0.0588336,-0.5044566
gidazepam,C1C(=O)N(C2=C(C=C(C=C2)Br)C(=N1)C3=CC=CC=C3)CC(=O)NN,NIHOVCAR3,4.748239,3.800142,4.4747105,5.268084,4.8978133,5.3004456
chidamide,C1=CC(=CN=C1)C=CC(=O)NCC2=CC=C(C=C2)C(=O)NC3=C(C=CC(=C3)F)N,NIHOVCAR3,6.667737,5.2193484,7.2459583,8.081417,5.397709,7.394252
brivaracetam,CCCC1CC(=O)N(C1)C(CC)C(=O)N,NIHOVCAR3,5.2028017,4.6662664,5.158613,5.7185755,5.0341463,5.436407
bentazepam,C1CCC2=C(C1)C3=C(S2)NC(=O)CN=C3C4=CC=CC=C4,NIHOVCAR3,3.7986991,1.8804862,3.9596167,5.0860977,3.4449568,4.6223373
LY3023414,CC(CN1C2=C3C=C(C=CC3=NC=C2N(C1=O)C)C4=CC(=CN=C4)C(C)(C)O)OC,NIHOVCAR3,3.247546,1.9242673,3.3270018,4.1433473,2.9777908,3.8653224
hexaminolevulinate,CCCCCCOC(=O)CCC(=O)CN,NIHOVCAR3,3.7583547,2.7649348,3.7312663,5.008529,2.8329582,4.454085
GS-9973,C1COCCN1C2=CC=C(C=C2)NC3=NC(=CN4C3=NC=C4)C5=CC6=C(C=C5)C=NN6,NIHOVCAR3,4.6157613,3.5402257,4.5714407,5.1427817,4.931797,4.892561
lorlatinib,CC1C2=C(C=CC(=C2)F)C(=O)N(CC3=NN(C(=C3C4=CC(=C(N=C4)N)O1)C#N)C)C,NIHOVCAR3,3.795423,3.414842,3.6098056,4.587872,3.1416445,4.2229505
GSK2830371,CC1=C(C=C(C=N1)Cl)NCC2=CC=C(S2)C(=O)NC(CC3CCCC3)C(=O)NC4CC4,NIHOVCAR3,4.4776754,3.8597436,4.276158,4.969745,4.651895,4.6308346
metyrapone,CC(C)(C1=CN=CC=C1)C(=O)C2=CN=CC=C2,NIHOVCAR3,3.665913,4.200867,2.9740627,4.3999186,3.209951,3.5447652
idronoxil,C1C(=CC2=C(O1)C=C(C=C2)O)C3=CC=C(C=C3)O,NIHOVCAR3,5.068982,4.25286,5.050003,5.9363627,4.4687376,5.63695
gilteritinib,CCC1=C(N=C(C(=N1)C(=O)N)NC2=CC(=C(C=C2)N3CCC(CC3)N4CCN(CC4)C)OC)NC5CCOCC5,NIHOVCAR3,4.7312326,3.7694976,4.693627,5.2561502,4.9525557,4.984335
napabucasin,CC(=O)C1=CC2=C(O1)C(=O)C3=CC=CC=C3C2=O,NIHOVCAR3,2.4051204,1.3878448,2.7388306,4.2925167,-0.14975649,3.7561667
litronesib,CCNCCS(=O)(=O)NCC1(N(N=C(S1)NC(=O)C(C)(C)C)C(=O)C(C)(C)C)C2=CC=CC=C2,NIHOVCAR3,3.4873872,2.8255372,3.586239,4.6803565,2.1371489,4.207655
ONC201,CC1=CC=CC=C1CN2C(=O)C3=C(CCN(C3)CC4=CC=CC=C4)N5C2=NCC5,NIHOVCAR3,4.375477,3.6580849,4.0725145,4.9786954,4.3435097,4.82458
niraparib,C1CC(CNC1)C2=CC=C(C=C2)N3C=C4C=CC=C(C4=N3)C(=O)N,NIHOVCAR3,4.900737,4.79815,4.5918055,5.2651005,4.87109,4.9775367
LY2606368,COC1=C(C(=CC=C1)OCCCN)C2=CC(=NN2)NC3=NC=C(N=C3)C#N,NIHOVCAR3,5.0706067,3.3869786,5.2604346,6.064648,5.0074205,5.6335506
indisulam,C1=CC2=C(C(=C1)NS(=O)(=O)C3=CC=C(C=C3)S(=O)(=O)N)NC=C2Cl,NIHOVCAR3,4.7506433,4.2604685,4.656292,5.306868,4.740696,4.7888904
motesanib,CC1(CNC2=C1C=CC(=C2)NC(=O)C3=C(N=CC=C3)NCC4=CC=NC=C4)C,NIHOVCAR3,6.1544847,5.3095794,6.244712,6.879112,5.6857567,6.6532626
JTE-607,CCOC(=O)C(CC1=CC=CC=C1)NC(=O)C2=CC(=C(C(=C2O)Cl)OCCN3CCN(CC3)C)Cl.Cl.Cl,NIHOVCAR3,1.8620183,1.6029823,2.161268,3.3612707,-0.78613615,2.9707077
poziotinib,COC1=C(C=C2C(=C1)N=CN=C2NC3=C(C(=C(C=C3)Cl)Cl)F)OC4CCN(CC4)C(=O)C=C,NIHOVCAR3,3.0640996,1.8819857,3.0141733,3.7707183,3.5165157,3.1371038
salvianolic-acid-B,C1=CC(=C(C=C1CC(C(=O)O)OC(=O)C=CC2=C3C(C(OC3=C(C=C2)O)C4=CC(=C(C=C4)O)O)C(=O)OC(CC5=CC(=C(C=C5)O)O)C(=O)O)O)O,NIHOVCAR3,2.6458466,1.6014769,2.7278895,3.6238878,1.9309069,3.345071
tedizolid-phosphate,CN1N=C(N=N1)C2=NC=C(C=C2)C3=C(C=C(C=C3)N4CC(OC4=O)COP(=O)(O)O)F,NIHOVCAR3,4.820563,4.2921715,4.4356785,5.4053197,5.029498,4.9401474
pentostatin,C1C(C(OC1N2C=NC3=C2NC=NCC3O)CO)O,NIHOVCAR3,6.559316,7.3484106,6.3024106,6.944747,5.904648,6.2963634
topotecan,CCC1(C2=C(COC1=O)C(=O)N3CC4=CC5=C(C=CC(=C5CN(C)C)O)N=C4C3=C2)O,NIHOVCAR3,1.0228542,-0.51607096,2.0017817,2.4013846,-1.1204199,2.347596
tofogliflozin,CCC1=CC=C(C=C1)CC2=CC3=C(COC34C(C(C(C(O4)CO)O)O)O)C=C2,NIHOVCAR3,0.5410559,1.4465458,-1.2888649,1.5132877,-0.16594017,1.2002511
tucatinib,CC1=C(C=CC(=C1)NC2=NC=NC3=C2C=C(C=C3)NC4=NC(CO4)(C)C)OC5=CC6=NC=NN6C=C5,NIHOVCAR3,4.2356157,3.1807916,4.0674233,4.6803565,4.893996,4.3555126
vindesine,CCC1(CC2CC(C3=C(CCN(C2)C1)C4=CC=CC=C4N3)(C5=C(C=C6C(=C5)C78CCN9C7C(C=CC9)(C(C(C8N6C)(C(=O)N)O)O)CC)OC)C(=O)OC)O,NIHOVCAR3,-1.1236595,-1.883735,-1.0902697,-0.78020376,-1.4473308,-0.41675827
vinblastine,CCC1(CC2CC(C3=C(CCN(C2)C1)C4=CC=CC=C4N3)(C5=C(C=C6C(=C5)C78CCN9C7C(C=CC9)(C(C(C8N6C)(C(=O)OC)O)OC(=O)C)CC)OC)C(=O)OC)O,NIHOVCAR3,-1.7707561,-2.104253,-1.6478767,-1.4959792,-2.3665662,-1.239106
UNC0631,CC(C)N1CCCN(CC1)C2=NC3=CC(=C(C=C3C(=N2)NC4CCN(CC4)CC5CCCCC5)OC)OCCCN6CCCCC6,NIHOVCAR3,2.800729,-0.96687347,3.1144226,3.8403847,4.2670717,3.7486389
pardoprunox,CN1CCN(CC1)C2=CC=CC3=C2OC(=O)N3,NIHOVCAR3,3.952414,2.0647812,4.2490053,5.3277516,3.187182,4.933349
rubitecan,CCC1(C2=C(COC1=O)C(=O)N3CC4=CC5=C(C=CC=C5[N+](=O)[O-])N=C4C3=C2)O,NIHOVCAR3,2.0126812,1.1902189,2.4149518,3.025023,0.80400395,2.6292086
vinflunine,CCC12C=CCN3C1C4(CC3)C(C(C2OC(=O)C)(C(=O)OC)O)N(C5=CC(=C(C=C45)C6(CC7CC(CN(C7)CC8=C6NC9=CC=CC=C89)C(C)(F)F)C(=O)OC)OC)C,NIHOVCAR3,-2.9464872,-4.6269455,-2.7370825,-2.37805,-2.7434669,-2.2468922
XL-647,CN1CC2CC(CC2C1)COC3=C(C=C4C(=C3)N=CN=C4NC5=C(C(=C(C=C5)Cl)Cl)F)OC,NIHOVCAR3,4.508275,3.8216999,4.4407697,5.038363,4.619905,4.620638
PI3K-IN-2,C1COCCN1C2=NC(=NC(=N2)C3=CN=C(C=C3C(F)(F)F)N)N4CCOCC4,NIHOVCAR3,2.5074503,0.31677756,2.9084165,3.813124,2.1080713,3.3908622
verubulin,CC1=NC2=CC=CC=C2C(=N1)N(C)C3=CC=C(C=C3)OC,NIHOVCAR3,3.3375072,2.7788663,3.136295,3.991195,3.140018,3.6411633
VE-822,CC(C)S(=O)(=O)C1=CC=C(C=C1)C2=CN=C(C(=N2)C3=CC(=NO3)C4=CC=C(C=C4)CNC)N,NIHOVCAR3,4.566592,2.9404724,4.680051,5.4769206,4.537044,5.198474
cytarabine,C1=CN(C(=O)N=C1N)C2C(C(C(O2)CO)O)O,HL60,-2.3410907,-3.429238,-1.8708911,-1.0557884,-4.222105,-1.1274309
epinastine,C1C2C3=CC=CC=C3CC4=CC=CC=C4N2C(=N1)N,HL60,-1.6260799,-1.3062932,-2.959215,-2.8514638,0.9413857,-1.9548136
floxuridine,C1C(C(OC1N2C=C(C(=O)NC2=O)F)CO)O,HL60,4.5067377,4.3010483,5.1959476,4.7221246,3.010724,5.3038445
valrubicin,CCCCC(=O)OCC(=O)C1(CC(C2=C(C1)C(=C3C(=C2O)C(=O)C4=C(C3=O)C=CC=C4OC)O)OC5CC(C(C(O5)C)O)NC(=O)C(F)(F)F)O,HL60,-1.7205642,-0.67759734,-1.3521416,-1.425115,-4.244594,-0.9033736
adapalene,COC1=C(C=C(C=C1)C2=CC3=C(C=C2)C=C(C=C3)C(=O)O)C45CC6CC(C4)CC(C6)C5,HL60,0.5844612,-0.81505686,0.174855,1.306013,0.54794157,1.7085532
colforsin-daproate,CC(=O)OC1C(C2C(CCC(C2(C3(C1(OC(CC3=O)(C)C=C)C)O)C)O)(C)C)OC(=O)CCN(C)C,HL60,-0.87250435,-0.05894786,0.35866284,-1.4148449,-4.2192936,0.9719018
sulfamethazine,CC1=CC(=NC(=N1)NS(=O)(=O)C2=CC=C(C=C2)N)C,HL60,3.0471141,2.9355965,3.4031415,3.2417483,2.0705771,3.5845065
niridazole,C1CN(C(=O)N1)C2=NC=C(S2)[N+](=O)[O-],HL60,2.0848608,0.39808837,2.9266517,3.0721304,0.6213078,3.4061258
amprolium,CCCC1=NC=C(C(=N1)N)C[N+]2=CC=CC=C2C.[Cl-],HL60,-2.0950627,-1.5879247,-3.0239685,-2.3194087,-1.4149636,-2.1290479
methylphenidate,COC(=O)C(C1CCCCN1)C2=CC=CC=C2,HL60,1.9937356,1.2367156,2.7534187,2.8966954,-0.28039503,3.362243
fulvestrant,CC12CCC3C(C1CCC2O)C(CC4=C3C=CC(=C4)O)CCCCCCCCCS(=O)CCCC(C(F)(F)F)(F)F,HL60,2.311808,2.4523208,2.8208883,2.6803374,0.43213803,3.1733549
estramustine-phosphate,CC12CCC3C(C1CCC2OP(=O)(O)O)CCC4=C3C=CC(=C4)OC(=O)N(CCCl)CCCl,HL60,3.3109276,3.502611,3.7747748,3.595006,1.6631914,4.0190535
masitinib,CC1=C(C=C(C=C1)NC(=O)C2=CC=C(C=C2)CN3CCN(CC3)C)NC4=NC(=CS4)C5=CN=CC=C5,HL60,2.4577298,3.515149,2.9047697,2.960047,-0.14813805,3.0568216
cinnarazine,C1CN(CCN1C=CCC2=CC=CC=C2)C(C3=CC=CC=C3)C4=CC=CC=C4,HL60,2.2174804,3.3103554,2.6394498,3.0152767,-1.2818974,3.4042177
belinostat,C1=CC=C(C=C1)NS(=O)(=O)C2=CC=CC(=C2)C=CC(=O)NO,HL60,3.246879,3.2671673,3.6496882,3.5693333,1.8492527,3.8989542
romidepsin,CC=C1C(=O)NC(C(=O)OC2CC(=O)NC(C(=O)NC(CSSCCC=C2)C(=O)N1)C(C)C)C(C)C,HL60,2.0380032,3.2615948,3.303435,3.228827,-3.513989,3.910147
metoxibutropate,CC(C)CC1=CC=C(C=C1)C(C)C(=O)OC2=CC=CC=C2OC,HL60,3.6755376,3.3242867,4.159063,4.1075473,2.390489,4.3963013
dihydroartemisinin,CC1CCC2C(C(OC3C24C1CCC(O3)(OO4)C)O)C,HL60,-0.33375794,-2.4744446,1.6238294,1.3169588,-4.2136717,2.0785387
octopamine,C1=CC(=CC=C1C(CN)O)O,HL60,3.8408256,5.453274,4.42889,4.2925167,0.4529971,4.5764503
PF-3845,C1CN(CCC1CC2=CC(=CC=C2)OC3=NC=C(C=C3)C(F)(F)F)C(=O)NC4=CN=CC=C4,HL60,3.8410313,3.4524572,4.527318,4.513287,2.1815298,4.5305634
UNC2250,CCCCNC1=NC=C(C(=N1)NC2CCC(CC2)O)C3=NC=C(C=C3)CN4CCOCC4,HL60,2.8461006,2.5818417,3.5227892,3.5420392,0.63641256,3.94742
flufenamic-acid,C1=CC=C(C(=C1)C(=O)O)NC2=CC=CC(=C2)C(F)(F)F,HL60,3.1332803,3.2908509,3.372323,3.2934337,2.0554276,3.654366
puromycin,CN(C)C1=NC=NC2=C1N=CN2C3C(C(C(O3)CO)NC(=O)C(CC4=CC=C(C=C4)OC)N)O,HL60,-2.178027,-1.7003548,-1.9617276,-1.2922279,-4.1686935,-1.7671305
AZD3463,COC1=C(C=CC(=C1)N2CCC(CC2)N)NC3=NC=C(C(=N3)C4=CNC5=CC=CC=C54)Cl,HL60,4.204047,3.8077507,4.9040585,4.429753,2.8433528,5.0353203
9-aminoacridine,C1=CC=C2C(=C1)C(=C3C=CC=CC3=N2)N,HL60,2.196081,2.1588364,2.4259222,2.3361497,1.2139914,2.845505
GZD824,CC1=C(C=C(C=C1)C(=O)NC2=CC(=C(C=C2)CN3CCN(CC3)C)C(F)(F)F)C#CC4=CC5=C(NN=C5)N=C4,HL60,1.4169695,3.2880647,2.1538928,2.3022935,-3.1347532,2.4753497
LDN-57444,CC(=O)ON=C1C2=C(C=CC(=C2)Cl)N(C1=O)CC3=C(C=CC(=C3)Cl)Cl,HL60,3.4879494,2.2120829,4.4237995,4.217932,2.0774636,4.5084696
cycloheximide,CC1CC(C(=O)C(C1)C(CC2CC(=O)NC(=O)C2)O)C,HL60,2.3330457,2.0471451,3.2254827,3.4678714,-0.6956872,3.6204169
4-hydroxy-phenazone,CC1=C(C(=O)N(N1C)C2=CC=CC=C2)O,HL60,2.0264454,2.4358122,2.7388306,3.343504,-1.645132,3.259213
BAY-K-8644-(s)-(-),CC1=C(C(C(=C(N1)C)[N+](=O)[O-])C2=CC=CC=C2C(F)(F)F)C(=O)OC,HL60,2.6652477,3.4566364,3.1545222,3.1609902,-0.043663144,3.5977533
AG-14361,CN(C)CC1=CC=C(C=C1)C2=NC3=CC=CC4=C3N2CCNC4=O,HL60,3.9422288,4.686556,3.8545396,3.9046767,2.9200559,4.345316
RGFP966,C1=CC=C(C=C1)C=CCN2C=C(C=N2)C=CC(=O)NC3=C(C=C(C=C3)F)N,HL60,4.1796265,3.4636023,4.6053815,4.5908556,3.3083444,4.9299498
NSC-319726,CC(=NNC(=S)N1CCC1)C2=CC=CC=N2,HL60,3.8453438,3.4218078,4.176033,4.387985,2.620255,4.620638
A-803467,COC1=CC(=CC(=C1)NC(=O)C2=CC=C(O2)C3=CC=C(C=C3)Cl)OC,HL60,2.7456765,1.4047904,3.3813875,3.5821698,1.6604046,3.6996315
ONX-0914,CC(C(=O)NC(CC1=CC=C(C=C1)OC)C(=O)NC(CC2=CC=CC=C2)C(=O)C3(CO3)C)NC(=O)CN4CCOCC4,HL60,2.5159764,2.3381946,2.633979,2.9096906,1.5113064,3.1867104
nitrocaramiphen,CCN(CC)CCOC(=O)C1(CCCC1)C2=CC=C(C=C2)[N+](=O)[O-],HL60,0.6705957,-0.2615242,2.1483614,2.3526647,-3.5254068,2.6388834
azomycin-(2-nitroimidazole),C1=CN=C(N1)[N+](=O)[O-],HL60,2.2875435,2.7872252,2.9375927,3.2692063,-0.70485795,3.1485515
AZ960,CC1=CC(=NN1)NC2=C(C=C(C(=N2)NC(C)C3=CC=C(C=C3)F)C#N)F,HL60,1.5562054,-0.39805466,2.1170173,2.2577026,0.92700016,2.877361
isoflupredone-acetate,CC(=O)OCC(=O)C1(CCC2C1(CC(C3(C2CCC4=CC(=O)C=CC43C)F)O)C)O,HL60,2.8022192,1.1395586,3.8273473,3.4840233,1.43409,4.1260777
PI-828,C1COCCN1C2=CC(=O)C3=C(O2)C(=CC=C3)C4=CC=C(C=C4)N,HL60,0.9767397,1.4639902,2.4323182,2.3964303,-4.1068487,2.6978085
oxymatrine,C1CC2C3CCC[N+]4(C3C(CCC4)CN2C(=O)C1)[O-],HL60,-3.9422436,-6.4604874,-3.260012,-2.8208663,-4.1799383,-2.9899142
demecarium,CN(CCCCCCCCCCN(C)C(=O)OC1=CC=CC(=C1)[N+](C)(C)C)C(=O)OC2=CC=CC(=C2)[N+](C)(C)C,HL60,2.5600438,1.2223033,3.3922644,3.235288,1.1622036,3.7881606
doxorubicin,C[C@H]1[C@H]([C@H](C[C@@H](O1)O[C@H]2C[C@@](CC3=C2C(=C4C(=C3O)C(=O)C5=C(C4=O)C(=CC=C5)OC)O)(C(=O)CO)O)N)O,HL60,0.6183899,-0.082532704,1.768844,-0.3136721,-0.28857684,2.0078871
bortezomib,B(C(CC(C)C)NC(=O)C(CC1=CC=CC=C1)NC(=O)C2=NC=CN=C2)(O)O,HL60,-4.138213,-6.371319,-3.8719008,-3.0025396,-4.261461,-3.1838477
astemizole,COC1=CC=C(C=C1)CCN2CCC(CC2)NC3=NC4=CC=CC=C4N3CC5=CC=C(C=C5)F,HL60,3.070061,2.8450415,3.4702168,3.2110603,1.9362239,3.8877618
estramustine,CC12CCC3C(C1CCC2O)CCC4=C3C=CC(=C4)OC(=O)N(CCCl)CCCl,HL60,4.1854115,3.3674746,4.836178,4.382018,3.3400578,5.0013294
ixabepilone,CC1CCCC2(C(O2)CC(NC(=O)CC(C(C(=O)C(C1O)C)(C)C)O)C(=CC3=CSC(=N3)C)C)C,HL60,1.0619991,1.0676625,1.9602969,1.696831,-1.5494682,2.1346729
azathioprine,CN1C=NC(=C1SC2=NC=NC3=C2NC=N3)[N+](=O)[O-],HL60,-2.0587287,-0.84605247,-2.1855748,-2.8074796,-2.160853,-2.2936838
disulfiram,CCN(CC)C(=S)SSC(=S)N(CC)CC,HL60,2.6062622,-0.14083362,3.513725,3.5162628,2.20219,3.9399664
rimexolone,CCC(=O)C1(C(CC2C1(CC(C3C2CCC4=CC(=O)C=CC34C)O)C)C)C,HL60,1.573756,-0.21335158,2.8682997,2.4820733,-0.50265133,3.2344096
primaquine,CC(CCCN)NC1=C2C(=CC(=C1)OC)C=CC=N2,HL60,5.7571974,5.8359365,6.2413177,5.45902,5.0655193,6.1841955
pralatrexate,C#CCC(CC1=CN=C2C(=N1)C(=NC(=N2)N)N)C3=CC=C(C=C3)C(=O)NC(CCC(=O)O)C(=O)O,HL60,0.91902816,1.0236583,1.3862759,1.3624936,-1.111429,1.9341425
piroxicam,CN1C(=C(C2=CC=CC=C2S1(=O)=O)O)C(=O)NC3=CC=CC=N3,HL60,4.7954645,4.5876427,5.806878,5.268084,2.749147,5.5655704
quinidine,COC1=CC2=C(C=CN=C2C=C1)C(C3CC4CCN3CC4C=C)O,HL60,-0.42816448,-1.5166843,-1.114605,-1.033935,-0.08394265,1.6083443
tedizolid,CN1N=C(N=N1)C2=NC=C(C=C2)C3=C(C=C(C=C3)N4CC(OC4=O)CO)F,HL60,2.317896,1.581166,2.7789478,2.8869488,0.92484236,3.4175737
mefexamide,CCN(CC)CCNC(=O)COC1=CC=C(C=C1)OC,HL60,3.4859493,2.7586658,3.8454754,3.9464443,2.623919,4.255241
oxonic-acid,C1(=NC(=O)NC(=O)N1)C(=O)O,HL60,4.82289,5.0948114,5.392803,4.9011273,3.1839294,5.5417767
dehydrocholate-acid,CC(CCC(=O)O)C1CCC2C1(C(=O)CC3C2C(=O)CC4C3(CCC(=O)C4)C)C,HL60,0.3093443,-2.4027407,1.8445123,0.9358588,-1.0923681,2.261459
7-nitroindazole,C1=CC2=C(C(=C1)[N+](=O)[O-])NN=C2,HL60,2.2363615,2.3396304,2.7570655,2.7031507,0.39401644,2.9879448
RITA,C1=C(SC(=C1)C2=CC=C(O2)C3=CC=C(S3)CO)CO,HL60,1.1930077,0.027726084,1.5782183,2.1938891,-0.3343408,2.4995456
UH-232-(+),CCCN(CCC)C1CCC2=C(C1C)C=CC=C2OC,HL60,2.5330162,1.2697295,3.2073543,3.1464536,1.4873165,3.5542276
KI-8751,COC1=CC2=C(C=CN=C2C=C1OC)OC3=CC(=C(C=C3)NC(=O)NC4=C(C=C(C=C4)F)F)F,HL60,3.0181262,2.429352,3.3215635,3.0591354,2.8859024,3.3946779
D-4476,C1COC2=C(O1)C=CC(=C2)C3=C(NC(=N3)C4=CC=C(C=C4)C(=O)N)C5=CC=CC=N5,HL60,2.5580862,1.4674623,3.8926094,3.4581807,-0.014172912,3.9863513
caffeic-acid,C1=CC(=C(C=C1C=CC(=O)O)O)O,HL60,4.658207,4.266809,5.100914,4.689307,4.0117364,5.222267
nutlin-3,CC(C)OC1=C(C=CC(=C1)OC)C2=NC(C(N2C(=O)N3CCNC(=O)C3)C4=CC=C(C=C4)Cl)C5=CC=C(C=C5)Cl,HL60,3.521873,3.2838852,3.8182828,3.6830375,2.568919,4.255241
TW-37,CC(C)C1=CC=CC=C1CC2=CC(=C(C(=C2O)O)O)C(=O)NC3=CC=C(C=C3)S(=O)(=O)C4=CC=CC=C4C(C)(C)C,HL60,1.6633173,0.64509666,2.363756,2.3105514,0.2713798,2.7258031
bromosporine,CCOC(=O)NC1=CC(=NN2C1=NN=C2C)C3=CC(=C(C=C3)C)NS(=O)(=O)C,HL60,0.07248642,-0.8899682,-0.6793703,1.3519856,-1.1020782,1.6818633
EPZ-5676,CC(C)N(CC1C(C(C(O1)N2C=NC3=C(N=CN=C32)N)O)O)C4CC(C4)CCC5=NC6=C(N5)C=C(C=C6)C(C)(C)C,HL60,4.0169168,4.613005,4.3847675,3.9136271,2.8703556,4.302828
FLI-06,CC1=C(C(C2=C(N1)CC(CC2=O)(C)C)C3=CC=C(C=C3)[N+](=O)[O-])C(=O)OC4CCCCC4,HL60,-1.1935472,-1.1513324,-1.5961373,-1.33574,-0.7469356,-1.1375915
PP242,CC(C)N1C2=NC=NC(=C2C(=N1)C3=CC4=C(N3)C=CC(=C4)O)N,HL60,1.1961143,1.8654921,1.5522753,1.3563639,-0.50368536,1.710126
estradiol-benzoate,CC12CCC3C(C1CCC2O)CCC4=C3C=CC(=C4)OC(=O)C5=CC=CC=C5,HL60,4.319024,3.6429117,5.0126686,4.2447824,3.5506692,5.144089
FR-122047,CN1CCN(CC1)C(=O)C2=NC(=C(S2)C3=CC=C(C=C3)OC)C4=CC=C(C=C4)OC,HL60,3.0674481,1.8231227,3.4720294,3.4097257,2.7670407,3.8653224
lanatoside-c,CC1C(C(CC(O1)OC2CCC3(C(C2)CCC4C3CC(C5(C4(CCC5C6=CC(=O)OC6)O)C)O)C)O)OC7CC(C(C(O7)C)OC8CC(C(C(O8)C)OC9C(C(C(C(O9)CO)O)O)O)OC(=O)C)O,HL60,-1.7936523,-1.280586,-1.5431466,-1.3108758,-4.2642717,-0.56938136
oleoylethanolamide,CCCCCCCCC=CCCCCCCCC(=O)NCCO,HL60,2.7876022,1.4802072,3.1909766,3.228827,2.298771,3.739229
AZ3146,CN1CCC(CC1)OC2=CC(=C(C=C2)NC3=NC=C4C(=N3)N(C(=O)N4C)C5CCCC5)OC,HL60,2.4888825,3.1153133,3.4539013,3.1819873,-0.90643513,3.5996459
parbendazole,CCCCC1=CC2=C(C=C1)N=C(N2)NC(=O)OC,HL60,3.2949684,2.8547933,3.557233,3.5484748,2.6697211,3.8446205
TAME,CC1=CC=C(C=C1)S(=O)(=O)NC(CCCN=C(N)N)C(=O)OC,HL60,2.431191,3.636007,3.3995159,3.1852176,-1.5127851,3.4479997
D-64131,COC1=CC2=C(C=C1)NC(=C2)C(=O)C3=CC=CC=C3,HL60,1.4908327,1.0474546,1.8874152,2.0666983,-0.13501132,2.587607
SB-228357,COC1=C(C=C2C(=C1)CCN2C(=O)NC3=CC(=CC(=C3)C4=CN=CC=C4)F)C(F)(F)F,HL60,1.4060612,2.5775807,2.609362,2.3229375,-3.4138327,2.9342585
NMS-E973,CN1CCC(CC1)NC(=O)C2=NOC(=C2)C3=C(C=C(C=C3OC4=CC=C(C=C4)[N+](=O)[O-])O)O,HL60,2.9276733,2.670146,3.0360458,3.0850775,2.4600513,3.387046
mepivacaine,CC1=C(C(=CC=C1)C)NC(=O)C2CCCCN2C,HL60,0.4456299,0.82223004,-1.3575653,0.9598978,2.1578088,-0.3542217
atorvastatin,CC(C)C1=C(C(=C(N1CCC(CC(CC(=O)O)O)O)C2=CC=C(C=C2)F)C3=CC=CC=C3)C(=O)NC4=CC=CC=C4,HL60,3.2171578,3.0776985,3.7348921,3.631908,1.5322081,4.109082
tacrolimus,CC1CC(C2C(CC(C(O2)(C(=O)C(=O)N3CCCCC3C(=O)OC(C(C(CC(=O)C(C=C(C1)C)CC=C)O)C)C(=CC4CCC(C(C4)OC)O)C)O)C)OC)OC,HL60,1.6725123,0.9932997,2.1372988,1.7891498,0.78458345,2.6582296
lasalocid,CCC(C1C(CC(O1)(CC)C2CCC(C(O2)C)(CC)O)C)C(=O)C(C)C(C(C)CCC3=C(C(=C(C=C3)C)O)C(=O)O)O,HL60,-0.11409788,-2.005134,1.670517,1.6209829,-4.25865,2.4017947
clofazimine,CC(C)N=C1C=C2C(=NC3=CC=CC=C3N2C4=CC=C(C=C4)Cl)C=C1NC5=CC=C(C=C5)Cl,HL60,1.5612581,1.8050435,2.8938286,2.6901145,-2.6816092,3.098913
erlotinib,COCCOC1=C(C=C2C(=C1)C(=NC=N2)NC3=CC=CC(=C3)C#C)OCCOC,HL60,2.0443819,2.2029245,2.31256,2.2989905,0.5860632,2.8213713
tamibarotene,CC1(CCC(C2=C1C=CC(=C2)NC(=O)C3=CC=C(C=C3)C(=O)O)(C)C)C,HL60,2.734295,1.263021,3.5409176,3.1609902,2.0389767,3.6675684
tacalcitol,CC(C)C(CCC(C)C1CCC2C1(CCCC2=CC=C3CC(CC(C3=C)O)O)C)O,HL60,0.50258946,1.0324819,1.5517666,1.6088309,-3.9522371,2.272105
protirelin,C1CC(N(C1)C(=O)C(CC2=CN=CN2)NC(=O)C3CCC(=O)N3)C(=O)N,HL60,1.3785461,0.7311686,1.5838139,1.7361559,0.8104774,2.031115
regorafenib,CNC(=O)C1=NC=CC(=C1)OC2=CC(=C(C=C2)NC(=O)NC3=CC(=C(C=C3)Cl)C(F)(F)F)F,HL60,2.3056602,0.5763328,2.975886,3.0445158,1.7047879,3.2267778
cyclosporin-a,CC[C@H]1C(=O)N(CC(=O)N([C@H](C(=O)N[C@H](C(=O)N([C@H](C(=O)N[C@H](C(=O)N[C@@H](C(=O)N([C@H](C(=O)N([C@H](C(=O)N([C@H](C(=O)N([C@H](C(=O)N1)[C@@H]([C@H](C)C/C=C/C)O)C)C(C)C)C)CC(C)C)C)CC(C)C)C)C)C)CC(C)C)C)C(C)C)CC(C)C)C)C,HL60,1.423157,0.7514364,2.0773764,1.4718266,0.34366706,2.4714787
saxagliptin,C1C2CC2N(C1C#N)C(=O)C(C34CC5CC(C3)CC(C5)(C4)O)N,HL60,-0.29353237,-1.7967145,-0.8165495,1.3090777,-0.4251213,0.26164576
tilmicosin,CCC1C(C=C(C=CC(=O)C(CC(C(C(C(CC(=O)O1)O)C)OC2C(C(C(C(O2)C)O)N(C)C)O)CCN3CC(CC(C3)C)C)C)C)COC4C(C(C(C(O4)C)O)OC)OC,HL60,-2.157974,-1.9548552,-1.8944111,-1.9988343,-3.1635242,-1.7782452
chlorquinaldol,CC1=NC2=C(C=C1)C(=CC(=C2O)Cl)Cl,HL60,2.349362,2.538347,2.6895962,2.5493596,0.8076003,3.161907
sevelamer,C=CCN.C1C(O1)CCl,HL60,0.9860648,0.07087326,2.3052466,2.2014031,-2.6542764,3.0070772
clonazepam,C1C(=O)NC2=C(C=C(C=C2)[N+](=O)[O-])C(=N1)C3=CC=CC=C3Cl,HL60,3.6506486,3.3382182,3.998819,3.8192506,2.7431402,4.353813
thiocolchicoside,CC(=O)NC1CCC2=CC(=C(C(=C2C3=CC=C(C(=O)C=C13)SC)OC)OC)OC4C(C(C(C(O4)CO)O)O)O,HL60,-1.8562229,-1.2369659,-1.6547605,-1.5390757,-4.0590596,-0.7912518
estrone,CC12CCC3C(C1CCC2=O)CCC4=C3C=CC(=C4)O,HL60,5.4524775,4.610469,6.2413177,5.4739375,4.619905,6.3167577
naltrexone,C1CC1CN2CCC34C5C(=O)CCC3(C2CC6=C4C(=C(C=C6)O)O5)O,HL60,5.021312,6.1333895,5.138249,4.2596993,3.9824624,5.5927625
cabozantinib,COC1=CC2=C(C=CN=C2C=C1OC)OC3=CC=C(C=C3)NC(=O)C4(CC4)C(=O)NC5=CC=C(C=C5)F,HL60,2.3461204,1.1973057,2.8755937,2.6264863,1.8120711,3.2191455
nilutamide,CC1(C(=O)N(C(=O)N1)C2=CC(=C(C=C2)[N+](=O)[O-])C(F)(F)F)C,HL60,2.9875188,2.9648526,3.156345,3.296664,1.8936571,3.6260748
teniposide,COC1=CC(=CC(=C1O)OC)C2C3C(COC3=O)C(C4=CC5=C(C=C24)OCO5)OC6C(C(C7C(O6)COC(O7)C8=CC=CS8)O)O,HL60,-2.4023287,-1.1891024,-2.7095072,-1.7452861,-4.2698946,-2.097854
camylofine-chlorhydrate,CCN(CC)CCNC(C1=CC=CC=C1)C(=O)OCCC(C)C,HL60,2.8132455,2.685525,3.4738424,3.585379,0.21239915,4.109082
mesoridazine,CN1CCCCC1CCN2C3=CC=CC=C3SC4=C2C=C(C=C4)S(=O)C,HL60,3.6909637,2.4056656,4.3813734,4.361135,2.6129265,4.693717
oseltamivir-phosphate,CCC(CC)OC1C=C(CC(C1NC(=O)C)N)C(=O)OCC,HL60,0.31569558,-0.86936873,1.1908642,1.6331347,-1.3610178,0.98486555
oxprenolol,CC(C)NCC(COC1=CC=CC=C1OCC=C)O,HL60,1.8210094,0.9256349,0.9867976,2.4112937,1.9213362,2.8599849
nizatidine,CNC(=C[N+](=O)[O-])NCCSCC1=CSC(=N1)CN(C)C,HL60,-1.1449568,-2.1556385,-1.5369645,-1.5656327,0.91980743,-1.386356
narasin,CCC(C1C(CC(C(O1)C(C)C(C(C)C(=O)C(CC)C2C(CC(C3(O2)C=CC(C4(O3)CCC(O4)(C)C5CCC(C(O5)C)(CC)O)O)C)C)O)C)C)C(=O)O,HL60,0.8167437,-0.65691173,2.4798167,2.1613286,-2.95925,3.0587351
tepoxalin,CN(C(=O)CCC1=NN(C(=C1)C2=CC=C(C=C2)Cl)C3=CC=C(C=C3)OC)O,HL60,3.902761,2.6631086,4.4865894,4.513287,3.005845,4.8449745
temozolomide,CN1C(=O)N2C=NC(=C2N=N1)C(=O)N,HL60,4.374799,4.006845,5.2231,5.2949343,1.7665488,5.5825653
bicalutamide,CC(CS(=O)(=O)C1=CC=C(C=C1)F)(C(=O)NC2=CC(=C(C=C2)C#N)C(F)(F)F)O,HL60,3.4464188,3.844526,3.562672,3.479178,2.3575325,3.9881854
hexachlorophene,C1=C(C(=C(C(=C1Cl)Cl)CC2=C(C(=CC(=C2Cl)Cl)Cl)O)O)Cl,HL60,-0.71852314,0.6089958,-0.5903824,-0.80545354,-4.2417827,1.436007
triamterene,C1=CC=C(C=C1)C2=NC3=C(N=C(N=C3N=C2N)N)N,HL60,2.7073371,2.6341717,3.1235363,3.3677313,0.9974892,3.4137576
cimetidine,CC1=C(N=CN1)CSCCNC(=NC)NC#N,HL60,1.4697968,-1.9811499,2.3308446,2.7129278,1.3319528,2.9544084
nitisinone,C1CC(=O)C(C(=O)C1)C(=O)C2=C(C=C(C=C2)C(F)(F)F)[N+](=O)[O-],HL60,1.7111355,1.8812361,1.9704374,1.906145,0.46090913,2.3369498
sertindole,C1CN(CCC1C2=CN(C3=C2C=C(C=C3)Cl)C4=CC=C(C=C4)F)CCN5CCNC5=O,HL60,1.3830324,-0.3193103,3.491971,3.3499644,-3.0858426,3.47838
chlorambucil,C1=CC(=CC=C1CCCC(=O)O)N(CCCl)CCCl,HL60,2.089889,0.61600846,3.1016636,2.9340565,0.8155123,2.9822052
fludarabine-phosphate,C1=NC2=C(N=C(N=C2N1C3C(C(C(O3)COP(=O)(O)O)O)O)F)N,HL60,-1.5610673,-0.5634678,-1.6143193,-0.70439065,-3.8594322,-1.0637267
eptifibatide,C1CC2C(=O)NC(CSSCCC(=O)NC(C(=O)NCC(=O)NC(C(=O)NC(C(=O)N2C1)CC3=CNC4=CC=CC=C43)CC(=O)O)CCCCN=C(N)N)C(=O)N,HL60,2.0786486,0.8133456,2.2229676,2.142126,2.7123547,2.5024493
vidarabine,C1=NC(=C2C(=N1)N(C=N2)C3C(C(C(O3)CO)O)O)N,HL60,-2.69934,-1.570785,-2.928446,-2.442556,-4.2698946,-2.2850184
docetaxel,CC1=C2C(C(=O)C3(C(CC4C(C3C(C(C2(C)C)(CC1OC(=O)C(C(C5=CC=CC=C5)NC(=O)OC(C)(C)C)O)O)OC(=O)C6=CC=CC=C6)(CO4)OC(=O)C)O)C)O,HL60,-4.217824,-5.593874,-3.7610679,-3.698635,-4.2698946,-3.7656484
gimeracil,C1=C(C(=CNC1=O)Cl)O,HL60,1.9656229,2.45591,2.1409864,1.7447032,0.8485991,2.6379158
clofarabine,C1=NC2=C(N=C(N=C2N1C3C(C(C(O3)CO)O)F)Cl)N,HL60,-0.9753761,-1.7715771,-1.1492994,1.4823009,-4.267083,0.8287781
raclopride,CCN1CCCC1CNC(=O)C2=C(C(=CC(=C2OC)Cl)Cl)O,HL60,3.3517742,3.1027749,3.6243086,3.403265,2.653232,3.9752903
olaparib,C1CC1C(=O)N2CCN(CC2)C(=O)C3=C(C=CC(=C3)CC4=NNC(=O)C5=CC=CC=C54)F,HL60,3.3186405,3.4831064,4.3661003,4.2298656,-0.12350285,4.637633
etoposide,CC1OCC2C(O1)C(C(C(O2)OC3C4COC(=O)C4C(C5=CC6=C(C=C35)OCO6)C7=CC(=C(C(=C7)OC)O)OC)O)O,HL60,-3.4573588,-5.655178,-2.9770281,-2.2138536,-4.157449,-2.2832854
clotrimazole,C1=CC=C(C=C1)C(C2=CC=CC=C2)(C3=CC=CC=C3Cl)N4C=CN=C4,HL60,3.9717693,4.0081134,4.0809994,4.217932,2.9753513,4.5764503
bosutinib,CN1CCN(CC1)CCCOC2=C(C=C3C(=C2)N=CC(=C3NC4=CC(=C(C=C4Cl)Cl)OC)C#N)OC,HL60,1.4548861,1.419055,1.6496484,1.6848038,0.52852106,1.9924018
metoprolol,CC(C)NCC(COC1=CC=C(C=C1)CCOC)O,HL60,2.6067953,3.4134486,2.5263822,2.80248,1.0248218,3.266845
cabazitaxel,CC1=C2C(C(=O)C3(C(CC4C(C3C(C(C2(C)C)(CC1OC(=O)C(C(C5=CC=CC=C5)NC(=O)OC(C)(C)C)O)O)OC(=O)C6=CC=CC=C6)(CO4)OC(=O)C)OC)C)OC,HL60,-4.1680217,-5.5437164,-3.6815586,-3.6450896,-4.2698946,-3.6998494
eprosartan,CCCCC1=NC=C(N1CC2=CC=C(C=C2)C(=O)O)C=C(CC3=CC=CS3)C(=O)O,HL60,0.901161,0.53597426,0.99495703,2.1254284,-1.1826372,2.0320828
hydroxyurea,C(=O)(N)NO,HL60,3.4271386,2.1235657,4.3762827,3.9822447,2.1264362,4.527164
trometamol,C(C(CO)(CO)N)O,HL60,-3.232479,-2.7839296,-3.5726383,-2.9317825,-4.104038,-2.7700074
melphalan,C1=CC(=CC=C1CC(C(=O)O)N)N(CCCl)CCCl,HL60,-0.60881484,-0.7398161,0.17110528,1.385261,-2.8312187,-1.0294056
josamycin,CC1CC=CC=CC(C(CC(C(C(C(CC(=O)O1)OC(=O)C)OC)OC2C(C(C(C(O2)C)OC3CC(C(C(O3)C)OC(=O)CC(C)C)(C)O)N(C)C)O)CC=O)C)O,HL60,-2.0785375,-1.4225357,-1.6625046,-1.6814336,-3.96067,-1.6655425
deoxycorticosterone-acetate,CC(=O)OCC(=O)[C@H]1CC[C@@H]2[C@@]1(CC[C@H]3[C@H]2CCC4=CC(=O)CC[C@]34C)C,HL60,3.2373428,3.5930324,4.350827,3.435568,0.31921172,4.488075
mercaptopurine,C1=NC2=C(N1)C(=S)N=CN2,HL60,2.875308,1.475944,3.5282278,4.247766,1.0615048,4.063098
nelarabine,COC1=NC(=NC2=C1N=CN2C3C(C(C(O3)CO)O)O)N,HL60,-1.9753071,-0.914203,-2.086628,-1.1638001,-4.2277274,-1.4841769
estradiol-cypionate,CC12CCC3C(C1CCC2OC(=O)CCC4CCCC4)CCC5=C3C=CC(=C5)O,HL60,4.350592,3.5179355,5.019457,4.3134007,3.5303397,5.371825
oxcarbazepine,C1C2=CC=CC=C2N(C3=CC=CC=C3C1=O)C(=O)N,HL60,0.78813547,-1.4381835,1.4547055,2.0210419,-0.5761075,2.479221
sulconazole,C1=CC(=CC=C1CSC(CN2C=CN=C2)C3=C(C=C(C=C3)Cl)Cl)Cl,HL60,4.5989685,4.369527,5.2570405,5.1964827,2.888342,5.28345
suxibuzone,CCCCC1(C(=O)N(N(C1=O)C2=CC=CC=C2)C3=CC=CC=C3)COC(=O)CCC(=O)O,HL60,-0.1297315,-0.8336542,0.17750183,1.7079494,-3.7606044,2.06015
xylazine,CC1=C(C(=CC=C1)C)NC2=NCCCS2,HL60,-0.12339655,3.1710396,-1.9090099,-1.0953397,0.39401644,-1.1776892
riboflavin,CC1=CC2=C(C=C1C)N(C3=NC(=O)NC(=O)C3=N2)CC(C(C(CO)O)O)O,HL60,-1.5915592,-0.60265934,-1.6065756,-0.79286313,-3.79451,-1.161188
cyromazine,C1CC1NC2=NC(=NC(=N2)N)N,HL60,-0.756941,1.465121,-1.6880429,-1.9051574,0.2782129,-1.9348387
secnidazole,CC1=NC=C(N1CC(C)O)[N+](=O)[O-],HL60,-2.4490075,-2.647971,-3.8181014,-2.8858862,0.6076415,-3.5007212
capecitabine,CCCCCOC(=O)NC1=NC(=O)N(C=C1F)C2C(C(C(O2)C)O)O,HL60,-1.95933,-0.94901186,-1.9081988,-1.1416079,-4.2080493,-1.5897828
flutamide,CC(C)C(=O)NC1=CC(=C(C=C1)[N+](=O)[O-])C(F)(F)F,HL60,3.043777,3.3855855,3.1253588,3.1270716,2.1233754,3.4574935
posaconazole,CCC(C(C)O)N1C(=O)N(C=N1)C2=CC=C(C=C2)N3CCN(CC3)C4=CC=C(C=C4)OCC5CC(OC5)(CN6C=NC=N6)C7=C(C=C(C=C7)F)F,HL60,-0.043099187,-3.2061172,-0.09193009,1.665025,-0.14076549,1.5582918
palmitoylethanolamide,CCCCCCCCCCCCCCCC(=O)NCCO,HL60,3.2781796,1.964925,3.747582,3.7101998,2.8540092,4.114181
vinorelbine,CCC1=CC2CC(C3=C(CN(C2)C1)C4=CC=CC=C4N3)(C5=C(C=C6C(=C5)C78CCN9C7C(C=CC9)(C(C(C8N6C)(C(=O)OC)O)OC(=O)C)CC)OC)C(=O)OC,HL60,-3.5130188,-4.150447,-3.069237,-3.1975994,-4.1405826,-3.0072296
paclitaxel,CC1=C2C(C(=O)C3(C(CC4C(C3C(C(C2(C)C)(CC1OC(=O)C(C(C5=CC=CC=C5)NC(=O)C6=CC=CC=C6)O)O)OC(=O)C7=CC=CC=C7)(CO4)OC(=O)C)O)C)OC(=O)C,HL60,-3.921292,-4.7272606,-3.6368134,-3.53991,-4.2277274,-3.474748
pyrimethamine,CCC1=C(C(=NC(=N1)N)N)C2=CC=C(C=C2)Cl,HL60,2.6758916,2.5561993,2.7661831,2.7976067,2.27535,2.9841185
ibrutinib,C=CC(=O)N1CCCC(C1)N2C3=NC=NC(=C3C(=N2)C4=CC=C(C=C4)OC5=CC=CC=C5)N,HL60,2.699411,2.7412512,3.754833,3.5998197,-0.6016418,4.002793
artemisinin,CC1CCC2C(C(=O)OC3C24C1CCC(O3)(OO4)C)C,HL60,-0.06608381,-2.1556385,1.764083,1.3568019,-3.4080782,2.1124127
imiquimod,CC(C)CN1C=NC2=C1C3=CC=CC=C3N=C2N,HL60,2.836225,-0.95260626,4.294825,4.5908556,1.5475359,4.700515
clobetasol-propionate,CCC(=O)OC1(C(CC2C1(CC(C3(C2CCC4=CC(=O)C=CC43C)F)O)C)C)C(=O)CCl,HL60,2.3756766,0.58672667,3.698635,3.2062147,0.35157913,4.0352273
aminoglutethimide,CCC1(CCC(=O)NC1=O)C2=CC=C(C=C2)N,HL60,3.7540832,3.839454,4.0657263,4.0568295,2.5140786,4.2943296
clomifene,CCN(CC)CCOC1=CC=C(C=C1)C(=C(C2=CC=CC=C2)Cl)C3=CC=CC=C3,HL60,4.4040976,3.7205093,4.9787283,4.760908,3.3652663,5.195075
mozavaptan,CC1=CC=CC=C1C(=O)NC2=CC=C(C=C2)C(=O)N3CCCC(C4=CC=CC=C43)N(C)C,HL60,3.3006623,3.6649365,3.6968222,3.5017638,1.6534374,3.9863513
genz-644282,CNCCN1C2=C(C=NC3=CC4=C(C=C32)OCO4)C5=CC(=C(C=C5C1=O)OC)OC,HL60,0.052490093,-2.461922,0.900398,-0.69016546,1.121924,1.3922158
FK-888,CN1C=C(C2=CC=CC=C21)C(=O)N3CC(CC3C(=O)NC(CC4=CC5=CC=CC=C5C=C4)C(=O)N(C)CC6=CC=CC=C6)O,HL60,2.4470043,2.6228793,2.447847,2.1062257,2.4878764,2.5701926
triptolide,CC(C)C12C(O1)C3C4(O3)C5(CCC6=C(C5CC7C4(C2O)O7)COC6=O)C,HL60,2.4207408,1.6561308,2.700537,2.776479,1.2916733,3.6788847
SB-743921,CC1=CC=C(C=C1)C(=O)N(CCCN)C(C2=C(C(=O)C3=C(O2)C=C(C=C3)Cl)CC4=CC=CC=C4)C(C)C,HL60,1.6158645,1.322664,2.653126,2.678708,-1.5573803,2.9822052
favipiravir,C1=C(N=C(C(=O)N1)C(=O)N)F,HL60,4.3915434,4.1488743,5.168795,4.838476,2.4229515,5.378623
flumatinib,CC1=C(C=C(C=N1)NC(=O)C2=CC(=C(C=C2)CN3CCN(CC3)C)C(F)(F)F)NC4=NC=CC(=N4)C5=CN=CC=C5,HL60,2.3831823,3.0247583,2.7588892,2.722705,0.44076937,2.9687898
SNX-2112,CC1(CC2=C(C(=O)C1)C(=NN2C3=CC(=C(C=C3)C(=O)N)NC4CCC(CC4)O)C(F)(F)F)C,HL60,0.38403755,-1.2470546,1.3349272,1.2828077,-1.0963241,1.6458315
GDC-0068,CC1CC(C2=C1C(=NC=N2)N3CCN(CC3)C(=O)C(CNC(C)C)C4=CC=C(C=C4)Cl)O,HL60,2.3730404,2.8777802,2.9412396,2.7683313,0.07969272,3.1981585
gambogic-acid,CC(=CCCC1(C=CC2=C(C3=C(C(=C2O1)CC=C(C)C)OC45C6CC(C=C4C3=O)C(=O)C5(OC6(C)C)CC=C(C)C(=O)O)O)C)C,HL60,-4.0098433,-3.7037618,-4.6307087,-4.197095,-3.3965697,-4.1210814
spiradoline,CN(C1CCC2(CCCO2)CC1N3CCCC3)C(=O)CC4=CC(=C(C=C4)Cl)Cl,HL60,2.7442207,4.3200703,3.1763947,2.8300946,-0.102823734,3.4973676
R406,CC1(C(=O)NC2=C(O1)C=CC(=N2)NC3=NC(=NC=C3F)NC4=CC(=C(C(=C4)OC)OC)OC)C.C1=CC=C(C=C1)S(=O)(=O)O,HL60,2.207563,1.0267465,2.7242424,2.621569,1.8409894,2.8242676
BMS-690514,COC1=CC=CC(=C1)NC2=NC=NN3C2=C(C=C3)CN4CCC(C(C4)O)N,HL60,-2.4801896,-2.8161302,-2.1823308,-2.0291324,-3.559555,-1.8137985
foretinib,COC1=CC2=C(C=CN=C2C=C1OCCCN3CCOCC3)OC4=C(C=C(C=C4)NC(=O)C5(CC5)C(=O)NC6=CC=C(C=C6)F)F,HL60,0.77419376,-0.28754896,1.4295863,1.3554883,-0.18158442,1.5550275
tanaproget,CC1(C2=C(C=CC(=C2)C3=CC=C(N3C)C#N)NC(=S)O1)C,HL60,1.3635181,0.008117259,1.7035183,2.0860884,0.44580436,2.5740623
tezacaftor,CC(C)(CO)C1=CC2=CC(=C(C=C2N1CC(CO)O)F)NC(=O)C3(CC3)C4=CC5=C(C=C4)OC(O5)(F)F,HL60,-2.3581402,-2.0427992,-2.2537024,-1.9861287,-3.3045025,-2.203567
CX-5461,CC1=CN=C(C=N1)CNC(=O)C2=C3N(C4=CC=CC=C4S3)C5=C(C2=O)C=CC(=N5)N6CCCN(CC6)C,HL60,1.9841083,2.340348,2.2558792,2.059953,0.8557918,2.4085693
BW-180C,CC(C)CC(C(=O)O)NC(=O)C(CC1=CC=CC=C1)NC(=O)CNC(=O)C(C)NC(=O)C(CC2=CC=C(C=C2)O)N,HL60,-1.9178978,-2.7070053,-1.6745048,-0.73844635,-3.2368903,-1.2326434
dalcetrapib,CCC(CC)CC1(CCCCC1)C(=O)NC2=CC=CC=C2SC(=O)C(C)C,HL60,2.2667832,2.4279165,2.7862418,2.681967,0.43645376,3.0013378
apatinib,CS(=O)(=O)O.C1CCC(C1)(C#N)C2=CC=C(C=C2)NC(=O)C3=C(N=CC=C3)NCC4=CC=NC=C4,HL60,3.9704356,3.3772266,4.7004147,4.432736,2.7551537,4.586647
MK-3207,C1CCC2(C1)C(=O)N(C(CN2)C3=CC(=CC(=C3)F)F)CC(=O)NC4=CC5=C(CC6(C5)C7=C(NC6=O)N=CC=C7)C=C4,HL60,-0.5973195,-0.7272585,-0.41465545,-0.750001,-1.0445362,-0.05014666
palomid-529,CC(C1=CC2=C(C=C1)C3=CC(=C(C=C3OC2=O)OCC4=CC=C(C=C4)OC)OC)O,HL60,2.4180088,2.084621,2.3957536,2.375786,2.4067202,2.8271635
meglitinide,COC1=C(C=C(C=C1)Cl)C(=O)NCCC2=CC=C(C=C2)C(=O)O,HL60,4.176093,4.5419903,4.4356785,4.3134007,3.0180426,4.5713515
tipifarnib,CN1C=NC=C1C(C2=CC=C(C=C2)Cl)(C3=CC4=C(C=C3)N(C(=O)C=C4C5=CC(=CC=C5)Cl)C)N,HL60,3.209109,2.6412294,3.9016738,3.3112004,2.2014246,3.9900172
Ro-4987655,C1CC(=O)N(OC1)CC2=CC(=C(C(=C2F)F)NC3=C(C=C(C=C3)I)F)C(=O)NOCCO,HL60,-0.75558245,-2.3877475,-0.6923021,1.0133617,-1.5127851,-0.19843939
danusertib,CN1CCN(CC1)C2=CC=C(C=C2)C(=O)NC3=NNC4=C3CN(C4)C(=O)C(C5=CC=CC=C5)OC,HL60,1.8934927,1.199229,2.7680066,2.7275937,-0.38736498,3.1599991
brequinar,CC1=C(C2=C(C=CC(=C2)F)N=C1C3=CC=C(C=C3)C4=CC=CC=C4F)C(=O)O,HL60,3.7144947,2.9732115,4.5612583,4.179148,2.199129,4.6597266
AZD7762,C1CC(CNC1)NC(=O)C2=C(C=C(S2)C3=CC(=CC=C3)F)NC(=O)N,HL60,-0.5990831,-1.9771426,-1.0610266,0.50214356,-2.0644703,1.60508
tirapazamine,C1=CC=C2C(=C1)[N+](=C(N=[N+]2[O-])N)[O-],HL60,-1.9722269,-0.73605376,-1.9617276,-2.2040799,-3.5025654,-1.4567081
P276-00,CN1CCC(C1CO)C2=C(C=C(C3=C2OC(=CC3=O)C4=CC=CC=C4Cl)O)O.Cl,HL60,1.7657112,1.6302936,2.0165317,2.028686,0.5112585,2.6417859
berberine,COC1=C(C2=C[N+]3=C(C=C2C=C1)C4=CC5=C(C=C4CC3)OCO5)OC,HL60,-2.297646,-1.0683968,-3.247078,-2.442556,-1.5775198,-3.1526797
dapivirine,CC1=CC(=C(C(=C1)C)NC2=NC(=NC=C2)NC3=CC=C(C=C3)C#N)C,HL60,1.2554338,1.3707445,1.3300501,1.5550158,0.65439445,1.3669635
midostaurin,CC12C(C(CC(O1)N3C4=CC=CC=C4C5=C6C(=C7C8=CC=CC=C8N2C7=C53)CNC6=O)N(C)C(=O)C9=CC=CC=C9)OC,HL60,-2.6793962,-3.5628693,-2.3218298,-2.1024344,-3.8171134,-1.592733
tosedostat,CC(C)CC(C(C(=O)NO)O)C(=O)NC(C1=CC=CC=C1)C(=O)OC2CCCC2,HL60,2.8456073,1.7155144,3.435773,3.2788973,1.8504324,3.94742
BMS-626529,CC1=NN(C=N1)C2=NC=C(C3=C2NC=C3C(=O)C(=O)N4CCN(CC4)C(=O)C5=CC=CC=C5)OC,HL60,0.6480502,0.25065395,0.30124193,1.2976941,-0.3288563,1.7195172
GDC-0941,CS(=O)(=O)N1CCN(CC1)CC2=CC3=C(S2)C(=NC(=N3)C4=C5C=NNC5=CC=C4)N6CCOCC6,HL60,1.6480083,0.77678275,2.3820403,2.1387866,0.36740318,2.5750299
pacritinib,C1CCN(C1)CCOC2=C3COCC=CCOCC4=CC(=CC=C4)C5=NC(=NC=C5)NC(=C3)C=C2,HL60,1.9277757,0.51412225,2.994121,2.7846115,0.38106948,2.9649546
UNBS-5162,CN(C)CCN1C(=O)C2=CC=CC3=CC(=CC(=C32)C1=O)NC(=O)N,HL60,2.8758185,3.2476633,3.4829066,3.4404137,0.9183688,3.2897403
ganetespib,CC(C)C1=C(C=C(C(=C1)C2=NNC(=O)N2C3=CC4=C(C=C3)N(C=C4)C)O)O,HL60,2.2171826,1.2075633,2.4021528,2.2436647,2.269495,2.9630373
PF-562271,CN(C1=C(C=CC=N1)CNC2=NC(=NC=C2C(F)(F)F)NC3=CC4=C(C=C3)NC(=O)C4)S(=O)(=O)C,HL60,1.5340044,1.9306085,1.5543101,1.372126,1.0147519,1.7982253
2-methoxyestradiol,CC12CCC3C(C1CCC2O)CCC4=CC(=C(C=C34)OC)O,HL60,4.635897,4.521701,4.9719396,4.6475396,3.9418035,5.096503
BAY-87-2243,CC1=CC(=NN1CC2=CC(=NC=C2)N3CCN(CC3)C4CC4)C5=NC(=NO5)C6=CC=C(C=C6)OC(F)(F)F,HL60,1.5718454,-0.80377823,2.4277508,2.4096422,1.340584,2.485028
orantinib,CC1=C(NC(=C1CCC(=O)O)C)C=C2C3=CC=CC=C3NC2=O,HL60,0.71095014,-0.92624646,2.2833054,2.6363,-3.667294,3.2286856
CEP-37440,CNC(=O)C1=CC=CC=C1NC2=NC(=NC=C2Cl)NC3=C(C4=C(CC(CCC4)N5CCN(CC5)CCO)C=C3)OC,HL60,-1.1720881,-1.9244602,-0.84876996,-1.1060263,-1.1553048,-0.8258796
LY2334737,CCCC(CCC)C(=O)NC1=NC(=O)N(C=C1)C2C(C(C(O2)CO)O)(F)F,HL60,1.0116726,0.80935675,1.9400152,2.082718,-2.3564963,2.5827696
SC-12267,COC1=CC=CC(=C1)C2=CC(=C(C=C2)NC(=O)C3=C(CCC3)C(=O)O)F,HL60,3.7572274,3.4218078,4.159063,4.0359454,2.7696218,4.3997
TAK-715,CCC1=NC(=C(S1)C2=CC(=NC=C2)NC(=O)C3=CC=CC=C3)C4=CC=CC(=C4)C,HL60,2.1475618,2.394899,2.656773,2.7275937,-0.102104425,3.0606482
VX-702,C1=CC(=C(C(=C1)F)N(C2=NC(=C(C=C2)C(=O)N)C3=C(C=C(C=C3)F)F)C(=O)N)F,HL60,2.6011655,2.7426445,3.156345,2.9909103,0.7594088,3.356519
buthionine-sulfoximine,CCCCS(=N)(=O)CCC(C(=O)O)N,HL60,0.091001794,-1.3901219,1.8799537,1.7515413,-3.9297476,2.1433835
lerisetron,C1CN(CCN1)C2=NC3=CC=CC=C3N2CC4=CC=CC=C4,HL60,3.2421386,3.686792,3.3016222,3.5468705,1.5935194,4.08189
anguidine,CC1=CC2C(CC1)(C3(C(C(C(C34CO4)O2)O)OC(=O)C)C)COC(=O)C,HL60,0.16681275,-1.1123867,2.0017817,1.6899585,-4.089982,2.3446925
iododexetimide,C1CN(CCC1C2(CCC(=O)NC2=O)C3=CC=CC=C3)CC4=CC=C(C=C4)I,HL60,3.1752045,3.4872859,3.700448,3.5645201,0.8277401,4.296029
AZD2014,CC1COCCN1C2=NC(=NC3=C2C=CC(=N3)C4=CC(=CC=C4)C(=O)NC)N5CCOCC5C,HL60,1.9708834,1.086772,3.546356,3.2837427,-1.7451113,3.682657
emetine,CCC1CN2CCC3=CC(=C(C=C3C2CC1CC4C5=CC(=C(C=C5CCN4)OC)OC)OC)OC,HL60,3.5435567,3.2755263,3.5753617,3.6270964,3.157908,4.08189
harringtonine,CC(C)(CCC(CC(=O)OC)(C(=O)OC1C2C3=CC4=C(C=C3CCN5C2(CCC5)C=C1OC)OCO4)O)O,HL60,-0.53371,-1.1936805,-0.9087087,-0.88377696,-1.1912684,1.5088848
DPI-201106,C1CN(CCN1CC(COC2=CC=CC3=C2C=C(N3)C#N)O)C(C4=CC=CC=C4)C5=CC=CC=C5,HL60,1.1110767,0.9679348,1.1770196,1.4233416,0.009203672,1.9778843
ilomastat,CC(C)CC(CC(=O)NO)C(=O)NC(CC1=CNC2=CC=CC=C21)C(=O)NC,HL60,3.2393303,3.389765,4.1896095,3.9210856,0.30158943,4.394602
BIIB021,CC1=CN=C(C(=C1OC)C)CN2C=NC3=C2N=C(N=C3Cl)N,HL60,0.8409573,2.6694443,0.65746355,1.7489768,-2.6010504,1.7299517
gossypol,CC1=CC2=C(C(=C(C(=C2C(C)C)O)O)C=O)C(=C1C3=C(C4=C(C=C3C)C(=C(C(=C4C=O)O)O)C(C)C)O)O,HL60,-2.4566376,-1.725492,-2.287766,-2.323318,-4.019704,-1.9269086
AMG-232,CC(C)C(CS(=O)(=O)C(C)C)N1C(C(CC(C1=O)(C)CC(=O)O)C2=CC(=CC=C2)Cl)C3=CC=C(C=C3)Cl,HL60,2.4228656,2.1371596,3.0087054,2.6607833,1.0312953,3.2763846
evacetrapib,CC1=CC(=C2C(=C1)C(CCCN2CC3CCC(CC3)C(=O)O)N(CC4=CC(=CC(=C4)C(F)(F)F)C(F)(F)F)C5=NN(N=N5)C)C,HL60,1.2392147,1.1132915,2.9029462,2.8577096,-3.8932033,3.21533
canertinib,C=CC(=O)NC1=C(C=C2C(=C1)C(=NC=N2)NC3=CC(=C(C=C3)F)Cl)OCCCN4CCOCC4,HL60,2.3131402,1.873739,2.4295778,2.373309,2.1516871,2.7373872
MK-1775,CC(C)(C1=NC(=CC=C1)N2C3=NC(=NC=C3C(=O)N2CC=C)NC4=CC=C(C=C4)N5CCN(CC5)C)O,HL60,0.82428026,-0.6891405,1.1879185,1.5992831,0.29547554,1.7278649
broxyquinoline,C1=CC2=C(C(=C(C=C2Br)Br)O)N=C1,HL60,-1.1663965,-1.4559922,-1.5378478,-0.91298604,-1.6487283,-0.2764283
ARRY-334543,CC1COC(=N1)NC2=CC3=C(C=C2)N=CN=C3NC4=CC(=C(C=C4)OCC5=NC=CS5)Cl,HL60,2.2540734,2.6151154,2.9558277,3.0445158,-0.40574014,3.0606482
tazemetostat,CCN(C1CCOCC1)C2=CC(=CC(=C2C)C(=O)NCC3=C(C=C(NC3=O)C)C)C4=CC=C(C=C4)CN5CCOCC5,HL60,1.5955602,1.2991841,2.8208883,2.7959824,-2.048646,3.110392
FR-139317,CC(C)CC(C(=O)NC(CC1=CN(C2=CC=CC=C21)C)C(=O)NC(CC3=CC=CC=N3)C(=O)O)NC(=O)N4CCCCCC4,HL60,2.281235,0.3697183,2.884711,2.7781086,2.20219,3.1714468
nisoxetine,CNCCC(C1=CC=CC=C1)OC2=CC=CC=C2OC,HL60,2.4121845,2.0952756,3.9578114,3.9524112,-2.5550165,4.6104403
ABT-751,COC1=CC=C(C=C1)S(=O)(=O)NC2=C(N=CC=C2)NC3=CC=C(C=C3)O,HL60,4.344813,3.3298595,5.0703673,4.8563766,3.3709583,5.096503
indibulin,C1=CC=C2C(=C1)C(=CN2CC3=CC=C(C=C3)Cl)C(=O)C(=O)NC4=CC=NC=C4,HL60,2.7386863,2.3776724,3.0834363,3.120611,1.6826997,3.429012
PF-04136309,C1CN(C[C@H]1NC2CCC(CC2)(C3=NC=C(C=C3)C4=NC=CC=N4)O)C(=O)CNC(=O)C5=CC(=CC=C5)C(F)(F)F,HL60,2.8125196,3.5639093,3.5282278,2.8966954,0.44580436,3.627961
VX-765,CCOC1C(CC(=O)O1)NC(=O)C2CCCN2C(=O)C(C(C)(C)C)NC(=O)C3=CC(=C(C=C3)N)Cl,HL60,-2.1350143,-2.791085,-1.4565957,-1.1352674,-4.0562487,-1.2358748
SCH-900776,CN1C=C(C=N1)C2=C3N=C(C(=C(N3N=C2)N)Br)C4CCCNC4,HL60,1.6312144,2.259144,2.2439945,2.7438886,-1.6940428,2.6030867
pterostilbene,COC1=CC(=CC(=C1)C=CC2=CC=C(C=C2)O)OC,HL60,4.2479205,4.287099,4.398344,4.3402505,3.6425571,4.5713515
BMS-387032,CC(C)(C)C1=CN=C(O1)CSC2=CN=C(S2)NC(=O)C3CCNCC3,HL60,-1.9348986,-1.9931724,-1.7049655,-1.2277625,-4.25865,-0.48994282
cinromide,CCNC(=O)C=CC1=CC(=CC=C1)Br,HL60,1.269961,1.4193618,2.8591821,3.0705059,-4.2164826,3.217238
GSK1292263,CC(C)C1=NOC(=N1)N2CCC(CC2)COC3=CN=C(C=C3)C4=CC=C(C=C4)S(=O)(=O)C,HL60,4.061647,3.4468844,4.747932,4.47152,2.5895848,5.0523157
BIBX-1382,CN1CCC(CC1)NC2=NC=C3C(=N2)C(=NC=N3)NC4=CC(=C(C=C4)F)Cl,HL60,1.171216,3.3382182,2.229367,1.9342428,-3.9972148,2.3514674
elesclomol,CN(C(=S)C1=CC=CC=C1)NC(=O)CC(=O)NN(C)C(=S)C2=CC=CC=C2,HL60,0.6756873,-1.5686209,1.1011777,2.2725663,-0.68040264,2.2537162
roquinimex,CN1C2=CC=CC=C2C(=C(C1=O)C(=O)N(C)C3=CC=CC=C3)O,HL60,-0.5081321,-1.6940706,-1.2343925,-0.3946678,-0.7352475,1.5177176
ecamsule-triethanolamine,CC1(C2CCC1(C(=O)C2=CC3=CC=C(C=C3)C=C4C5CCC(C4=O)(C5(C)C)CS(=O)(=O)O)CS(=O)(=O)O)C,HL60,0.5809353,-0.66084117,1.9307964,0.5929816,-1.0571235,2.0988634
doxercalciferol,CC(C)C(C)C=CC(C)C1CCC2C1(CCCC2=CC=C3CC(CC(C3=C)O)O)C,HL60,0.56560177,1.1622446,1.64431,1.6209829,-3.9016366,2.302108
dexrazoxane,CC(CN1CC(=O)NC(=O)C1)N2CC(=O)NC(=O)C2,HL60,4.5277696,4.261737,5.155219,5.0562634,2.9875488,5.1780796
carmofur,CCCCCCNC(=O)N1C=C(C(=O)NC1=O)F,HL60,4.066227,3.4413118,4.5442886,4.4894204,3.11481,4.7413034
alogliptin,CN1C(=O)C=C(N(C1=O)CC2=CC=CC=C2C#N)N3CCCC(C3)N,HL60,0.43617392,1.6015775,-0.91707146,0.6947589,-0.6956872,1.4972917
cinacalcet,CC(C1=CC=CC2=CC=CC=C21)NCCCC3=CC(=CC=C3)C(F)(F)F,HL60,2.2223945,2.4982586,3.3668845,3.3128154,-1.6882886,3.6223028
pentamidine,C1=CC(=CC=C1C(=N)N)OCCCCCOC2=CC=C(C=C2)C(=N)N,HL60,1.3996259,1.8619311,2.2348523,2.3559678,-1.6918849,2.2372632
leucovorin,C1C(N(C2=C(N1)N=C(NC2=O)N)C=O)CNC3=CC=C(C=C3)C(=O)NC(CCC(=O)O)C(=O)O,HL60,1.8358189,1.2022208,2.6430967,2.379089,0.12752455,2.8271635
everolimus,CC1CCC2CC(C(=CC=CC=CC(CC(C(=O)C(C(C(=CC(C(=O)CC(OC(=O)C3CCCCN3C(=O)C(=O)C1(O2)O)C(C)CC4CCC(C(C4)OC)OCCO)C)C)O)OC)C)C)C)OC,HL60,-2.1362145,-1.4169471,-2.6965306,-2.6908264,-1.520697,-2.3560717
oxazepam,C1=CC=C(C=C1)C2=NC(C(=O)NC3=C2C=C(C=C3)Cl)O,HL60,3.899878,3.1863644,4.344039,4.2596993,3.110744,4.598544
terconazole,CC(C)N1CCN(CC1)C2=CC=C(C=C2)OCC3COC(O3)(CN4C=NC=N4)C5=C(C=C(C=C5)Cl)Cl,HL60,3.8710313,3.040083,4.2320347,4.247766,3.105865,4.7294073
eprobemide,C1COCCN1CCCNC(=O)C2=CC=C(C=C2)Cl,HL60,3.6913726,3.9789467,3.9650214,4.197048,2.1761734,4.1396737
prednisolone-acetate,CC(=O)OCC(=O)C1(CCC2C1(CC(C3C2CCC4=CC(=O)C=CC34C)O)C)O,HL60,1.430861,0.22647718,3.1144226,2.8853242,-2.5578938,3.4859748
acetophenazine,CC(=O)C1=CC2=C(C=C1)SC3=CC=CC=C3N2CCCN4CCN(CC4)CCO,HL60,3.0018764,3.1835783,3.4992225,3.3289673,1.033453,3.96416
candesartan,CCOC1=NC2=CC=CC(=C2N1CC3=CC=C(C=C3)C4=CC=CC=C4C5=NNN=N5)C(=O)O,HL60,1.3688644,0.79111546,2.4176946,2.5181782,-1.752304,2.8696382
sulfanilamide,C1=CC(=CC=C1N)S(=O)(=O)N,HL60,3.1952634,3.5513709,3.9935458,3.7564151,0.7536546,3.9213316
parachlorophenol,C1=CC(=CC=C1O)Cl,HL60,3.894013,3.8166277,4.5544705,4.2596993,2.1149583,4.7243085
piperacetazine,CC(=O)C1=CC2=C(C=C1)SC3=CC=CC=C3N2CCCN4CCC(CC4)CCO,HL60,2.8310578,3.1250656,3.5246022,3.3887286,0.13975227,3.9771395
sodium-glucoheptonate,C(C(C(C(C(C(C(=O)[O-])O)O)O)O)O)O.[Na+],HL60,0.4283914,0.08354838,1.4721383,0.63649213,-1.7853907,1.735169
quinethazone,CCC1NC2=CC(=C(C=C2C(=O)N1)S(=O)(=O)N)Cl,HL60,2.9578483,2.216101,3.308874,3.2336729,2.42527,3.6053233
phenelzine,C1=CC=C(C=C1)CCNN,HL60,4.7696614,6.0241556,4.64611,4.5610213,3.7108636,4.906157
mephenytoin,CCC1(C(=O)N(C(=O)N1)C)C2=CC=CC=C2,HL60,1.8431997,1.601778,2.7661831,3.0850775,-1.7192174,3.4821775
levocarnitine,C[N+](C)(C)CC(CC(=O)[O-])O,HL60,0.8517458,1.4211006,2.3107316,2.0337822,-4.0112705,2.5043848
riociguat,CN(C1=C(N=C(N=C1N)C2=NN(C3=C2C=CC=N3)CC4=CC=CC=C4F)N)C(=O)OC,HL60,2.7850182,2.930024,2.7388306,2.7829874,2.2083116,3.2649367
dabrafenib,CC(C)(C)C1=NC(=C(S1)C2=NC(=NC=C2)N)C3=C(C(=CC=C3)NS(=O)(=O)C4=C(C=CC=C4F)F)F,HL60,1.9488494,2.343937,2.2613645,2.0961795,0.42710316,2.6156638
riluzole,C1=CC2=C(C=C1OC(F)(F)F)SC(=N2)N,HL60,2.7576113,1.0525067,3.767523,3.7245657,1.2298155,4.013645
alectinib,CCC1=CC2=C(C=C1N3CCC(CC3)N4CCOCC4)C(C5=C(C2=O)C6=C(N5)C=C(C=C6)C#N)(C)C,HL60,1.3941649,0.044981867,2.0248287,1.784876,1.0298567,2.0862813
itraconazole,CCC(C)N1C(=O)N(C=N1)C2=CC=C(C=C2)N3CCN(CC3)C4=CC=C(C=C4)OCC5COC(O5)(CN6C=NC=N6)C7=C(C=C(C=C7)Cl)Cl,HL60,0.49178085,-2.2541883,1.0554888,1.9998053,-0.26753795,1.9253362
fenoprofen,CC(C1=CC(=CC=C1)OC2=CC=CC=C2)C(=O)O,HL60,3.6846268,3.3939445,4.3338566,4.2537327,1.8668482,4.574751
nafcillin,CCOC1=C(C2=CC=CC=C2C=C1)C(=O)NC3C4N(C3=O)C(C(S4)(C)C)C(=O)O,HL60,-1.6858759,-1.706639,-1.6625046,-1.0117782,-2.7794309,-1.2690268
famotidine,C1=C(N=C(S1)N=C(N)N)CSCCC(=NS(=O)(=O)N)N,HL60,1.5213726,-0.1393441,2.3655846,2.1796958,0.7284799,2.4724464
phenylbutazone,CCCCC1C(=O)N(N(C1=O)C2=CC=CC=C2)C3=CC=CC=C3,HL60,2.8840346,3.7017577,3.4774683,3.8688762,-0.47819602,3.8502667
tiludronate,C1=CC(=CC=C1SC(P(=O)(O)O)P(=O)(O)O)Cl,HL60,1.2988697,1.9048519,0.8490289,1.804535,1.131994,0.80393904
colchicine,CC(=O)NC1CCC2=CC(=C(C(=C2C3=CC=C(C(=O)C=C13)OC)OC)OC)OC,HL60,1.1346009,-0.3250851,1.5482059,1.8626574,0.4486814,2.1385443
busulfan,CS(=O)(=O)OCCCCOS(=O)(=O)C,HL60,2.966576,2.2793372,3.642437,2.9535491,2.289988,3.6675684
abiraterone-acetate,CC(=O)OC1CCC2(C3CCC4(C(C3CC=C2C1)CC=C4C5=CN=CC=C5)C)C,HL60,-2.8494573,-3.5493326,-1.9941692,-2.4112804,-4.1911826,-2.1013198
ciclesonide,CC(C)C(=O)OCC(=O)C12C(CC3C1(CC(C4C3CCC5=CC(=O)C=CC45C)O)C)OC(O2)C6CCCCC6,HL60,3.2033322,1.0823789,4.3847675,3.3418887,2.4867167,4.720909
papaverine,COC1=C(C=C(C=C1)CC2=NC=CC3=CC(=C(C=C32)OC)OC)OC,HL60,-0.053264044,1.2352333,-1.6795814,-0.90019876,1.804484,-0.72625744
daunorubicin,CC1C(C(CC(O1)OC2CC(CC3=C2C(=C4C(=C3O)C(=O)C5=C(C4=O)C(=CC=C5)OC)O)(C(=O)C)O)N)O,HL60,-1.8228695,-1.6007688,-1.3349664,-1.7812033,-3.2699776,-1.1274309
chlorhexidine,C1=CC(=CC=C1NC(=NC(=NCCCCCCN=C(N)N=C(N)NC2=CC=C(C=C2)Cl)N)N)Cl,HL60,2.884422,3.3967307,3.2182314,3.2062147,1.465738,3.1351957
amsacrine,COC1=C(C=CC(=C1)NS(=O)(=O)C)NC2=C3C=CC=CC3=NC4=CC=CC=C42,HL60,2.3232224,2.3353236,2.229367,2.0961795,2.4044018,2.5508406
palbociclib,CC1=C(C(=O)N(C2=NC(=NC=C12)NC3=NC=C(C=C3)N4CCNCC4)C5CCCC5)C(=O)C,HL60,1.8667524,1.685219,2.242166,2.1179142,0.8924749,2.3959877
daclatasvir,CC(C)C(C(=O)N1CCCC1C2=NC=C(N2)C3=CC=C(C=C3)C4=CC=C(C=C4)C5=CN=C(N5)C6CCCN6C(=O)C(C(C)C)NC(=O)OC)NC(=O)OC,HL60,-2.7223325,-3.4839714,-2.1044707,-2.0428154,-4.0759263,-1.9044789
ciprofibrate,CC(C)(C(=O)O)OC1=CC=C(C=C1)C2CC2(Cl)Cl,HL60,4.186554,4.46844,4.3168864,4.0329623,3.2083244,4.906157
idarubicin,CC1C(C(CC(O1)OC2CC(CC3=C2C(=C4C(=C3O)C(=O)C5=CC=CC=C5C4=O)O)(C(=O)C)O)N)O,HL60,-0.74140376,-1.2772326,0.8116083,-0.55082893,-4.070304,1.3797382
creatine,CN(CC(=O)O)C(=N)N,HL60,2.5866742,3.7976058,4.181124,3.2336729,-2.678732,4.3997
thiram,CN(C)C(=S)SSC(=S)N(C)C,HL60,1.7435614,1.1633251,2.4122093,2.3667028,-0.048698127,2.8242676
iproniazid,CC(C)NNC(=O)C1=CC=NC=C1,HL60,-2.7650943,-5.117376,-2.3818467,-1.2880837,-4.2698946,-0.7682694
buphenine,CC(CCC1=CC=CC=C1)NC(C)C(C2=CC=C(C=C2)O)O,HL60,2.2400296,0.8312471,3.1053088,3.615865,-0.2044214,3.8521485
prednisolone,CC12CC(C3C(C1CCC2(C(=O)CO)O)CCC4=CC(=O)C=CC34C)O,HL60,3.7969956,3.8064826,4.125122,3.375807,3.23028,4.4472866
colistin-b-sulfate,CC(C)CCCCC(=O)NC(CC[NH3+])C(=O)NC(C(C)O)C(=O)NC(CC[NH3+])C(=O)NC1CCNC(=O)C(NC(=O)C(NC(=O)C(NC(=O)C(NC(=O)C(NC(=O)C(NC1=O)CC[NH3+])CC(C)C)CC(C)C)CC[NH3+])CC[NH3+])C(C)O.CC(C)CCCCC(=O)NC(CC[NH3+])C(=O)NC(C(C)O)C(=O)NC(CC[NH3+])C(=O)NC1CCNC(=O)C(NC(=O)C(NC(=O)C(NC(=O)C(NC(=O)C(NC(=O)C(NC1=O)CC[NH3+])CC(C)C)CC(C)C)CC[NH3+])CC[NH3+])C(C)O.[O-]S(=O)(=O)[O-].[O-]S(=O)(=O)[O-].[O-]S(=O)(=O)[O-].[O-]S(=O)(=O)[O-].[O-]S(=O)(=O)[O-],HL60,-0.59449464,-1.7611034,-0.055016607,-0.089011095,-1.8019341,0.73459196
ajmaline,CCC1C2CC3C4C5(CC(C2C5O)N3C1O)C6=CC=CC=C6N4C,HL60,-2.4406686,-3.817293,-2.8116982,-2.635368,-0.9754857,-1.9634982
oxyquinoline,C1=CC2=C(C(=C1)O)N=CC=C2,HL60,2.535626,1.1261051,3.2037287,3.2126753,1.5586834,3.5769367
cefpiramide,CC1=CC(=O)C(=CN1)C(=O)NC(C2=CC=C(C=C2)O)C(=O)NC3C4N(C3=O)C(=C(CS4)CSC5=NN=NN5C)C(=O)O,HL60,0.6189952,-1.1742232,1.3137932,1.5515437,-0.11109531,1.5149574
methylprednisolone,CC1CC2C3CCC(C3(CC(C2C4(C1=CC(=O)C=C4)C)O)C)(C(=O)CO)O,HL60,2.0115256,-1.8446214,3.0542731,2.834968,2.3152628,3.6977453
epinephrine,CNCC(C1=CC(=C(C=C1)O)O)O,HL60,2.87999,2.2413054,3.0087054,3.1900632,2.3338013,3.6260748
tiletamine,CCNC1(CCCCC1=O)C2=CC=CS2,HL60,3.14943,3.8369174,3.3832002,3.3806527,1.4297743,3.716606
terfenadine,CC(C)(C)C1=CC=C(C=C1)C(CCCN2CCC(CC2)C(C3=CC=CC=C3)(C4=CC=CC=C4)O)O,HL60,3.0907707,2.2347302,3.6714425,3.6782439,1.5071261,4.362311
afatinib,CN(C)CC=CC(=O)NC1=C(C=C2C(=C1)C(=NC=N2)NC3=CC(=C(C=C3)F)Cl)OC4CCOC4,HL60,1.9218655,1.3055782,2.0727668,1.981073,1.8006905,2.4492183
pilocarpine,CCC1C(COC1=O)CC2=CN=CN2C,HL60,-2.8337739,-0.7874742,-3.5244353,-3.1746511,-4.25865,-2.4236588
ruxolitinib,C1CCC(C1)C(CC#N)N2C=C(C=N2)C3=C4C=CNC4=NC=N3,HL60,4.0622725,3.2880647,4.649504,4.4506364,3.0034056,4.919753
mitoxantrone,C1=CC(=C2C(=C1NCCNCCO)C(=O)C3=C(C=CC(=C3C2=O)O)O)NCCNCCO,HL60,-1.7609606,-0.8596125,-1.3910015,-1.921976,-3.2699776,-1.3622352
minocycline,CN(C)C1C2CC3CC4=C(C=CC(=C4C(=C3C(=O)C2(C(=C(C1=O)C(=O)N)O)O)O)O)N(C)C,HL60,-0.2855568,-0.38663048,0.23043877,-0.57721967,-1.6523248,0.95795226
nadide,C1=CC(=C[N+](=C1)C2C(C(C(O2)COP(=O)([O-])OP(=O)(O)OCC3C(C(C(O3)N4C=NC5=C(N=CN=C54)N)O)O)O)O)C(=O)N,HL60,1.506567,1.3497546,2.1345332,2.0548942,-0.45266163,2.446315
clofoctol,CC(C)(C)CC(C)(C)C1=CC(=C(C=C1)O)CC2=C(C=C(C=C2)Cl)Cl,HL60,2.7622304,1.9350846,3.1253588,3.159375,2.0030422,3.5882914
propranolol,CC(C)NCC(COC1=CC=CC2=CC=CC=C21)O,HL60,2.8412607,3.0554078,3.5264149,3.5693333,0.18794376,3.8672044
beclomethasone-dipropionate,CCC(=O)OCC(=O)C1(C(CC2C1(CC(C3(C2CCC4=CC(=O)C=CC43C)Cl)O)C)C)OC(=O)CC,HL60,1.2897772,0.22897823,2.8792405,2.5871055,-2.4197927,3.1733549
fenbendazole,COC(=O)NC1=NC2=C(N1)C=C(C=C2)SC3=CC=CC=C3,HL60,3.5862565,2.2449582,4.3033104,4.3223505,2.4264297,4.6342335
naloxone,C=CCN1CCC23C4C(=O)CCC2(C1CC5=C3C(=C(C=C5)O)O4)O,HL60,0.27463168,-0.112532884,1.7040036,1.3659964,-3.1289992,1.5446905
sulfasalazine,C1=CC=NC(=C1)NS(=O)(=O)C2=CC=C(C=C2)N=NC3=CC(=C(C=C3)O)C(=O)O,HL60,1.5201708,-0.08329356,2.1861537,2.1170795,0.916211,2.4647038
ethinyl-estradiol,CC12CCC3C(C1CCC2(C#C)O)CCC4=C3C=CC(=C4)O,HL60,5.4818544,5.545205,6.044462,4.9548283,4.6907797,6.173998
aspirin,CC(=O)OC1=CC=CC=C1C(=O)O,HL60,5.030097,4.9556193,5.671116,5.2412333,3.254675,6.027839
propoxycaine,CCCOC1=C(C=CC(=C1)N)C(=O)OCCN(CC)CC,HL60,3.015664,3.0317242,3.2309215,3.1060746,2.2958431,3.4137576
pentagastrin,CC(C)(C)OC(=O)NCCC(=O)NC(CC1=CNC2=CC=CC=C21)C(=O)NC(CCSC)C(=O)NC(CC(=O)O)C(=O)NC(CC3=CC=CC=C3)C(=O)N,HL60,2.6635902,3.0526216,3.8418498,3.622283,-1.2480913,4.0492887
noretynodrel,CC12CCC3C(C1CCC2(C#C)O)CCC4=C3CCC(=O)C4,HL60,5.631821,5.906518,6.3024106,4.984662,4.5093966,6.456118
betamethasone,CC1CC2C3CCC4=CC(=O)C=CC4(C3(C(CC2(C1(C(=O)CO)O)C)O)F)C,HL60,2.4205334,0.92881876,2.94671,2.5772588,2.291452,3.358427
piperazine,C1CNCCN1,HL60,2.8768697,4.6282225,3.8200955,3.6446903,-1.5645729,3.8559127
ramifenazone,CC1=C(C(=O)N(N1C)C2=CC=CC=C2)NC(C)C,HL60,2.0184836,2.2814906,2.329016,2.8073533,-0.11109531,2.785654
meclizine,CC1=CC(=CC=C1)CN2CCN(CC2)C(C3=CC=CC=C3)C4=CC=C(C=C4)Cl,HL60,3.8097215,4.060106,4.467922,4.358151,1.3650395,4.797388
phenazone,CC1=CC(=O)N(N1C)C2=CC=CC=C2,HL60,3.432138,3.4385254,3.9523964,4.3223505,1.2686564,4.1787624
clofibrate,CCOC(=O)C(C)(C)OC1=CC=C(C=C1)Cl,HL60,1.5951312,0.65864426,2.7734773,3.0656328,-1.8709849,3.348887
remoxipride,CCN1CCCC1CNC(=O)C2=C(C=CC(=C2OC)Br)OC,HL60,3.1285317,2.8283234,3.2998095,3.1949086,2.6294153,3.690201
dolutegravir,CC1CCOC2N1C(=O)C3=C(C(=O)C(=CN3C2)C(=O)NCC4=C(C=C(C=C4)F)F)O,HL60,2.5343032,2.3963344,2.7789478,2.6998916,2.008758,2.7875845
gefitinib,COC1=C(C=C2C(=C1)N=CN=C2NC3=CC(=C(C=C3)F)Cl)OCCCN4CCOCC4,HL60,2.4399016,2.8380754,2.419523,2.3510134,1.8679881,2.7229068
dasatinib,CC1=C(C(=CC=C1)Cl)NC(=O)C2=CN=C(S2)NC3=CC(=NC(=N3)C)N4CCN(CC4)CCO,HL60,1.0203676,0.12185535,1.0236784,1.469208,0.62418485,1.8629116
altretamine,CN(C)C1=NC(=NC(=N1)N(C)C)N(C)C,HL60,0.9387225,-0.061991066,0.5854862,1.4106556,1.6910603,1.0684017
streptozotocin,CN(C(=O)NC1C(C(C(OC1O)CO)O)O)N=O,HL60,-1.798859,-1.5793619,-0.8982552,-0.8684776,-4.267083,-1.3811172
nadifloxacin,CC1CCC2=C3N1C=C(C(=O)C3=CC(=C2N4CCC(CC4)O)F)C(=O)O,HL60,1.4565599,0.9670251,2.91024,2.8772023,-2.4672651,2.9955976
hexylresorcinol,CCCCCCC1=C(C=C(C=C1)O)O,HL60,2.2078805,1.6133049,2.3811262,3.0347693,0.791057,3.2191455
benzethonium,CC(C)(C)CC(C)(C)C1=CC=C(C=C1)OCCOCC[N+](C)(C)CC2=CC=CC=C2,HL60,2.5345154,1.428159,3.0816138,3.3031247,1.2959889,3.5636897
iobenguane,C1=CC(=CC(=C1)I)CN=C(N)N,HL60,3.9948425,3.800142,4.5544705,4.1343975,3.010724,4.474479
lovastatin,CCC(C)C(=O)OC1CC(C=C2C1C(C(C=C2)C)CCC3CC(CC(=O)O3)O)C,HL60,2.6297393,1.4683816,3.290745,2.908066,1.8082777,3.6732266
octenidine,CCCCCCCCN=C1C=CN(C=C1)CCCCCCCCCCN2C=CC(=NCCCCCCCC)C=C2,HL60,3.3360665,2.9321134,3.3832002,3.5725427,2.7860608,4.006417
isoxsuprine,CC(COC1=CC=CC=C1)NC(C)C(C2=CC=C(C=C2)O)O,HL60,2.9154277,2.146712,3.4738424,3.791351,1.0816445,4.0835896
pyritinol,CC1=NC=C(C(=C1O)CO)CSSCC2=CN=C(C(=C2CO)O)C,HL60,-4.575591,-2.0824468,-5.4464264,-5.776237,-4.2389717,-5.3338747
lacitol,C(C1C(C(C(C(O1)OC(C(CO)O)C(C(CO)O)O)O)O)O)O,HL60,-2.2704687,-1.4814334,-1.9284749,-1.9338478,-4.08436,-1.9242278
dexamethasone-acetate,CC1CC2C3CCC4=CC(=O)C=CC4(C3(C(CC2(C1(C(=O)COC(=O)C)O)C)O)F)C,HL60,1.3664304,-0.37092227,2.31256,1.9963993,0.26490635,2.6292086
enzalutamide,CC1(C(=O)N(C(=S)N1C2=CC(=C(C=C2)C(=O)NC)F)C3=CC(=C(C=C3)C#N)C(F)(F)F)C,HL60,1.1760035,-0.20240322,1.22075,2.0150962,0.8212666,2.025308
triamcinolone-acetonide,CC1(OC2CC3C4CCC5=CC(=O)C=CC5(C4(C(CC3(C2(O1)C(=O)CO)C)O)F)C)C,HL60,2.1535037,-0.34093374,3.0779684,2.6313932,1.5057327,3.893358
bumetanide,CCCCNC1=C(C(=CC(=C1)C(=O)O)S(=O)(=O)N)OC2=CC=CC=C2,HL60,3.4561493,3.5791695,3.7203891,3.45172,2.7243686,3.8050988
famciclovir,CC(=O)OCC(CCN1C=NC2=CN=C(N=C21)N)COC(=O)C,HL60,0.7544031,1.2814696,1.7054596,1.6899585,-2.0313835,1.1265115
fluticasone-propionate,CCC(=O)OC1(C(CC2C1(CC(C3(C2CC(C4=CC(=O)C=CC43C)F)F)O)C)C)C(=O)SCF,HL60,1.6924574,0.35907355,3.2581139,2.8333435,-1.574643,3.5863988
nomegestrol-acetate,CC1=CC2C(CCC3(C2CCC3(C(=O)C)OC(=O)C)C)C4C1=CC(=O)CC4,HL60,0.75175583,-0.23670799,2.4770768,2.225498,-3.670125,2.9630373
tyloxapol,CC(C)(C)CC(C)(C)C1=CC=C(C=C1)O.C=O.C1CO1,HL60,3.4478416,2.109237,3.9757807,3.9524112,2.596438,4.605342
istradefylline,CCN1C2=C(C(=O)N(C1=O)CC)N(C(=N2)C=CC3=CC(=C(C=C3)OC)OC)C,HL60,-2.8165894,-3.8698218,-2.5229678,-2.2509933,-3.842516,-1.5966474
selamectin,CC1CCC2(CC3CC(O2)CC=C(C(C(C=CC=C4COC5C4(C(C=C(C5=NO)C)C(=O)O3)O)C)OC6CC(C(C(O6)C)O)OC)C)OC1C7CCCCC7,HL60,-2.7145197,-3.3742745,-1.9893029,-2.1356647,-4.25865,-1.8147067
niacin,C1=CC(=CN=C1)C(=O)O,HL60,6.3295164,5.609065,7.0898323,6.6881757,4.9342394,7.326272
vemurafenib,CCCS(=O)(=O)NC1=C(C(=C(C=C1)F)C(=O)C2=CNC3=C2C=C(C=N3)C4=CC=C(C=C4)Cl)F,HL60,3.2920327,2.8506138,3.756646,3.5564973,2.4461389,3.8502667
tiagabine,CC1=C(SC=C1)C(=CCCN2CCCC(C2)C(=O)O)C3=C(C=CS3)C,HL60,4.228112,4.1805773,5.1246724,4.745991,1.3707936,5.718527
idelalisib,CCC(C1=NC2=C(C(=CC=C2)F)C(=O)N1C3=CC=CC=C3)NC4=NC=NC5=C4NC=N5,HL60,3.8655906,3.406483,4.3338566,4.28655,2.653232,4.64783
adefovir-dipivoxil,CC(C)(C)C(=O)OCOP(=O)(COCCN1C=NC2=C(N=CN=C21)N)OCOC(=O)C(C)(C)C,HL60,2.2135723,1.799017,3.1016636,3.1932936,-0.37309182,3.346979
dorzolamide,CCNC1CC(S(=O)(=O)C2=C1C=C(S2)S(=O)(=O)N)C,HL60,5.3892975,5.3417196,6.047856,5.429187,4.167865,5.959859
naproxen,CC(C1=CC2=C(C=C1)C=C(C=C2)OC)C(=O)O,HL60,4.2375436,3.2866719,4.819207,4.504337,3.5693717,5.008128
chloropyramine,CN(C)CCN(CC1=CC=C(C=C1)Cl)C2=CC=CC=N2,HL60,1.8506244,2.7795627,3.130827,3.383883,-3.7747316,3.7335808
omeprazole,CC1=CN=C(C(=C1OC)C)CS(=O)C2=NC3=C(N2)C=C(C=C3)OC,HL60,-1.981376,0.51153207,-1.8157401,-2.5500154,-3.6757884,-2.376868
paricalcitol,CC(C=CC(C)C(C)(C)O)C1CCC2C1(CCCC2=CC=C3CC(CC(C3)O)O)C,HL60,1.0875261,1.8827355,1.7988117,1.6512545,-2.3047085,2.4095373
D-Serine,C(C(C(=O)O)N)O,HL60,0.5727205,-0.0756855,1.6729435,1.5593557,-2.1306434,1.8376321
decitabine,C1C(C(OC1N2C=NC(=NC2=O)N)CO)O,HL60,4.758696,5.304202,5.3147397,5.050297,2.7932053,5.3310366
cyproterone-acetate,CC(=O)C1(CCC2C1(CCC3C2C=C(C4=CC(=O)C5CC5C34C)Cl)C)OC(=O)C,HL60,-0.08346622,-0.95260626,1.58534,1.4259638,-4.177127,1.7010983
mycophenolate-mofetil,CC1=C2COC(=O)C2=C(C(=C1OC)CC=C(C)CCC(=O)OCCN3CCOCC3)O,HL60,-2.6395786,-2.4762332,-2.2910101,-2.3311367,-4.2530274,-1.8464855
ulipristal,CC(=O)C1(CCC2C1(CC(C3=C4CCC(=O)C=C4CCC23)C5=CC=C(C=C5)N(C)C)C)O,HL60,1.0785033,-1.299587,2.4432795,2.0133975,-0.5618119,2.797238
benzocaine,CCOC(=O)C1=CC=C(C=C1)N,HL60,2.4615967,0.90930617,3.5662975,3.6526792,0.019633055,4.160068
digitoxin,CC1C(C(CC(O1)OC2C(OC(CC2O)OC3C(OC(CC3O)OC4CCC5(C(C4)CCC6C5CCC7(C6(CCC7C8=CC(=O)OC8)O)C)C)C)C)O)O,HL60,1.527207,1.5693791,2.456068,2.0970204,-1.5509068,3.0644748
cyclophosphamide,C1CNP(=O)(OC1)N(CCCl)CCCl,HL60,3.0517485,3.7681856,4.6596866,4.543121,-2.5147371,4.8024864
methotrexate,CN(CC1=CN=C2C(=N1)C(=NC(=N2)N)N)C3=CC=C(C=C3)C(=O)NC(CCC(=O)O)C(=O)O,HL60,0.7559739,1.6926615,1.5532926,1.385261,-2.8369727,1.9856269
chloramphenicol-palmitate,CCCCCCCCCCCCCCCC(=O)OCC(C(C1=CC=C(C=C1)[N+](=O)[O-])O)NC(=O)C(Cl)Cl,HL60,0.5241678,-0.2294091,1.560923,1.7156421,-2.4313006,2.0049837
fluoromethylcholine,C[N+](C)(C)CCOCF,HL60,0.7729483,1.129797,2.263193,1.8857098,-3.8312383,2.41728
prednisolone-tebutate,CC12CC(C3C(C1CCC2(C(=O)COC(=O)CC(C)(C)C)O)CCC4=CC(=O)C=CC34C)O,HL60,2.7774804,2.5304925,3.2871196,2.6933737,1.8221873,3.5542276
lanoconazole,C1C(SC(=C(C#N)N2C=CN=C2)S1)C3=CC=CC=C3Cl,HL60,5.7927904,4.137461,7.052497,6.6165743,4.0214944,7.135926
proscillaridin-a,CC1C(C(C(C(O1)OC2CCC3(C4CCC5(C(CCC5(C4CCC3=C2)O)C6=COC(=O)C=C6)C)C)O)O)O,HL60,-1.906126,-2.2982976,-1.3765452,-1.0964097,-4.247405,-0.5119724
carbachol,C[N+](C)(C)CCOC(=O)N.[Cl-],HL60,0.7842236,0.4120261,2.1308455,2.1187491,-2.9980907,2.2575877
thioproperazine,CN1CCN(CC1)CCCN2C3=CC=CC=C3SC4=C2C=C(C=C4)S(=O)(=O)N(C)C,HL60,3.2324433,1.2146153,3.9052994,3.8629076,2.9139566,4.265438
exemestane,CC12CCC3C(C1CCC2=O)CC(=C)C4=CC(=O)C=CC34C,HL60,4.280627,4.109563,4.7241735,4.3432345,3.2758174,4.950344
hydrocortisone,CC12CCC(=O)C=C1CCC3C2C(CC4(C3CCC4(C(=O)CO)O)C)O,HL60,2.0684643,-3.1220374,3.7729619,3.04614,2.255753,4.3895035
mycophenolic-acid,CC1=C2COC(=O)C2=C(C(=C1OC)CC=C(C)CCC(=O)O)O,HL60,-3.3948948,-2.6712267,-3.7133932,-3.316165,-4.0084596,-3.2652304
BTS-54505,CC(C)CC(C1(CCC1)C2=CC=C(C=C2)Cl)N.Cl,HL60,3.3164418,2.8366823,3.830973,3.5837743,2.4206328,3.910147
naftidrofuryl,CCN(CC)CCOC(=O)C(CC1CCCO1)CC2=CC=CC3=CC=CC=C32,HL60,-0.07326122,-0.4811961,0.60023385,1.5897353,-3.907259,1.8321798
pitavastatin,C1CC1C2=NC3=CC=CC=C3C(=C2C=CC(CC(CC(=O)O)O)O)C4=CC=C(C=C4)F,HL60,2.0098188,1.8473117,2.8755937,2.6884851,-0.79890335,3.4366071
capsaicin,CC(C)C=CCCCCC(=O)NCC1=CC(=C(C=C1)O)OC,HL60,2.5289135,1.4957919,2.9612982,3.0979989,1.5712245,3.518254
etofylline-clofibrate,CC(C)(C(=O)OCCN1C=NC2=C1C(=O)N(C(=O)N2C)C)OC3=CC=C(C=C3)Cl,HL60,1.5971638,-0.59998256,2.851888,3.1561446,-0.7196032,3.297372
isometheptene-mucate,CC(CCC=C(C)C)NC,HL60,-3.3072708,-1.3320007,-5.319958,-4.3572984,-1.156024,-4.371073
practolol,CC(C)NCC(COC1=CC=C(C=C1)NC(=O)C)O,HL60,1.4283869,0.64288646,2.0995014,2.3708317,-0.6478553,2.676571
clebopride,COC1=CC(=C(C=C1C(=O)NC2CCN(CC2)CC3=CC=CC=C3)Cl)N,HL60,4.0082765,4.1615553,4.7920547,4.7937255,1.2859191,5.008128
clocortolone-pivalate,CC1CC2C3CC(C4=CC(=O)C=CC4(C3(C(CC2(C1C(=O)COC(=O)C(C)(C)C)C)O)Cl)C)F,HL60,0.77439,0.4578811,1.9649062,1.8361603,-2.4974747,2.1104772
epirubicin,C[C@H]1[C@@H]([C@H](C[C@@H](O1)O[C@H]2C[C@@](CC3=C2C(=C4C(=C3O)C(=O)C5=C(C4=O)C(=CC=C5)OC)O)(C(=O)CO)O)N)O,HL60,0.65172637,-0.05666542,1.7988117,-0.24921235,-0.27122426,2.036922
raloxifene,C1CCN(CC1)CCOC2=CC=C(C=C2)C(=O)C3=C(SC4=C3C=CC(=C4)O)C5=CC=C(C=C5)O,HL60,1.1415246,1.3966525,2.0239067,1.8353056,-1.9839109,2.4356687
monobenzone,C1=CC=C(C=C1)COC2=CC=C(C=C2)O,HL60,4.2708974,4.3111935,4.585017,4.4029016,3.3888483,4.666525
mebendazole,COC(=O)NC1=NC2=C(N1)C=C(C=C2)C(=O)C3=CC=CC=C3,HL60,1.978837,1.5549879,2.4880369,2.5313072,0.5091006,2.8107526
dacarbazine,CN(C)N=NC1=C(NC=N1)C(=O)N,HL60,2.9509363,3.0972025,2.830006,3.04614,2.449617,3.3317153
methocarbamol,COC1=CC=CC=C1OCC(COC(=O)N)O,HL60,1.7990513,-0.4588297,2.1667993,2.8495877,1.3866178,3.051082
ketoconazole,CC(=O)N1CCN(CC1)C2=CC=C(C=C2)OCC3COC(O3)(CN4C=CN=C4)C5=C(C=C(C=C5)Cl)Cl,HL60,4.1273108,3.549978,4.418708,4.3223505,3.4937468,4.8517723
cladribine,C1C(C(OC1N2C=NC3=C(N=C(N=C32)Cl)N)CO)O,HL60,4.905652,4.8666286,5.8917294,5.682775,2.5283525,5.558772
monensin,CCC1(CCC(O1)C2(CCC3(O2)CC(C(C(O3)C(C)C(C(C)C(=O)O)OC)C)O)C)C4C(CC(O4)C5C(CC(C(O5)(CO)O)C)C)C,HL60,0.14984603,-0.92744464,1.950156,1.4408255,-4.267083,2.5527766
ranitidine,CNC(=C[N+](=O)[O-])NCCSCC1=CC=C(O1)CN(C)C,HL60,-1.3177462,-1.9871614,-1.2689332,-1.0079008,-1.1427174,-1.1820185
rabeprazole,CC1=C(C=CN=C1CS(=O)C2=NC3=CC=CC=C3N2)OCCCOC,HL60,1.612825,0.42848843,1.8668964,1.8515457,2.3834672,1.533727
lidamidine,CC1=C(C(=CC=C1)C)NC(=O)NC(=NC)N,HL60,2.1892545,3.2880647,2.071845,2.277521,1.0183482,2.290494
norethindrone,CC12CCC3C(C1CCC2(C#C)O)CCC4=CC(=O)CCC34,HL60,5.19503,5.7115774,5.6134167,4.549088,4.3825417,5.718527
aripiprazole,C1CC(=O)NC2=C1C=CC(=C2)OCCCCN3CCN(CC3)C4=C(C(=CC=C4)Cl)Cl,HL60,4.3426704,4.5242367,4.7173853,4.334284,3.3400578,4.797388
ubenimex,CC(C)CC(C(=O)O)NC(=O)C(C(CC1=CC=CC=C1)N)O,HL60,-2.179175,-2.8286526,-2.3348064,-1.706376,-2.048646,-1.9773937
levonorgestrel,CC[C@]12CC[C@H]3[C@H]([C@@H]1CC[C@]2(C#C)O)CCC4=CC(=O)CC[C@H]34,HL60,2.830978,3.6580849,4.2031856,3.217521,-1.2862132,4.362311
PD-98059,COC1=CC=CC(=C1N)C2=CC(=O)C3=CC=CC=C3O2,HL60,3.1041257,2.544774,3.6134315,3.89871,1.131994,4.3317194
hesperadin,CCS(=O)(=O)NC1=CC2=C(C=C1)NC(=C2C(=NC3=CC=C(C=C3)CN4CCCCC4)C5=CC=CC=C5)O,HL60,2.5449333,2.7496102,2.8682997,2.8041043,0.98238444,3.3202677
IDRA-21,CC1NC2=C(C=C(C=C2)Cl)S(=O)(=O)N1,HL60,4.143676,4.2376423,4.6664743,4.1433473,3.057075,4.6138396
ACDPP,CN(C)C1=NC(=C(N=C1Cl)C(=O)NC2=CN=CC=C2)N,HL60,3.2627385,2.806033,3.5717359,3.937494,1.9614208,4.0370083
pepstatin,CC(C)CC(C(CC(=O)O)O)NC(=O)C(C)NC(=O)CC(C(CC(C)C)NC(=O)C(C(C)C)NC(=O)C(C(C)C)NC(=O)CC(C)C)O,HL60,-2.1480348,-2.3519957,-2.584607,-2.2060347,-1.1513487,-2.446188
SIB-1757,CC1=NC(=C(C=C1)O)N=NC2=CC=CC=C2,HL60,1.8120817,0.94655746,2.1428301,2.6232102,0.62490416,2.7229068
homosalate,CC1CC(CC(C1)(C)C)OC(=O)C2=CC=CC=C2O,HL60,2.523978,2.9829636,3.041514,3.0396426,0.18398774,3.3717825
SB-525334,CC1=NC(=CC=C1)C2=C(N=C(N2)C(C)(C)C)C3=CC4=NC=CN=C4C=C3,HL60,2.7733626,3.306176,2.992298,2.6998916,1.3520925,3.5163553
embelin,CCCCCCCCCCCC1=C(C(=O)C=C(C1=O)O)O,HL60,-0.36057907,-1.4692659,-0.09324761,1.7968425,-3.9297476,1.8925234
SKF-96365,COC1=CC=C(C=C1)CCCOC(CN2C=CN=C2)C3=CC=C(C=C3)OC.Cl,HL60,4.478793,4.133657,4.761508,4.6415725,3.6791496,5.1780796
ouabain,CC1C(C(C(C(O1)OC2CC(C3(C4C(CCC3(C2)O)C5(CCC(C5(CC4O)C)C6=CC(=O)OC6)O)CO)O)O)O)O,HL60,1.462041,-0.20678255,2.36467,2.0557373,0.034018636,3.0625615
taurine,C(CS(=O)(=O)O)N,HL60,3.6291518,3.876229,4.0911818,3.1254566,3.159534,3.893358
anastrozole,CC(C)(C#N)C1=CC(=CC(=C1)CN2C=NC=N2)C(C)(C)C#N,HL60,3.1823275,2.1441402,3.4484627,3.721377,2.4936733,4.103984
isoetharine,CCC(C(C1=CC(=C(C=C1)O)O)O)NC(C)C,HL60,0.8223697,0.23147929,1.806273,2.2205434,-2.5550165,2.4085693
thiostrepton,CCC(C)C1C(=O)NC(C(=O)NC(=C)C(=O)NC(C(=O)NC23CCC(=NC2C4=CSC(=N4)C(C(OC(=O)C5=NC6=C(C=CC(C6O)N1)C(=C5)C(C)O)C)NC(=O)C7=CSC(=N7)C(NC(=O)C8CSC(=N8)C(=CC)NC(=O)C(NC(=O)C9=CSC3=N9)C(C)O)C(C)(C(C)O)O)C1=NC(=CS1)C(=O)NC(=C)C(=O)NC(=C)C(=O)N)C)C,HL60,1.1832414,-0.86328954,2.03036,1.8276129,0.40552482,2.5159988
GSK256066,CC1=CC(=CC2=C(C(=CN=C12)C(=O)N)NC3=CC(=CC=C3)OC)S(=O)(=O)C4=CC=CC(=C4)C(=O)N(C)C,HL60,2.5620408,2.0353544,3.2218573,2.9454272,1.2758491,3.3317153
radezolid,CC(=O)NCC1CN(C(=O)O1)C2=CC(=C(C=C2)C3=CC=C(C=C3)CNCC4=NNN=C4)F,HL60,4.180042,3.9928958,4.6155634,4.465553,2.967626,4.85857
BMS-707035,CN1C(=O)C(=C(N=C1N2CCCCS2(=O)=O)C(=O)NCC3=CC=C(C=C3)F)O,HL60,4.01767,4.458295,5.2027354,5.1576986,-0.29594934,5.5655704
AT-7519,C1CNCCC1NC(=O)C2=C(C=NN2)NC(=O)C3=C(C=CC=C3Cl)Cl,HL60,0.50569844,-1.8980794,2.1538928,2.431112,-2.7808695,2.6224363
AT-9283,C1CC1NC(=O)NC2=C(NN=C2)C3=NC4=C(N3)C=C(C=C4)CN5CCOCC5,HL60,2.4907253,2.8129988,2.9631217,2.735741,0.7932148,3.1485515
R547,COC1=C(C(=C(C=C1)F)F)C(=O)C2=CN=C(N=C2N)NC3CCN(CC3)S(=O)(=O)C,HL60,2.0695882,3.221193,2.5090423,2.473868,-0.6118916,2.7557285
tacedinaline,CC(=O)NC1=CC=C(C=C1)C(=O)NC2=CC=CC=C2N,HL60,4.3137827,4.134925,4.6053815,4.6356063,3.3140364,4.8789644
sobetirome,CC1=CC(=CC(=C1CC2=CC(=C(C=C2)O)C(C)C)C)OCC(=O)O,HL60,0.78462005,0.810245,1.9547656,2.1838706,-3.28724,2.261459
CX-4945,C1=CC(=CC(=C1)Cl)NC2=NC3=C(C=CC(=C3)C(=O)O)C4=C2C=CN=C4,HL60,3.5731704,3.3995173,4.157366,4.003128,1.7905744,4.5152674
semaxanib,CC1=CC(=C(N1)C=C2C3=CC=CC=C3NC2=O)C,HL60,2.0139194,0.94792193,2.0644698,3.1254566,0.4191911,3.5125577
AVN-944,CCC(CC#N)OC(=O)NC(C)C1=CC(=CC=C1)NC(=O)NC2=CC(=C(C=C2)C3=CN=CO3)OC,HL60,2.1498892,1.1505774,2.48073,2.6281216,1.5308146,2.9592023
SB-242235,COC1=NC=CC(=N1)C2=C(N=CN2C3CCNCC3)C4=CC=C(C=C4)F,HL60,4.401764,2.8136952,5.287587,5.1248813,2.8159986,5.9666567
forskolin,CC(=O)OC1C(C2C(CCC(C2(C3(C1(OC(CC3=O)(C)C=C)C)O)C)O)(C)C)O,HL60,-0.30777124,0.5245787,1.4813675,-1.1108154,-4.25865,1.824663
AST-1306,C=CC(=O)NC1=CC2=C(C=C1)N=CN=C2NC3=CC(=C(C=C3)OCC4=CC(=CC=C4)F)Cl,HL60,3.1590428,2.4401188,3.546356,3.3208916,2.8863091,3.6015384
fdcyd,C1C(C(OC1N2C=C(C(=NC2=O)N)F)CO)O,HL60,5.2182736,5.2362704,6.1598597,5.3665357,3.4368253,5.891878
odanacatib,CC(C)(CC(C(=O)NC1(CC1)C#N)NC(C2=CC=C(C=C2)C3=CC=C(C=C3)S(=O)(=O)C)C(F)(F)F)F,HL60,2.5703247,1.2246428,3.1454089,3.0315204,2.0935328,3.356519
bardoxolone,CC1(CCC2(CCC3(C(C2C1)C(=O)C=C4C3(CCC5C4(C=C(C(=O)C5(C)C)C#N)C)C)C)C(=O)O)C,HL60,0.73846155,-0.54046243,2.087517,1.6538365,-2.0342603,2.525677
serdemetan,C1=CC=C2C(=C1)C(=CN2)CCNC3=CC=C(C=C3)NC4=CC=NC=C4,HL60,2.9933524,2.6994565,3.4484627,3.169066,2.105011,3.5447652
telotristat-ethyl,CCOC(=O)C(CC1=CC=C(C=C1)C2=CC(=NC(=N2)N)OC(C3=C(C=C(C=C3)Cl)N4C=CC(=N4)C)C(F)(F)F)N,HL60,2.4672267,1.1119883,3.0433366,3.1367629,1.5865523,3.4574935
CUDC-101,COC1=C(C=C2C(=C1)N=CN=C2NC3=CC=CC(=C3)C#C)OCCCCCCC(=O)NO,HL60,2.9963028,3.0456557,3.0980184,3.1367629,2.1241405,3.5769367
resminostat,CN(C)CC1=CC=C(C=C1)S(=O)(=O)N2C=CC(=C2)C=CC(=O)NO,HL60,4.0043764,3.1041682,4.683445,4.382018,2.9834828,4.8687673
hypericin,CC1=CC(=O)C2=C(C3=C(C=C(C4=C3C5=C2C1=C6C(=CC(=O)C7=C(C8=C(C=C(C4=C8C5=C67)O)O)O)C)O)O)O,HL60,-1.5089866,-1.5057685,-1.0600481,-1.3056958,-3.4682827,-0.20513782
acivicin,C1C(ON=C1Cl)C(C(=O)O)N,HL60,0.3978715,-3.5357955,1.406395,1.8575288,0.44724292,1.8139862
MK-2206,C1CC(C1)(C2=CC=C(C=C2)C3=C(C=C4C(=N3)C=CN5C4=NNC5=O)C6=CC=CC=C6)N,HL60,2.47164,2.8053362,2.8135943,2.5116136,1.1708348,3.0568216
cyt387,C1COCCN1C2=CC=C(C=C2)NC3=NC=CC(=N3)C4=CC=C(C=C4)C(=O)NCC#N,HL60,3.7074227,3.1278517,4.741144,4.578922,1.3003047,4.7888904
MRS-1220,C1=CC=C(C=C1)CC(=O)NC2=NC3=C(C=C(C=C3)Cl)C4=NC(=NN42)C5=CC=CO5,HL60,1.7284139,1.878612,2.1474397,2.2469678,-0.17888713,2.5479372
bucladesine,CCCC(=O)NC1=C2C(=NC=N1)N(C=N2)C3C(C4C(O3)COP(=O)(O4)O)OC(=O)CCC,HL60,-2.0840073,-1.4292419,-2.7127512,-2.3604577,-1.7192174,-2.1983683
zolantidine,C1CCN(CC1)CC2=CC(=CC=C2)OCCCNC3=NC4=CC=CC=C4S3,HL60,3.5176406,2.5426319,4.1862154,4.0836797,2.5782185,4.1974573
AM-404,CCCCCC=CCC=CCC=CCC=CCCCC(=O)NC1=CC=C(C=C1)O,HL60,3.2332034,2.7482169,3.3922644,3.3741918,2.4878764,4.1634674
CGP-54626,CC(C1=CC(=C(C=C1)Cl)Cl)NCC(CP(=O)(CC2CCCCC2)O)O.Cl,HL60,1.6081387,2.2786195,1.8379838,2.3683543,-0.88090074,2.4366367
AT7867,C1CNCCC1(C2=CC=C(C=C2)C3=CNN=C3)C4=CC=C(C=C4)Cl,HL60,4.412611,5.1190214,4.669869,4.328317,3.1790504,4.766796
SCS,C1=CC=C(C(=C1)C=NNC(=O)C2=CC=CC=C2O)O,HL60,1.3921562,0.21230458,1.596531,2.0388744,0.7838642,2.3292072
clobutinol,CC(CN(C)C)C(C)(CC1=CC=C(C=C1)Cl)O,HL60,0.49283665,-0.7949992,0.20507315,1.4757544,-0.3352399,1.9135948
dimethisoquin,CCCCC1=CC2=CC=CC=C2C(=N1)OCCN(C)C,HL60,3.3376827,3.033117,3.5880516,3.577356,2.5368867,3.9530025
nitarsone,C1=CC(=CC=C1[N+](=O)[O-])[As](=O)(O)O,HL60,1.4419638,1.1265395,2.096736,2.1822007,-0.25387174,2.0582144
lomefloxacin,CCN1C=C(C(=O)C2=CC(=C(C(=C21)F)N3CCNC(C3)C)F)C(=O)O,HL60,0.9219557,1.1745408,2.4396257,2.2585285,-3.692778,2.4298618
eprinomectin,CC1C=CC=C2COC3C2(C(C=C(C3O)C)C(=O)OC4CC(CC=C(C1OC5CC(C(C(O5)C)OC6CC(C(C(O6)C)NC(=O)C)OC)OC)C)OC7(C4)C=CC(C(O7)C(C)C)C)O,HL60,-3.1732137,-4.125368,-2.7889893,-2.7481968,-3.7521276,-2.4513872
defactinib,CNC(=O)C1=CC=C(C=C1)NC2=NC=C(C(=N2)NCC3=NC=CN=C3N(C)S(=O)(=O)C)C(F)(F)F,HL60,1.4113276,1.2261279,1.789485,1.5285252,0.36524537,2.1472547
NMS-1286937,CN1CCN(CC1)C2=CC(=C(C=C2)OC(F)(F)F)NC3=NC=C4CCC5=C(C4=N3)N(N=C5C(=O)N)CCO,HL60,1.1404636,1.2684717,2.2165663,2.3592708,-2.6715393,2.5295484
mubritinib,C1=CC(=CC=C1CCCCN2C=CN=N2)OCC3=COC(=N3)C=CC4=CC=C(C=C4)C(F)(F)F,HL60,4.533807,4.6256866,4.9855156,4.713174,3.210764,5.133892
refametinib,COC1=CC(=C(C(=C1NS(=O)(=O)C2(CC2)CC(CO)O)NC3=C(C=C(C=C3)I)F)F)F,HL60,-0.24645405,-1.8734891,1.2842369,1.4705173,-3.3303967,1.2168612
cromakalim,CC1(C(C(C2=C(O1)C=CC(=C2)C#N)N3CCCC3=O)O)C,HL60,1.053393,1.7306867,2.0746105,1.3563639,-1.8141617,1.9194655
sangivamycin,C1=C(C2=C(N=CN=C2N1C3C(C(C(O3)CO)O)O)N)C(=O)N,HL60,-0.67459345,-1.3409424,-0.6599084,1.4897202,-4.2192936,1.3574568
hypoestoxide,CC(=O)OC1CC2(C(O2)CCC3(C(O3)CC4CC(=O)C(=C)C1C4(C)C)C)C,HL60,-1.553853,-0.9466155,-0.80638546,-1.1606296,-4.2642717,-0.5913631
GDC-0980,CC1=C(SC2=C1N=C(N=C2N3CCOCC3)C4=CN=C(N=C4)N)CN5CCN(CC5)C(=O)C(C)O,HL60,-1.8824126,-2.4270303,-2.187197,-2.196261,-0.429201,-2.172373
VTP-27999,CNC(CC1CCCOC1)CNC(=O)N2CCCC(C2)C(C3=CC(=CC=C3)Cl)OCCNC(=O)OC,HL60,3.4877808,3.1306381,3.9560065,3.9121354,2.251162,4.18896
PFK-015,C1=CC=C2C(=C1)C=CC(=N2)C=CC(=O)C3=CC=NC=C3,HL60,2.9057925,2.7405546,2.9667687,2.541154,2.902979,3.3775065
RU-58841,CC1(C(=O)N(C(=O)N1CCCCO)C2=CC(=C(C=C2)C#N)C(F)(F)F)C,HL60,2.3258986,2.3547037,2.289705,2.5263836,1.7589616,2.699739
fexinidazole,CN1C(=CN=C1COC2=CC=C(C=C2)SC)[N+](=O)[O-],HL60,4.350282,4.243983,4.832783,4.6236725,3.1278205,4.923152
KP-1212,C1C(C(OC1N2CN=C(NC2=O)N)CO)O,HL60,3.6435504,3.9979684,4.5918055,4.1761646,0.74790037,4.7039137
alpelisib,CC1=C(SC(=N1)NC(=O)N2CCCC2C(=O)N)C3=CC(=NC=C3)C(C)(C)C(F)(F)F,HL60,2.1238701,2.4149966,2.5418923,2.4673035,0.046606004,3.1485515
imiloxan,CCN1C=CN=C1CC2COC3=CC=CC=C3O2,HL60,2.9297335,1.0419633,3.8599782,4.2537327,1.1204855,4.372508
sonidegib,CC1CN(CC(O1)C)C2=NC=C(C=C2)NC(=O)C3=CC=CC(=C3C)C4=CC=C(C=C4)OC(F)(F)F,HL60,1.9220288,1.5496855,2.848241,2.7585542,-0.70252025,3.1561832
latrepirdine,CC1=CC2=C(C=C1)N(C3=C2CN(CC3)C)CCC4=CN=C(C=C4)C,HL60,1.9136384,2.9293272,2.3134744,2.2188919,-0.53528845,2.6417859
3-amino-benzamide,C1=CC(=CC(=C1)N)C(=O)N,HL60,2.8122551,2.8178747,3.2979965,3.1739116,1.2931118,3.47838
epothilone-d,CC1CCCC(=CCC(OC(=O)CC(C(C(=O)C(C1O)C)(C)C)O)C(=CC2=CSC(=N2)C)C)C,HL60,0.5912615,0.6199531,1.5532926,1.469208,-2.5406313,1.8544852
golvatinib,CN1CCN(CC1)C2CCN(CC2)C(=O)NC3=NC=CC(=C3)OC4=CC(=C(C=C4)NC(=O)C5(CC5)C(=O)NC6=CC=C(C=C6)F)F,HL60,1.3795782,-1.5296683,2.6285086,2.3708317,0.7284799,2.699739
AVL-292,COCCOC1=CC=C(C=C1)NC2=NC=C(C(=N2)NC3=CC(=CC=C3)NC(=O)C=C)F,HL60,1.6582237,0.51325893,2.183389,2.0860884,0.91980743,2.5885746
mocetinostat,C1=CC=C(C(=C1)N)NC(=O)C2=CC=C(C=C2)CNC3=NC=CC(=N3)C4=CN=CC=C4,HL60,2.0260518,3.1055615,2.957651,2.8268461,-1.8414942,3.081694
k-strophanthidin,CC12CCC3C(C1(CCC2C4=CC(=O)OC4)O)CCC5(C3(CCC(C5)O)C=O)O,HL60,-1.0940115,-3.8523962,-0.65731907,0.012466237,-2.9952135,2.0224047
JNJ-26481585,CN1C=C(C2=CC=CC=C21)CNCC3CCN(CC3)C4=NC=C(C=N4)C(=O)NO,HL60,4.521762,4.7524986,5.0126686,4.6117387,3.223775,5.008128
MLN-8054,C1C2=CN=C(N=C2C3=C(C=C(C=C3)Cl)C(=N1)C4=C(C=CC=C4F)F)NC5=CC=C(C=C5)C(=O)O,HL60,-0.39951405,-0.74357873,-0.24895586,-0.5818903,-0.50881016,0.08566478
NVP-BEZ235,CC(C)(C#N)C1=CC=C(C=C1)N2C3=C4C=C(C=CC4=NC=C3N(C2=O)C)C5=CC6=CC=CC=C6N=C5,HL60,-1.1820841,-1.7590086,-1.750028,-1.4723579,0.22318831,-1.1522144
MLN0128,CC(C)N1C2=NC=NC(=C2C(=N1)C3=CC4=C(C=C3)OC(=N4)N)N,HL60,2.0861514,2.4602165,2.2183964,1.8489815,1.4326514,2.4705107
obatoclax,CC1=CC(=C(N1)C=C2C(=CC(=C3C=C4C=CC=CC4=N3)N2)OC)C,HL60,4.782551,4.3796716,5.168795,4.85041,3.7783566,5.7355223
BMS-599626,CC1=C2C(=NC=NN2C=C1NC(=O)OCC3COCCN3)NC4=CC5=C(C=C4)N(N=C5)CC6=CC(=CC=C6)F,HL60,-0.8290623,-0.729783,-1.3702202,-1.1203932,0.4551549,-1.3800696
PF-03814735,CC(=O)NCC(=O)N1C2CCC1C3=C2C=CC(=C3)NC4=NC=C(C(=N4)NC5CCC5)C(F)(F)F,HL60,4.0468307,2.8248405,5.0839434,4.4536195,2.9655933,4.906157
narlaprevir,CCCCC(C(=O)C(=O)NC1CC1)NC(=O)C2C3C(C3(C)C)CN2C(=O)C(C(C)(C)C)NC(=O)NC4(CCCCC4)CS(=O)(=O)C(C)(C)C,HL60,-2.752088,-3.2973526,-2.550543,-2.1630309,-3.5424805,-2.2070332
Y-39983,CC(C1=CC=C(C=C1)C(=O)NC2=C3C=CNC3=NC=C2)N.Cl,HL60,4.0382166,3.8255043,4.308401,4.310417,3.297773,4.448986
volasertib,CCC1C(=O)N(C2=CN=C(N=C2N1C(C)C)NC3=C(C=C(C=C3)C(=O)NC4CCC(CC4)N5CCN(CC5)CC6CC6)OC)C,HL60,0.030745476,-0.3752063,-0.00062708557,0.33262998,-0.19992596,0.39685676
AZD5438,CC1=NC=C(N1C(C)C)C2=NC(=NC=C2)NC3=CC=C(C=C3)S(=O)(=O)C,HL60,1.9694983,1.6723568,2.1308455,2.5083315,1.1593264,2.376631
AP26113,CN(C)C1CCN(CC1)C2=CC(=C(C=C2)NC3=NC=C(C(=N3)NC4=CC=CC=C4P(=O)(C)C)Cl)OC,HL60,1.0517505,0.24982028,2.6029797,2.500126,-2.9261632,2.83199
PHA-848125,CC1(CC2=CN=C(N=C2C3=C1C(=NN3C)C(=O)NC)NC4=CC=C(C=C4)N5CCN(CC5)C)C,HL60,-1.1610174,-2.685538,-0.9377006,-0.34377068,-1.2459335,-0.59214413
picolinic-acid,C1=CC=NC(=C1)C(=O)O,HL60,4.4079704,4.417715,4.625746,4.546105,3.2993994,5.1508875
GDC-0152,CC(C(=O)NC(C1CCCCC1)C(=O)N2CCCC2C(=O)NC3=C(N=NS3)C4=CC=CC=C4)NC,HL60,3.2231889,3.0763052,3.316125,3.4178016,2.562719,3.7429929
navitoclax,CC1(CCC(=C(C1)CN2CCN(CC2)C3=CC=C(C=C3)C(=O)NS(=O)(=O)C4=CC(=C(C=C4)NC(CCN5CCOCC5)CSC6=CC=CC=C6)S(=O)(=O)C(F)(F)F)C7=CC=C(C=C7)Cl)C,HL60,1.2847599,-0.37949032,2.1197832,1.7335916,0.76588225,2.1840327
12-O-tetradecanoylphorbol-13-acetate,CCCCCCCCCCCCCC(=O)OC1C(C2(C(C=C(CC3(C2C=C(C3=O)C)O)CO)C4C1(C4(C)C)OC(=O)C)O)C,HL60,-3.0552008,-2.132006,-2.964073,-3.2798305,-4.2530274,-2.6470673
adarotene,C1C2CC3CC1CC(C2)(C3)C4=C(C=CC(=C4)C5=CC=C(C=C5)C=CC(=O)O)O,HL60,4.420199,3.684069,5.4335318,4.504337,3.3587608,5.120296
XL888,CCC(C)NC1=C(C=C(C(=C1)C(=O)NC2CC3CCC(C2)N3C4=NC=C(C=C4)C(=O)C5CC5)C)C(=O)N,HL60,2.2665696,1.5925412,2.7607126,2.776479,1.1118542,3.0912602
ENMD-2076,CC1=CC(=NN1)NC2=CC(=NC(=N2)C=CC3=CC=CC=C3)N4CCN(CC4)C,HL60,2.1073773,2.2270596,2.01561,2.094498,1.4700538,2.7296646
SGI-1776,CN1CCC(CC1)CNC2=NN3C(=NC=C3C4=CC(=CC=C4)OC(F)(F)F)C=C2,HL60,3.3618894,4.4633675,3.4684038,3.2239816,1.952175,3.7015176
RG2833,CC1=CC=C(C=C1)C(=O)NCCCCCC(=O)NC2=CC=CC=C2N,HL60,4.374189,4.046157,4.7343554,4.602789,3.5644927,4.923152
PF-04691502,CC1=C2C=C(C(=O)N(C2=NC(=N1)N)C3CCC(CC3)OCCO)C4=CN=C(C=C4)OC,HL60,1.7047571,2.218658,1.9381716,1.8224845,0.12428784,2.4201834
CYC116,CC1=C(SC(=N1)N)C2=NC(=NC=C2)NC3=CC=C(C=C3)N4CCOCC4,HL60,1.9878975,1.4854867,2.3856971,2.554283,0.8191087,2.6949122
ADL5859,CCN(CC)C(=O)C1=CC=C(C=C1)C2=CC3(CCNCC3)OC4=CC=CC(=C42)O,HL60,4.053289,3.583328,4.5714407,4.3432345,2.6651406,5.103301
mericitabine,CC(C)C(=O)OCC1C(C(C(O1)N2C=CC(=NC2=O)N)(C)F)OC(=O)C(C)C,HL60,3.9665031,3.8369174,4.7513256,4.2984834,2.2044854,4.7413034
KX2-391,C1COCCN1CCOC2=CC=C(C=C2)C3=CN=C(C=C3)CC(=O)NCC4=CC=CC=C4,HL60,3.0250468,3.3465774,3.3124993,3.385498,1.6269622,3.453696
SNS-314,C1=CC(=CC(=C1)Cl)NC(=O)NC2=NC=C(S2)CCNC3=NC=NC4=C3SC=C4,HL60,1.4840094,1.8123882,2.7990062,2.5263836,-2.7420282,3.0242965
barasertib-HQPA,CCN(CCCOC1=CC2=C(C=C1)C(=NC=N2)NC3=NNC(=C3)CC(=O)NC4=CC(=CC=C4)F)CCO,HL60,1.7941325,1.0045383,2.6002443,2.5854642,0.040132523,2.7402833
AZD9668,CC1=C(C=C(C(=O)N1C2=CC=CC(=C2)C(F)(F)F)C(=O)NCC3=NC=C(C=C3)S(=O)(=O)C)C4=CC=NN4C,HL60,3.0843377,2.803943,3.4140186,3.4274924,2.0634012,3.712834
filanesib,CN(C(=O)N1C(SC(=N1)C2=C(C=CC(=C2)F)F)(CCCN)C3=CC=CC=C3)OC,HL60,4.653472,3.7861931,5.552324,4.880244,2.976571,6.0720267
AZD8055,CC1COCCN1C2=NC(=NC3=C2C=CC(=N3)C4=CC(=C(C=C4)OC)CO)N5CCOCC5C,HL60,2.2822366,0.98561746,3.292558,3.0006568,0.7529353,3.3794143
PF-477736,CN1C=C(C=N1)C2=C3C=NNC(=O)C4=C3C(=CC(=C4)NC(=O)C(C5CCCCC5)N)N2,HL60,1.2169888,0.25565606,1.7876196,1.7019664,0.30374724,2.0359542
FG-4592,CC1=C2C=C(C=CC2=C(C(=N1)C(=O)NCC(=O)O)O)OC3=CC=CC=C3,HL60,3.9786515,3.0735185,4.62914,4.28655,3.0692725,4.834777
tandutinib,CC(C)OC1=CC=C(C=C1)NC(=O)N2CCN(CC2)C3=NC=NC4=CC(=C(C=C43)OC)OCCCN5CCCCC5,HL60,3.3549466,3.6511881,3.5554206,3.3612707,2.3810523,3.8258007
peruvoside,CC1C(C(C(C(O1)OC2CCC3(C(C2)CCC4C3CCC5(C4(CCC5C6=CC(=O)OC6)O)C)C=O)O)OC)O,HL60,1.5523051,0.47699615,2.4149518,2.0860884,-0.55776584,3.3412552
GSK2110183,CN1C(=C(C=N1)Cl)C2=C(SC(=C2)C(=O)NC(CC3=CC(=CC=C3)F)CN)Cl,HL60,1.7935181,2.5047185,3.0269322,2.908066,-2.8858833,3.4137576
voreloxin,CNC1CN(CC1OC)C2=NC3=C(C=C2)C(=O)C(=CN3C4=NC=CS4)C(=O)O,HL60,2.4894204,2.9028573,2.7515953,2.7487772,0.8895978,3.1542752
tanshinone-i,CC1=C2C=CC3=C(C2=CC=C1)C(=O)C(=O)C4=C3OC=C4C,HL60,1.3228083,-0.46302336,2.2558792,2.3039453,-0.30413115,2.8213713
GW-501516,CC1=C(C=CC(=C1)SCC2=C(N=C(S2)C3=CC=C(C=C3)C(F)(F)F)C)OCC(=O)O,HL60,3.535579,2.9585836,3.9686153,3.9822447,2.4809198,4.287532
asymmetrical-dimethylarginine,CN(C)C(=NCCCC(C(=O)O)N)N,HL60,2.4709344,2.526208,3.5953028,3.4404137,-0.9049965,3.6977453
OSI-930,C1=CC=C2C(=C1)C(=CC=N2)CNC3=C(SC=C3)C(=O)NC4=CC=C(C=C4)OC(F)(F)F,HL60,3.8021896,3.3563294,4.3219776,4.1105304,2.9277806,4.2943296
bardoxolone-methyl,CC1(CCC2(CCC3(C(C2C1)C(=O)C=C4C3(CCC5C4(C=C(C(=O)C5(C)C)C#N)C)C)C)C(=O)OC)C,HL60,0.7287106,-0.5228702,2.1170173,1.6933947,-2.2025714,2.5585825
exatecan-mesylate,CCC1(C2=C(COC1=O)C(=O)N3CC4=C5C(CCC6=C5C(=CC(=C6C)F)N=C4C3=C2)N)O,HL60,1.6975492,-0.59323937,2.793536,2.5756176,0.47169828,3.2401335
barasertib,CCN(CCCOC1=CC2=C(C=C1)C(=NC=N2)NC3=NNC(=C3)CC(=O)NC4=CC(=CC=C4)F)CCOP(=O)(O)O,HL60,1.6863886,0.7662509,2.2979329,2.3031194,0.6299391,2.4347007
pevonedistat,C1CC2=CC=CC=C2C1NC3=C4C=CN(C4=NC=N3)C5CC(C(C5)O)COS(=O)(=O)N,HL60,-0.31060475,-1.1467543,0.7164618,0.016422853,-2.6298213,1.4906671
epothilone-b,CC1CCCC2(C(O2)CC(OC(=O)CC(C(C(=O)C(C1O)C)(C)C)O)C(=CC3=CSC(=N3)C)C)C,HL60,0.378751,0.6085575,1.4629091,0.753482,-2.3234096,1.3922158
AT13387,CC(C)C1=CC(=C(C=C1O)O)C(=O)N2CC3=C(C2)C=C(C=C3)CN4CCN(CC4)C,HL60,2.222384,0.66777736,3.0196416,3.198139,0.5342753,3.6920874
CGS-20625,COC1=CC=C(C=C1)N2C(=O)C3=CN=C4CCCCCC4=C3N2,HL60,4.429695,3.86228,5.036427,4.5908556,3.3652663,5.2936473
ZK-93426,CCOC(=O)C1=NC=C2C(=C1C)C3=C(N2)C=CC=C3OC(C)C,HL60,0.50598794,-0.45323807,0.7326647,1.406715,-0.945276,1.7890738
entinostat,C1=CC=C(C(=C1)N)NC(=O)C2=CC=C(C=C2)CNC(=O)OCC3=CN=CC=C3,HL60,0.43183535,0.17844439,1.8491758,1.8950757,-3.7549534,1.9914341
PF-04217903,C1=CC2=C(C=CC(=C2)CN3C4=NC(=CN=C4N=N3)C5=CN(N=C5)CCO)N=C1,HL60,0.98894393,1.2993937,1.7857542,1.4892839,-1.4638742,1.8341624
rucinol,CCCCC1=C(C=C(C=C1)O)O,HL60,2.396831,2.534777,2.3079894,2.8901975,1.2096758,3.0415156
HMN-214,CC(=O)N(C1=CC=CC=C1C=CC2=CC=[N+](C=C2)[O-])S(=O)(=O)C3=CC=C(C=C3)OC,HL60,-1.9743433,-2.4196079,-2.443486,-1.7911801,-1.4027358,-1.8147067
delanzomib,B(C(CC(C)C)NC(=O)C(C(C)O)NC(=O)C1=CC=CC(=N1)C2=CC=CC=C2)(O)O,HL60,-0.93650687,-2.412111,-0.27364606,1.0740024,-4.224916,1.1541369
CP-724714,CC1=NC=C(C=C1)OC2=C(C=C(C=C2)NC3=NC=NC4=C3C=C(C=C4)C=CCNC(=O)COC)C,HL60,2.605077,2.174267,3.0852592,2.960047,1.4225816,3.3832304
lonafarnib,C1CN(CCC1CC(=O)N2CCC(CC2)C3C4=C(CCC5=C3N=CC(=C5)Br)C=C(C=C4Br)Cl)C(=O)N,HL60,4.9471793,3.7497172,5.976581,5.348635,3.5311527,6.1298103
quizartinib,CC(C)(C)C1=CC(=NO1)NC(=O)NC2=CC=C(C=C2)C3=CN4C5=C(C=C(C=C5)OCCN6CCOCC6)SC4=N3,HL60,2.4493053,2.3870034,2.7898886,2.6640422,1.1463795,3.259213
isofloxythepin,CC(C)C1=CC2=C(C=C1)SC3=C(CC2N4CCN(CC4)CCO)C=CC(=C3)F,HL60,3.6443515,3.0191858,4.281249,3.883793,2.5052667,4.532263
birinapant,CCC(C(=O)N1CC(CC1CC2=C(NC3=C2C=CC(=C3)F)C4=C(C5=C(N4)C=C(C=C5)F)CC6CC(CN6C(=O)C(CC)NC(=O)C(C)NC)O)O)NC(=O)C(C)NC,HL60,-1.0311068,-2.5799913,-0.2528543,-0.6513572,-1.806969,0.13563763
AZD5363,C1CN(CCC1(C(=O)NC(CCO)C2=CC=C(C=C2)Cl)N)C3=NC=NC4=C3C=CN4,HL60,2.6875033,2.6834352,3.1964447,2.9259346,1.3305142,3.3011882
AZD4547,CC1CN(CC(N1)C)C2=CC=C(C=C2)C(=O)NC3=NNC(=C3)CCC4=CC(=CC(=C4)OC)OC,HL60,2.4968414,1.8876085,3.209167,3.3031247,0.5565729,3.5277336
teroxirone,C1C(O1)CN2C(=O)N(C(=O)N(C2=O)CC3CO3)CC4CO4,HL60,-5.036298,-7.5193725,-5.161874,-4.856978,-3.1505775,-4.492689
PF-03758309,CC1=NC2=C(C(=N1)NC3=NNC4=C3CN(C4(C)C)C(=O)NC(CN(C)C)C5=CC=CC=C5)SC=C2,HL60,1.6985538,1.6877785,2.0451102,1.7019664,0.6774113,2.3805025
LGX818,CC(C)N1C=C(C(=N1)C2=C(C(=CC(=C2)Cl)NS(=O)(=O)C)F)C3=NC(=NC=C3)NCC(C)NC(=O)OC,HL60,3.5128198,2.7642384,3.9970613,3.7357264,2.750649,4.316424
linifanib,CC1=CC(=C(C=C1)F)NC(=O)NC2=CC=C(C=C2)C3=C4C(=CC=C3)NN=C4N,HL60,2.5635796,2.0603724,2.8172414,2.6770785,2.0535998,3.209606
BVD-523,CC(C)NC1=NC=C(C(=C1)C2=CNC(=C2)C(=O)NC(CO)C3=CC(=CC=C3)Cl)Cl,HL60,1.547254,0.6855707,1.9602969,1.9146594,0.8097581,2.3659847
BMS-754807,CC1(CCCN1C2=NN3C=CC=C3C(=N2)NC4=NNC(=C4)C5CC5)C(=O)NC6=CN=C(C=C6)F,HL60,1.0029165,-0.16152948,1.4489968,1.358991,0.4256646,1.9424595
vatalanib,C1=CC=C2C(=C1)C(=NN=C2NC3=CC=C(C=C3)Cl)CC4=CC=NC=C4,HL60,2.7833407,2.8116057,3.0579185,3.013652,1.7437873,3.2897403
GW-842166,C1COCCC1CNC(=O)C2=CN=C(N=C2C(F)(F)F)NC3=C(C=C(C=C3)Cl)Cl,HL60,1.28898,1.551352,1.7988117,1.8865613,-0.78325903,1.9914341
KD-023,CCCCCCCCCCCCCCOC1=CC=C(O1)C(=O)O,HL60,3.1416595,2.3625991,3.7276406,3.8718598,1.4297743,4.316424
KD025,CC(C)NC(=O)COC1=CC=CC(=C1)C2=NC3=CC=CC=C3C(=N2)NC4=CC5=C(C=C4)NN=C5,HL60,1.6979065,2.4537566,1.8874152,1.8669311,-0.030356646,2.3117862
TAK-733,CN1C2=C(C(=C(C1=O)F)NC3=C(C=C(C=C3)I)F)C(=O)N(C=N2)CC(CO)O,HL60,-3.4954517,-5.635672,-2.6916645,-2.421054,-4.267083,-2.461785
WP1066,CC(C1=CC=CC=C1)NC(=O)C(=CC2=NC(=CC=C2)Br)C#N,HL60,2.2580533,2.2464194,2.8865345,2.948676,-0.042943895,3.251581
SB-939,CCCCC1=NC2=C(N1CCN(CC)CC)C=CC(=C2)C=CC(=O)NO,HL60,2.959013,2.1639798,3.617057,3.7101998,1.3564081,3.94742
MK-5108,C1CC(CCC1OC2=C(C(=CC=C2)Cl)F)(CC3=NC(=CC=C3)NC4=NC=CS4)C(=O)O,HL60,3.9010792,3.6922371,4.7004147,4.1284304,2.2634053,4.720909
YM-155,CC1=[N+](C2=C(N1CCOC)C(=O)C3=CC=CC=C3C2=O)CC4=NC=CN=C4.[Br-],HL60,-3.7018578,-5.437828,-3.450413,-2.7692325,-4.267083,-2.5847318
zaldaride,CC1(C2=CC=CN2C3=CC=CC=C3CO1)CN4CCC(CC4)N5C6=CC=CC=C6NC5=O,HL60,-2.4146712,-1.5404885,-2.7711463,-2.7405477,-2.9146547,-2.106519
LY2784544,CC1=CC(=NN1)NC2=NN3C(=C(N=C3C(=C2)CN4CCOCC4)C)CC5=C(C=C(C=C5)Cl)F,HL60,1.3625839,2.6666374,1.9040617,2.0150962,-2.0788555,2.3059793
FK-866,C1CN(CCC1CCCCNC(=O)C=CC2=CN=CC=C2)C(=O)C3=CC=CC=C3,HL60,2.4413557,2.6694443,3.0943725,3.2530544,-0.24290276,3.4328096
alvocidib,CN1CCC(C(C1)O)C2=C(C=C(C3=C2OC(=CC3=O)C4=CC=CC=C4Cl)O)O,HL60,1.2539403,1.2479385,1.5761836,1.7053851,-0.6199833,2.3601778
uprosertib,CN1C(=C(C=N1)Cl)C2=C(OC(=C2)C(=O)NC(CC3=CC(=C(C=C3)F)F)CN)Cl,HL60,2.1996636,3.1250656,2.411295,2.315506,0.38106948,2.765382
crenolanib,CC1(COC1)COC2=CC3=C(C=C2)N(C=N3)C4=NC5=C(C=CC=C5N6CCC(CC6)N)C=C4,HL60,1.3249028,1.41674,1.533454,1.4844831,0.07645595,2.1133807
marimastat,CC(C)CC(C(C(=O)NO)O)C(=O)NC(C(=O)NC)C(C)(C)C,HL60,2.1583343,0.6314213,2.586568,2.424506,2.1784692,2.9707077
bitopertin,CC(C(F)(F)F)OC1=C(C=C(C=C1)S(=O)(=O)C)C(=O)N2CCN(CC2)C3=C(C=C(C=N3)C(F)(F)F)F,HL60,3.8204715,3.7925334,4.152275,4.1105304,2.5283525,4.5186663
warfarin,CC(=O)CC(C1=CC=CC=C1)C2=C(C3=CC=CC=C3OC2=O)O,HL60,1.8373522,-0.3193103,2.4661162,2.7504067,0.6615872,3.627961
halofuginone,C1CC(C(NC1)CC(=O)CN2C=NC3=CC(=C(C=C3C2=O)Cl)Br)O,HL60,-1.3069576,-0.56752753,-1.3711238,-0.31452033,-3.222505,-1.0591115
brilliant-green,CCN(CC)C1=CC=C(C=C1)C(=C2C=CC(=[N+](CC)CC)C=C2)C3=CC=CC=C3,HL60,3.6902924,1.9399335,4.574835,4.6594734,2.0889416,5.1882772
chlorpyrifos,CCOP(=S)(OCC)OC1=NC(=C(C=C1Cl)Cl)Cl,HL60,2.5128846,0.46397322,3.0816138,3.5194848,2.1218448,3.3775065
carvedilol,COC1=CC=CC=C1OCCNCC(COC2=CC=CC3=C2C4=CC=CC=C4N3)O,HL60,0.41883078,-0.33519095,-0.43881017,1.2232622,-0.20909679,1.8539895
estradiol,CC12CCC3C(C1CCC2O)CCC4=C3C=CC(=C4)O,HL60,6.1197863,4.9721746,7.3443866,6.043764,5.010906,7.2276998
7-aminocephalosporanic-acid,CC(=O)OCC1=C(N2C(C(C2=O)N)SC1)C(=O)O,HL60,1.6387918,0.45525664,3.8599782,3.0607595,-3.0959125,3.9138777
digoxin,CC1C(C(CC(O1)OC2C(OC(CC2O)OC3C(OC(CC3O)OC4CCC5(C(C4)CCC6C5CC(C7(C6(CCC7C8=CC(=O)OC8)O)C)O)C)C)C)O)O,HL60,1.1020393,1.0683213,2.2659357,1.8583835,-2.5607705,2.8783262
taltirelin,CN1C(=O)CC(NC1=O)C(=O)NC(CC2=CN=CN2)C(=O)N3CCCC3C(=O)N,HL60,3.3116677,3.6935985,3.3686974,3.4678714,2.2738862,3.7542849
spironolactone,CC(=O)SC1CC2=CC(=O)CCC2(C3C1C4CCC5(C4(CC3)C)CCC(=O)O5)C,HL60,1.2508796,-0.6968351,2.7862418,2.6493764,-1.8199161,3.3355315
ibutilide,CCCCCCCN(CC)CCCC(C1=CC=C(C=C1)NS(=O)(=O)C)O,HL60,2.4666126,0.79647803,3.0105278,2.9421785,2.0201895,3.5636897
dronedarone,CCCCC1=C(C2=C(O1)C=CC(=C2)NS(=O)(=O)C)C(=O)C3=CC=C(C=C3)OCCCN(CCCC)CCCC,HL60,1.7521785,-0.09838247,2.7625363,2.3303695,0.7133751,3.0529952
mibefradil,CC(C)C1C2=C(CCC1(CCN(C)CCCC3=NC4=CC=CC=C4N3)OC(=O)COC)C=C(C=C2)F,HL60,0.9056531,0.6459776,1.0451244,1.073102,-0.17888713,1.9429487
baicalin,C1=CC=C(C=C1)C2=CC(=O)C3=C(C(=C(C=C3O2)OC4C(C(C(C(O4)C(=O)O)O)O)O)O)O,HL60,1.0120718,-0.40947884,1.7763642,1.6830858,-0.4281839,2.4385722
trovafloxacin,C1C2C(C2N)CN1C3=C(C=C4C(=O)C(=CN(C4=N3)C5=C(C=C(C=C5)F)F)C(=O)O)F,HL60,0.5615333,-1.9386446,1.3536489,1.607095,0.009203672,1.7763635
ramatroban,C1CC2=C(CC1NS(=O)(=O)C3=CC=C(C=C3)F)C4=CC=CC=C4N2CCC(=O)O,HL60,2.4427814,1.1417191,3.5989287,3.2029846,0.45011997,3.820155
5-fluorouracil,C1=C(C(=O)NC(=O)N1)F,HL60,3.1177354,2.5054362,3.6551268,3.6030288,1.9223996,3.9026852
theophylline,CN1C2=C(C(=O)N(C1=O)C)NC=N2,HL60,-4.6134157,-7.8481846,-3.94462,-3.8248503,-4.25865,-3.1907737
fluorometholone,CC1CC2C3CCC(C3(CC(C2(C4(C1=CC(=O)C=C4)C)F)O)C)(C(=O)C)O,HL60,1.776171,-1.4670537,2.840947,2.7732198,1.2211841,3.5125577
norethindrone-acetate,CC(=O)OC1(CCC2C1(CCC3C2CCC4=CC(=O)CCC34)C)C#C,HL60,1.8022728,0.58282256,3.028755,2.745518,-0.78613615,3.4404047
nicotine,CN1CCCC1C2=CN=CC=C2,HL60,4.923736,4.1881857,6.088585,6.1631,1.9096386,6.2691708
menadione,CC1=CC(=O)C2=CC=CC=C2C1=O,HL60,2.5858905,2.5397756,2.9631217,3.1044593,1.051435,3.2706606
racecadotril,CC(=O)SCC(CC1=CC=CC=C1)C(=O)NCC(=O)OCC2=CC=CC=C2,HL60,3.2789943,3.4371324,3.9379306,3.953903,0.8838436,4.182162
torasemide,CC1=CC(=CC=C1)NC2=C(C=NC=C2)S(=O)(=O)NC(=O)NC(C)C,HL60,4.0112276,3.5123627,4.5612583,4.2596993,3.131073,4.591746
chlorpropamide,CCCNC(=O)NS(=O)(=O)C1=CC=C(C=C1)Cl,HL60,2.690743,1.8426261,3.5989287,3.343504,0.8183894,3.8502667
iodipamide,C1=C(C(=C(C(=C1I)NC(=O)CCCCC(=O)NC2=C(C=C(C(=C2I)C(=O)O)I)I)I)C(=O)O)I,HL60,-2.2282243,-2.6533375,-2.0655408,-1.6594843,-3.0628257,-1.6999317
butamben,CCCCOC(=O)C1=CC=C(C=C1)N,HL60,2.187879,0.042628825,3.305248,3.450105,0.2163552,3.9250586
terbutaline,CC(C)(C)NCC(C1=CC(=CC(=C1)O)O)O,HL60,3.4578938,2.6214674,3.745769,3.7245657,2.8761444,4.3215227
dicycloverine,CCN(CC)CCOC(=O)C1(CCCCC1)C2CCCCC2,HL60,1.8741261,1.3364236,2.5893033,2.6493764,-0.25746816,3.0529952
butylscopolamine-bromide,CCCC[N+]1(C2CC(CC1C3C2O3)OC(=O)C(CO)C4=CC=CC=C4)C,HL60,-3.7675254,-4.470899,-3.8592541,-3.1727388,-4.2305384,-3.1041963
fludarabine,C1=NC2=C(N=C(N=C2N1C3C(C(C(O3)CO)O)O)F)N,HL60,-0.38278034,-1.2727618,-0.044882074,1.7515413,-4.16026,1.812461
thonzonium,CCCCCCCCCCCCCCCC[N+](C)(C)CCN(CC1=CC=C(C=C1)OC)C2=NC=CC=N2,HL60,1.8541012,1.8445003,2.1750944,2.4360666,-0.05768907,2.8725343
amisulpride,CCN1CCCC1CNC(=O)C2=CC(=C(C=C2OC)N)S(=O)(=O)CC,HL60,2.9597573,2.955797,3.2055414,3.0947683,2.2014246,3.3412552
sarafloxacin,C1CN(CCN1)C2=C(C=C3C(=C2)N(C=C(C3=O)C(=O)O)C4=CC=C(C=C4)F)F,HL60,-1.6018652,-0.5282832,-2.1450226,-2.1024344,-1.8170389,-1.4165465
diclazuril,C1=CC(=CC=C1C(C#N)C2=C(C=C(C=C2Cl)N3C(=O)NC(=O)C=N3)Cl)Cl,HL60,2.1894927,2.3338883,2.7315366,2.9308076,-0.21449137,3.165723
thioguanine,C1=NC2=C(N1)C(=S)N=C(N2)N,HL60,3.3610997,1.5903265,3.9361176,4.4834533,2.3738067,4.421794
anagrelide,C1C2=C(C=CC(=C2Cl)Cl)N=C3N1CC(=O)N3,HL60,2.8214095,2.4738543,4.293128,4.018045,-1.0538868,4.375907
levobunolol,CC(C)(C)NCC(COC1=CC=CC2=C1CCCC2=O)O,HL60,3.7398834,3.488679,4.3389482,4.203015,1.8679881,4.800787
azithromycin,CCC1C(C(C(N(CC(CC(C(C(C(C(C(=O)O1)C)OC2CC(C(C(O2)C)O)(C)OC)C)OC3C(C(CC(O3)C)N(C)C)O)(C)O)C)C)C)O)(C)O,HL60,-1.106767,-4.2312565,0.99201965,0.37290886,-3.9859705,1.3184633
atenolol-(+/-),CC(C)NCC(COC1=CC=C(C=C1)CC(=O)N)O,HL60,2.864919,3.8990552,2.851888,3.089923,1.1291168,3.354611
loxistatin-acid,CC(C)CCNC(=O)C(CC(C)C)NC(=O)C1C(O1)C(=O)O,HL60,-1.4470721,-2.4473884,-1.1597257,-0.540966,-2.006928,-1.0803529
trimebutine,CCC(COC(=O)C1=CC(=C(C(=C1)OC)OC)OC)(C2=CC=CC=C2)N(C)C,HL60,2.7282908,2.0184052,2.8810642,3.0770004,2.1998944,3.4650886
ketoprofen,CC(C1=CC(=CC=C1)C(=O)C2=CC=CC=C2)C(=O)O,HL60,2.334765,3.4831064,3.2834938,3.3192763,-2.0098052,3.5977533
calcitriol,CC(CCCC(C)(C)O)C1CCC2C1(CCCC2=CC=C3CC(CC(C3=C)O)O)C,HL60,2.0424366,2.0566983,2.4213512,2.379089,0.29439664,3.0606482
clenbuterol,CC(C)(C)NCC(C1=CC(=C(C(=C1)Cl)N)Cl)O,HL60,2.4827456,1.2999179,2.8081238,2.891822,2.2634053,3.150459
maprotiline,CNCCCC12CCC(C3=CC=CC=C31)C4=CC=CC=C24,HL60,4.4218493,3.3242867,5.168795,5.008529,2.9468904,5.6607428
sufentanil,CCC(=O)N(C1=CC=CC=C1)C2(CCN(CC2)CCC3=CC=CS3)COC,HL60,2.7730155,3.5457985,3.586239,3.561311,-1.2840551,4.4557843
homoharringtonine,CC(C)(CCCC(CC(=O)OC)(C(=O)OC1C2C3=CC4=C(C=C3CCN5C2(CCC5)C=C1OC)OCO4)O)O,HL60,-0.75788784,-1.2705264,-1.1746609,-1.0443434,-1.2847744,0.98486555
pindolol,CC(C)NCC(COC1=CC=CC2=C1C=CN2)O,HL60,4.019515,3.8559394,4.3881617,4.247766,2.7573366,4.848373
crizotinib-(S),C[C@@H](C1=C(C=CC(=C1Cl)F)Cl)OC2=C(N=CC(=C2)C3=CN(N=C3)C4CCNCC4)N,HL60,2.0808082,2.0235636,2.3710697,2.513255,0.29799303,3.1981585
methscopolamine,C[N+]1(C2CC(CC1C3C2O3)OC(=O)C(CO)C4=CC=CC=C4)C,HL60,-3.7024658,-4.409595,-3.7483814,-3.1191928,-4.2417827,-2.9933772
sorafenib,CNC(=O)C1=NC=CC(=C1)OC2=CC=C(C=C2)NC(=O)NC3=CC(=C(C=C3)Cl)C(F)(F)F,HL60,2.5361862,0.7640723,3.2345471,3.3112004,1.8870348,3.4840763
nemonapride,CC1C(CCN1CC2=CC=CC=C2)NC(=O)C3=CC(=C(C=C3OC)NC)Cl,HL60,1.3770058,1.1419351,1.9114368,2.2453163,-0.64318,2.2295206
latanoprost,CC(C)OC(=O)CCCC=CCC1C(CC(C1CCC(CCC2=CC=CC=C2)O)O)O,HL60,2.04846,1.7784894,2.8591821,3.130302,-0.9222592,3.3965862
vandetanib,CN1CCC(CC1)COC2=C(C=C3C(=C2)N=CN=C3NC4=C(C=C(C=C4)Br)F)OC,HL60,3.3453846,3.2866719,3.455714,3.316046,3.1123705,3.5561202
bendroflumethiazide,C1=CC=C(C=C1)CC2NC3=C(C=C(C(=C3)C(F)(F)F)S(=O)(=O)N)S(=O)(=O)N2,HL60,3.1817245,3.2086546,3.4955964,3.416186,2.1998944,3.5882914
bosentan,CC(C)(C)C1=CC=C(C=C1)S(=O)(=O)NC2=C(C(=NC(=N2)C3=NC=CC=N3)OCCO)OC4=CC=CC=C4OC,HL60,3.865034,3.3131416,4.288037,4.001637,3.0847225,4.637633
midodrine,COC1=CC(=C(C=C1)OC)C(CNC(=O)CN)O,HL60,4.336806,5.088046,4.230338,4.2328486,3.5189552,4.6138396
lomitapide,C1CN(CCC1NC(=O)C2=CC=CC=C2C3=CC=C(C=C3)C(F)(F)F)CCCCC4(C5=CC=CC=C5C6=CC=CC=C64)C(=O)NCC(F)(F)F,HL60,0.8359784,-1.1776569,1.3386726,1.3725638,0.7004281,1.9458841
benfotiamine,CC1=NC=C(C(=N1)N)CN(C=O)C(=C(CCOP(=O)(O)O)SC(=O)C2=CC=CC=C2)C,HL60,-1.6116263,-0.26444376,-1.9268527,-1.6704589,-2.5938573,-1.6025188
albendazole,CCCSC1=CC2=C(C=C1)N=C(N2)NC(=O)OC,HL60,3.0961263,2.7147813,3.330628,3.3257368,2.4588919,3.6505938
trolox,CC1=C(C2=C(CCC(O2)(C)C(=O)O)C(=C1O)C)C,HL60,2.2841926,0.80491585,3.2345471,2.7536657,0.65439445,3.97344
vismodegib,CS(=O)(=O)C1=CC(=C(C=C1)C(=O)NC2=CC(=C(C=C2)Cl)C3=CC=CC=N3)Cl,HL60,4.3393755,3.925686,4.8870883,4.6236725,3.2319064,5.0285225
chromocarb,C1=CC=C2C(=C1)C(=O)C=C(O2)C(=O)O,HL60,1.6299436,1.4148858,2.169565,1.9836274,0.13435769,2.4472828
bisacodyl,CC(=O)OC1=CC=C(C=C1)C(C2=CC=C(C=C2)OC(=O)C)C3=CC=CC=N3,HL60,3.998874,3.381406,4.5069537,4.2984834,3.023735,4.7837915
axitinib,CNC(=O)C1=CC=CC=C1SC2=CC3=C(C=C2)C(=NN3)C=CC4=CC=CC=N4,HL60,2.3450153,1.3209867,3.0506275,3.1836026,0.5249247,3.6449358
salinomycin,CCC(C1CCC(C(O1)C(C)C(C(C)C(=O)C(CC)C2C(CC(C3(O2)C=CC(C4(O3)CCC(O4)(C)C5CCC(C(O5)C)(CC)O)O)C)C)O)C)C(=O)O,HL60,0.7705816,-0.5851198,2.4487603,2.1755216,-3.2239437,3.0376894
florfenicol,CS(=O)(=O)C1=CC=C(C=C1)C(C(CF)NC(=O)C(Cl)Cl)O,HL60,1.0662367,-0.9704272,2.2321098,2.18721,-0.67338955,2.55568
tropisetron,CN1C2CCC1CC(C2)OC(=O)C3=CNC4=CC=CC=C43,HL60,3.106649,2.2339997,4.0504336,3.6030288,1.702088,3.943693
panobinostat,CC1=C(C2=CC=CC=C2N1)CCNCC3=CC=C(C=C3)C=CC(=O)NO,HL60,3.266086,3.334039,3.6025543,3.2417483,2.5184705,3.633619
imidapril,CCOC(=O)C(CCC1=CC=CC=C1)NC(C)C(=O)N2C(CN(C2=O)C)C(=O)O,HL60,-0.26514786,-3.2007504,-0.57676965,1.6157748,-1.2473722,2.0833778
bephenium-hydroxynaphthoate,C[N+](C)(CCOC1=CC=CC=C1)CC2=CC=CC=C2,HL60,1.4632981,2.1474469,0.9507841,2.1371167,-0.2867787,2.3679206
sunitinib,CCN(CC)CCNC(=O)C1=C(NC(=C1C)/C=C\2/C3=C(C=CC(=C3)F)NC2=O)C,HL60,1.5582107,-0.06503427,3.756646,3.6110513,-3.7549534,4.2433443
deflazacort,CC1=N[C@@]2([C@H](O1)C[C@@H]3[C@@]2(C[C@@H]([C@H]4[C@H]3CCC5=CC(=O)C=C[C@]45C)O)C)C(=O)COC(=O)C,HL60,2.9156103,3.0150063,4.218459,3.2045999,-0.27670872,4.4166956
fludroxycortide,CC1(OC2CC3C4CC(C5=CC(=O)CCC5(C4C(CC3(C2(O1)C(=O)CO)C)O)C)F)C,HL60,1.2980257,-1.0730274,2.384783,1.9078476,0.024668038,3.245857
ifosfamide,C1CN(P(=O)(OC1)NCCCl)CCCl,HL60,2.829533,2.6440523,3.1125998,3.9777696,0.59685236,3.8163908
mitomycin-c,CC1=C(C(=O)C2=C(C1=O)N3CC4C(C3(C2COC(=O)N)OC)N4)N,HL60,-2.5725389,-4.9139585,-1.5943708,-0.9286796,-4.0309486,-1.3947376
teprenone,CC(=CCCC(=CCCC(=CCCC(=CCCC(=O)C)C)C)C)C,HL60,0.816751,0.9497413,2.0451102,2.1104002,-3.6729574,2.6514606
avanafil,COC1=C(C=C(C=C1)CNC2=NC(=NC=C2C(=O)NCC3=NC=CC=N3)N4CCCC4CO)Cl,HL60,2.2225208,3.5611234,2.5628626,2.2932103,-0.1529932,2.8484008
diazooxonorleucine,C(CC(=O)C=[N+]=[N-])C(C(=O)O)N,HL60,-1.8219807,-2.210079,-1.0170933,-1.9595703,-3.0728955,-0.8502653
thiomersal,CC[Hg]SC1=CC=CC=C1C(=O)[O-].[Na+],HL60,4.0022535,4.136193,5.5625057,5.1248813,-0.7143884,5.902075
trapidil,CCN(CC)C1=CC(=NC2=NC=NN12)C,HL60,4.2307,3.8077507,4.3033104,4.4118524,3.8060045,4.82458
triciribine,CN1C2=NC=NC3=C2C(=CN3C4C(C(C(O4)CO)O)O)C(=N1)N,HL60,-2.970692,-2.2906263,-3.5131857,-4.095993,-1.7853907,-3.1682637
paliperidone,CC1=C(C(=O)N2CCCC(C2=N1)O)CCN3CCC(CC3)C4=NOC5=C4C=CC(=C5)F,HL60,4.251322,3.8495986,5.324922,4.417819,2.2958431,5.368426
SN-38,CCC1=C2CN3C(=CC4=C(C3=O)COC(=O)C4(CC)O)C2=NC5=C1C=C(C=C5)O,HL60,-3.3298905,-5.0365667,-2.6024497,-2.715687,-4.267083,-2.027667
rifampin,CC1C=CC=C(C(=O)NC2=C(C(=C3C(=C2O)C(=C(C4=C3C(=O)C(O4)(OC=CC(C(C(C(C(C(C1O)C)O)C)OC(=O)C)C)OC)C)C)O)O)C=NN5CCN(CC5)C)C,HL60,-3.4549,-3.4310105,-3.277796,-3.2645316,-4.2558384,-3.0453236
formestane,CC12CCC(=O)C(=C1CCC3C2CCC4(C3CCC4=O)C)O,HL60,0.80878526,-3.0415354,3.5953028,3.2918186,-4.045004,4.2433443
niclosamide,C1=CC(=C(C=C1[N+](=O)[O-])Cl)NC(=O)C2=C(C=CC(=C2)Cl)O,HL60,0.81237143,-0.7661535,1.6714876,1.7224799,-0.56900465,2.003048
lenalidomide,C1CC(=O)NC(=O)C1N2CC3=C(C2=O)C=CC=C3N,HL60,2.9715781,3.7836566,4.415314,4.1135135,-1.8084077,4.353813
lafutidine,C1CCN(CC1)CC2=CC(=NC=C2)OCC=CCNC(=O)CS(=O)CC3=CC=CO3,HL60,2.791288,2.8882291,2.8682997,2.8853242,2.0935328,3.2210538
betamethasone-dipropionate,CCC(=O)OCC(=O)C1(C(CC2C1(CC(C3(C2CCC4=CC(=O)C=CC43C)F)O)C)C)OC(=O)CC,HL60,1.707861,0.13155633,3.2218573,2.854461,-1.1963034,3.5277336
azacitidine,C1=NC(=NC(=O)N1C2C(C(C(O2)CO)O)O)N,HL60,1.6931114,1.854434,2.3783834,2.31468,-0.9409605,2.8590195
bendamustine,CN1C2=C(C=C(C=C2)N(CCCl)CCCl)N=C1CCCC(=O)O,HL60,0.46768102,-1.9244602,2.0801418,1.9989537,-1.9421929,2.1259625
piretanide,C1CCN(C1)C2=C(C(=CC(=C2)C(=O)O)S(=O)(=O)N)OC3=CC=CC=C3,HL60,3.2924466,3.2128344,3.6533139,3.316046,2.4391828,3.8408566
oxymetazoline,CC1=CC(=C(C(=C1CC2=NCCN2)C)O)C(C)(C)C,HL60,-1.745848,-0.84605247,-1.8343941,-0.8890619,-3.7380009,-1.4217304
temoporfin,C1CC2=NC1=C(C3=CC=C(N3)C(=C4C=CC(=N4)C(=C5C=CC(=C2C6=CC(=CC=C6)O)N5)C7=CC(=CC=C7)O)C8=CC(=CC=C8)O)C9=CC(=CC=C9)O,HL60,1.6664917,1.6408942,1.7175925,1.5984151,1.1837819,2.191775
batimastat,CC(C)CC(C(CSC1=CC=CS1)C(=O)NO)C(=O)NC(CC2=CC=CC=C2)C(=O)NC,HL60,3.2406716,3.1766121,3.5644844,3.5741472,1.799426,4.0886884
levocetirizine,C1CN(CCN1CCOCC(=O)O)C(C2=CC=CC=C2)C3=CC=C(C=C3)Cl,HL60,4.061637,3.5666928,4.551077,4.4834533,2.844994,4.861969
felbamate,C1=CC=C(C=C1)C(COC(=O)N)COC(=O)N,HL60,0.73670155,0.31923282,1.4095573,1.5437261,-1.3142649,1.7252563
ivermectin,CCC(C)C1C(CCC2(O1)CC3CC(O2)CC=C(C(C(C=CC=C4COC5C4(C(C=C(C5O)C)C(=O)O3)O)C)OC6CC(C(C(O6)C)OC7CC(C(C(O7)C)O)OC)OC)C)C,HL60,-3.2796402,-4.484832,-2.570008,-2.6296265,-4.2502165,-2.4635181
lapatinib,CS(=O)(=O)CCNCC1=CC=C(O1)C2=CC3=C(C=C2)N=CN=C3NC4=CC(=C(C=C4)OCC5=CC(=CC=C5)F)Cl,HL60,2.6969743,2.9509213,3.0433366,3.0022814,1.2787263,3.209606
guanidine,C(=N)(N)N,HL60,7.3016434,6.8106422,8.51873,7.064082,5.248725,8.866035
cefditoren-pivoxil,CC1=C(SC=N1)C=CC2=C(N3C(C(C3=O)NC(=O)C(=NOC)C4=CSC(=N4)N)SC2)C(=O)OCOC(=O)C(C)(C)C,HL60,0.90087926,-0.39662665,1.9160463,2.0015063,-1.2595998,2.2430701
cobicistat,CC(C)C1=NC(=CS1)CN(C)C(=O)NC(CCN2CCOCC2)C(=O)NC(CCC(CC3=CC=CC=C3)NC(=O)OCC4=CN=CS4)CC5=CC=CC=C5,HL60,3.2293053,3.991628,3.7965286,3.5998197,0.5831861,4.1753635
talazoparib,CN1C(=NC=N1)C2C(NC3=CC(=CC4=C3C2=NNC4=O)F)C5=CC=C(C=C5)F,HL60,2.1327167,1.9787261,2.4642894,2.3278923,0.8205473,3.0721276
ACY-1215,C1=CC=C(C=C1)N(C2=CC=CC=C2)C3=NC=C(C=N3)C(=O)NCCCCCCC(=O)NO,HL60,3.908226,3.7483966,4.3033104,4.217932,2.73413,4.537361
bifemelane,CNCCCCOC1=CC=CC=C1CC2=CC=CC=C2,HL60,3.5818985,4.44815,4.164154,4.3462176,0.5342753,4.4166956
temsirolimus,CC1CCC2CC(C(=CC=CC=CC(CC(C(=O)C(C(C(=CC(C(=O)CC(OC(=O)C3CCCCN3C(=O)C(=O)C1(O2)O)C(C)CC4CCC(C(C4)OC)OC(=O)C(C)(CO)CO)C)C)O)OC)C)C)C)OC,HL60,-2.2109048,-1.6686754,-2.6267807,-2.6238515,-1.7947415,-2.3404748
PRT062607,C1CCC(C(C1)N)NC2=NC=C(C(=N2)NC3=CC(=CC=C3)N4N=CC=N4)C(=O)N,HL60,2.420779,2.1345878,2.8427703,2.5460775,1.4987655,3.081694
tranilast,COC1=C(C=C(C=C1)C=CC(=O)NC2=CC=CC=C2C(=O)O)OC,HL60,3.3016658,3.7668736,3.1125998,3.1141503,2.9737248,3.5409806
toremifene,CN(C)CCOC1=CC=C(C=C1)C(=C(CCCl)C2=CC=CC=C2)C3=CC=CC=C3,HL60,3.7884095,3.4106624,3.9953036,4.140364,2.868554,4.527164
diphemanil,C[N+]1(CCC(=C(C2=CC=CC=C2)C3=CC=CC=C3)CC1)C,HL60,3.6579185,3.4831064,4.0179553,4.1224637,2.08282,4.583248
cyclovirobuxin-d,C[C@@H]([C@H]1[C@@H](C[C@@]2([C@@]1(CC[C@]34[C@H]2CC[C@@H]5[C@]3(C4)CC[C@@H](C5(C)C)NC)C)C)O)NC,HL60,2.8555336,2.8220541,3.666004,2.7145574,1.0758904,3.9991622
norfloxacin,CCN1C=C(C(=O)C2=CC(=C(C=C21)N3CCNCC3)F)C(=O)O,HL60,3.5452766,1.8340044,4.4848924,4.2596993,2.5305486,4.6172385
zaleplon,CCN(C1=CC=CC(=C1)C2=CC=NC3=C(C=NN23)C#N)C(=O)C,HL60,3.3182862,3.3688676,3.6134315,3.9509194,1.5712245,4.0869884
crizotinib,C[C@H](C1=C(C=CC(=C1Cl)F)Cl)OC2=C(N=CC(=C2)C3=CN(N=C3)C4CCNCC4)N,HL60,2.0580842,1.9843214,2.3262732,2.488638,0.32928157,3.161907
norepinephrine,C1=CC(=C(C=C1C(CN)O)O)O,HL60,1.9704211,2.2879503,2.0368133,2.4984846,0.94354355,2.0853136
genipin,COC(=O)C1=COC(C2C1CC=C2CO)O,HL60,-3.3637683,-4.1448736,-3.5581775,-3.555209,-2.061593,-3.4989896
PSI-7976,CC(C)OC(=O)C(C)NP(=O)(OCC1C(C(C(O1)N2C=CC(=O)NC2=O)(C)F)O)OC3=CC=CC=C3,HL60,4.5825195,3.9852872,5.44032,5.0562634,2.868554,5.562171
bexarotene,CC1=CC2=C(C=C1C(=C)C3=CC=C(C=C3)C(=O)O)C(CCC2(C)C)(C)C,HL60,-0.84278536,-1.0973375,-0.6855607,0.40766135,-4.2502165,1.4115266
afobazole,CCOC1=CC2=C(C=C1)N=C(N2)SCCN3CCOCC3,HL60,4.800289,4.610469,5.270617,4.85936,3.9027715,5.3582287
naftifine,CN(CC=CC1=CC=CC=C1)CC2=CC=CC3=CC=CC=C32,HL60,2.0309951,2.6271138,1.9879534,2.6379359,0.014957786,2.8870144
simvastatin,CCC(C)(C)C(=O)OC1CC(C=C2C1C(C(C=C2)C)CCC3CC(CC(=O)O3)O)C,HL60,2.9891949,2.0235636,3.60618,3.1868327,2.1578088,3.9715896
sirolimus,CC1CCC2CC(C(=CC=CC=CC(CC(C(=O)C(C(C(=CC(C(=O)CC(OC(=O)C3CCCCN3C(=O)C(=O)C1(O2)O)C(C)CC4CCC(C(C4)OC)O)C)C)O)OC)C)C)C)OC,HL60,-2.0832477,-1.4559922,-2.6073163,-2.6005704,-1.4638742,-2.2884846
raltitrexed,CC1=NC2=C(C=C(C=C2)CN(C)C3=CC=C(S3)C(=O)NC(CCC(=O)O)C(=O)O)C(=O)N1,HL60,-0.52156174,-1.2559962,-0.11125396,0.04643535,-2.9290404,1.6420465
lidocaine,CCN(CC)CC(=O)NC1=C(C=CC=C1C)C,HL60,2.848242,3.92949,3.0269322,3.0477645,0.8385292,3.398494
abiraterone,CC12CCC(CC1=CCC3C2CCC4(C3CC=C4C5=CN=CC=C5)C)O,HL60,1.9521328,-0.67246705,3.435773,2.8317192,0.2163552,3.9492831
oxiracetam,C1C(CN(C1=O)CC(=O)N)O,HL60,0.7515372,2.4523208,-0.83849585,1.231581,1.3132515,-0.40097168
ponatinib,CC1=C(C=C(C=C1)C(=O)NC2=CC(=C(C=C2)CN3CCN(CC3)C)C(F)(F)F)C#CC4=CN=C5N4N=CC=C5,HL60,1.9966049,3.6429117,2.5072172,2.4968436,-1.395543,2.731595
4-pyrimidinecarbonitrile,C1=CN=CN=C1C#N,HL60,1.0487146,-5.1619606,2.2586217,2.3823922,2.8495107,2.9150093
doxycycline,CC1C2C(C3C(C(=O)C(=C(C3(C(=O)C2=C(C4=C1C=CC=C4O)O)O)O)C(=O)N)N(C)C)O,HL60,-4.219342,-5.811224,-3.8971946,-3.5953681,-4.2558384,-3.5370839
cefdinir,C=CC1=C(N2C(C(C2=O)NC(=O)C(=NO)C3=CSC(=N3)N)SC1)C(=O)O,HL60,2.2965488,2.1250353,4.1828213,3.3984194,-2.478773,4.255241
artesunate,CC1CCC2C(C(OC3C24C1CCC(O3)(OO4)C)OC(=O)CCC(=O)O)C,HL60,-0.74820834,-2.5513685,0.91842115,0.01013881,-3.6503043,1.5320711
methacycline,CN(C)C1C2C(C3C(=C)C4=C(C(=CC=C4)O)C(=C3C(=O)C2(C(=C(C1=O)C(=O)N)O)O)O)O,HL60,-0.7541519,0.09622346,-0.7285327,-0.996806,-2.3306022,0.18895796
10-deacetylbaccatin,CC1=C2C(C(=O)C3(C(CC4C(C3C(C(C2(C)C)(CC1O)O)OC(=O)C5=CC=CC=C5)(CO4)OC(=O)C)O)C)O,HL60,-4.299843,-5.897607,-3.8402708,-3.6680377,-4.267083,-3.826215
fluocinolone-acetonide,CC1(OC2CC3C4CC(C5=CC(=O)C=CC5(C4(C(CC3(C2(O1)C(=O)CO)C)O)F)C)F)C,HL60,1.5258787,-0.7724244,2.4432795,2.0363305,0.65727156,3.2649367
3-deazaneplanocin-A,C1=CN=C(C2=C1N(C=N2)C3C=C(C(C3O)O)CO)N,HL60,-3.9454484,-3.4061968,-4.3050537,-3.9242837,-4.2361603,-3.855546
vincamine,CCC12CCCN3C1C4=C(CC3)C5=CC=CC=C5N4C(C2)(C(=O)OC)O,HL60,3.1504242,1.9220293,4.0075445,3.2998943,1.9309069,4.591746
letrozole,C1=CC(=CC=C1C#N)C(C2=CC=C(C=C2)C#N)N3C=NC=N3,HL60,3.5241501,4.1793094,4.169245,3.7723076,1.4844394,4.0154486
ftorafur,C1CC(OC1)N2C=C(C(=O)NC2=O)F,HL60,4.594585,4.3175335,5.0907316,5.050297,3.159534,5.35483
alvespimycin,CC1CC(C(C(C=C(C(C(C=CC=C(C(=O)NC2=CC(=O)C(=C(C1)C2=O)NCCN(C)C)C)OC)OC(=O)N)C)C)O)OC,HL60,-1.1423498,-0.79750746,-0.2994694,-0.21246582,-4.2698946,-0.1324119
metronidazole,CC1=NC=C(N1CCO)[N+](=O)[O-],HL60,-2.3610682,0.01988256,-2.9932222,-2.2509933,-3.7521276,-2.82888
bekanamycin,C1C(C(C(C(C1N)OC2C(C(C(C(O2)CO)O)N)O)O)OC3C(C(C(C(O3)CN)O)O)N)N,HL60,0.28705943,-1.7380607,1.6617813,1.7053851,-1.9925424,1.7987338
fluvastatin,CC(C)N1C2=CC=CC=C2C(=C1C=CC(CC(CC(=O)O)O)O)C3=CC=C(C=C3)F,HL60,2.282957,1.1848497,3.0633867,2.7813628,0.8385292,3.5466576
chloroxine,C1=CC2=C(C(=C(C=C2Cl)Cl)O)N=C1,HL60,1.1680546,-0.4965729,1.7612134,1.4958303,0.9025448,2.1772575
mifepristone,CC#CC1(CCC2C1(CC(C3=C4CCC(=O)C=C4CCC23)C5=CC=C(C=C5)N(C)C)C)O,HL60,1.5997689,-1.0371411,2.8591821,2.3675287,0.588221,3.2210538
fenofibrate,CC(C)OC(=O)C(C)(C)OC1=CC=C(C=C1)C(=O)C2=CC=C(C=C2)Cl,HL60,2.4893625,1.4671304,3.1326497,3.3418887,0.9111761,3.5939686
rutin,CC1C(C(C(C(O1)OCC2C(C(C(C(O2)OC3=C(OC4=CC(=CC(=C4C3=O)O)O)C5=CC(=C(C=C5)O)O)O)O)O)O)O)O,HL60,0.42425618,-0.418047,1.8929992,1.5359085,-2.941987,2.0524073
halofantrine,CCCCN(CCCC)CCC(C1=C2C=CC(=CC2=C3C=C(C=C(C3=C1)Cl)Cl)C(F)(F)F)O,HL60,2.5424209,1.1766884,3.189154,3.227212,1.4873165,3.6317332
chlorogenic-acid,C1C(C(C(CC1(C(=O)O)O)OC(=O)C=CC2=CC(=C(C=C2)O)O)O)O,HL60,0.9483757,0.22981192,1.5171759,1.8036802,-0.64443886,1.8356495
imatinib,CC1=C(C=C(C=C1)NC(=O)C2=CC=C(C=C2)CN3CCN(CC3)C)NC4=NC=CC(=N4)C5=CN=CC=C5,HL60,2.5880232,2.8875325,2.994121,3.021774,0.8385292,3.1981585
ritodrine,CC(C(C1=CC=C(C=C1)O)O)NCCC2=CC=C(C=C2)O,HL60,3.5533829,3.1125271,3.7820258,3.8599126,2.7793021,4.2331476
nimorazole,C1COCCN1CCN2C=NC=C2[N+](=O)[O-],HL60,-0.5633799,2.2678113,-1.219849,-0.36282662,-4.2164826,0.7144474
nicorandil,C1=CC(=CN=C1)C(=O)NCCO[N+](=O)[O-],HL60,4.96543,4.2477875,5.555718,5.223333,4.0036044,5.796705
desonide,CC1(OC2CC3C4CCC5=CC(=O)C=CC5(C4C(CC3(C2(O1)C(=O)CO)C)O)C)C,HL60,2.8492615,0.8058041,3.6388113,2.9909103,2.4739637,4.3368177
ZK811752,CC1CN(CCN1C(=O)COC2=C(C=C(C=C2)Cl)NC(=O)N)CC3=CC=C(C=C3)F.Cl,HL60,1.4609045,0.1420657,2.3966677,2.4722266,-0.41389954,2.7074618
cetrimonium,CCCCCCCCCCCCCCCC[N+](C)(C)C,HL60,-0.15050796,-0.84605247,1.2539103,1.3725638,-4.112471,1.5795096
aztreonam,CC1C(C(=O)N1S(=O)(=O)O)NC(=O)C(=NOC(C)(C)C(=O)O)C2=CSC(=N2)N,HL60,2.9420078,2.4817498,3.573549,3.370962,1.5238475,3.7599308
prazosin,COC1=C(C=C2C(=C1)C(=NC(=N2)N3CCN(CC3)C(=O)C4=CC=CO4)N)OC,HL60,0.5961639,1.0121129,0.17110528,1.3344723,-1.2984407,1.7615701
AEE788,CCN1CCN(CC1)CC2=CC=C(C=C2)C3=CC4=C(N3)N=CN=C4NC(C)C5=CC=CC=C5,HL60,2.4231687,2.697367,2.7351837,2.4030364,1.1679578,3.1123002
GDC-0349,CCNC(=O)NC1=CC=C(C=C1)C2=NC3=C(CCN(C3)C4COC4)C(=N2)N5CCOCC5C,HL60,3.6751494,2.8575797,4.2201557,3.9777696,2.8712564,4.448986
dinaciclib,CCC1=C2N=C(C=C(N2N=C1)NCC3=C[N+](=CC=C3)[O-])N4CCCCC4CCO,HL60,-3.1698203,-3.763069,-2.685176,-2.7921808,-4.247405,-2.3612707
licochalcone-a,CC(C)(C=C)C1=C(C=C(C(=C1)C=CC(=O)C2=CC=C(C=C2)O)OC)O,HL60,2.2562304,1.5236194,2.47251,2.7064097,1.544749,3.0338628
metatinib,C1=CC(=CC=C1C2=CNC=C(C2=O)C(=O)NC3=CC(=C(C=C3)OC4=C(C(=NC=C4)N)Cl)F)F,HL60,0.5213155,0.42600268,1.2589757,0.94245017,-1.1632168,1.1423659
MK-8245,C1CN(CCC1OC2=C(C=CC(=C2)F)Br)C3=NOC(=C3)C4=NN(N=N4)CC(=O)O,HL60,2.9754243,2.8938017,3.7657106,3.7101998,0.3796309,4.127777
sodium-tanshinone-ii-a-sulfonate,CC1=C(OC2=C1C(=O)C(=O)C3=C2C=CC4=C3CCCC4(C)C)S(=O)(=O)O,HL60,1.3431635,-0.9394265,3.39589,2.960047,-2.464388,3.7636945
taselisib,CC1=NN(C(=N1)C2=CN3CCOC4=C(C3=N2)C=CC(=C4)C5=CN(N=C5)C(C)(C)C(=O)N)C(C)C,HL60,1.9179697,1.2220905,2.4798167,2.2030728,1.0054014,2.679467
PRT062070,CCS(=O)(=O)N1CCN(CC1)C2=CC=C(C=C2)NC3=NC=C(C(=N3)NC4CC4)C(=O)N.Cl,HL60,3.53433,1.8274446,4.4831953,4.235832,2.5844183,4.54076
TG-101348,CC1=CN=C(N=C1NC2=CC(=CC=C2)S(=O)(=O)NC(C)(C)C)NC3=CC=C(C=C3)OCCN4CCCC4,HL60,3.2857406,3.3911583,3.758459,3.6110513,1.7206153,3.94742
nintedanib,CN1CCN(CC1)CC(=O)N(C)C2=CC=C(C=C2)N=C(C3=CC=CC=C3)C4=C(NC5=C4C=CC(=C5)C(=O)OC)O,HL60,1.9677099,2.4982586,2.7187722,2.6117222,-1.1826372,3.1924343
nefiracetam,CC1=C(C(=CC=C1)C)NC(=O)CN2CCCC2=O,HL60,1.73508,1.6143041,1.1932207,1.9342428,1.9848131,1.9488194
INC-280,CNC(=O)C1=C(C=C(C=C1)C2=NN3C(=CN=C3N=C2)CC4=CC5=C(C=C4)N=CC=C5)F,HL60,0.098886214,1.6488092,-0.6046702,-0.17564622,-0.36360633,-0.010455295
pranidipine,CC1=C(C(C(=C(N1)C)C(=O)OCC=CC2=CC=CC=C2)C3=CC(=CC=C3)[N+](=O)[O-])C(=O)OC,HL60,3.4028575,3.1793988,3.970407,3.9986534,1.5545031,4.311325
IOWH032,C1=CC=C(C=C1)OC2=CC=C(C=C2)CNC(=O)C3=NC(=NO3)C4=CC(=C(C(=C4)Br)O)Br,HL60,2.677023,2.8345926,2.975886,2.9470518,1.4542297,3.1733549
4-methylgenistein,COC1=CC=C(C=C1)C2=COC3=CC(=CC(=C3C2=O)O)O,HL60,2.6670072,1.7873409,2.935769,2.932432,2.210607,3.4688861
palmatine-chloride,COC1=C(C2=C[N+]3=C(C=C2C=C1)C4=CC(=C(C=C4CC3)OC)OC)OC,HL60,-2.471564,-0.548582,-2.7825007,-2.1493478,-4.000026,-2.8773634
prednisolone-hemisuccinate,CC12CC(C3C(C1CCC2(C(=O)COC(=O)CCC(=O)O)O)CCC4=CC(=O)C=CC34C)O,HL60,2.7467518,1.9197915,3.4248958,2.8853242,1.7475809,3.7561667
nobiletin,COC1=C(C=C(C=C1)C2=CC(=O)C3=C(O2)C(=C(C(=C3OC)OC)OC)OC)OC,HL60,2.069115,1.7303009,2.096736,2.1822007,1.8445343,2.491803
RG108,C1=CC=C2C(=C1)C(=O)N(C2=O)C(CC3=CNC4=CC=CC=C43)C(=O)O,HL60,-2.9884925,-2.791085,-3.5019314,-3.4557664,-2.001174,-3.1925054
BMS-265246,CCCCOC1=C(C=NC2=NNC=C12)C(=O)C3=C(C=C(C=C3F)C)F,HL60,0.9462172,-0.3480739,1.6223295,1.9155108,-0.57206154,2.1133807
azalomycin-b,CCC1C(OC(CC1OC2CC(C(C(O2)C)O)O)(C(C)C(C(C)C3C(C=CC=CC(=O)OC(C(C=CC=CC(=O)O3)C)C(C)C(C(C)C4(CC(C(C(O4)C)CC)OC5CC(C(C(O5)C)O)O)O)O)C)O)O)C,HL60,-2.0669305,-2.0071166,-1.3783524,-1.6102767,-4.2642717,-1.0746354
PAC-1,C=CCC1=C(C(=CC=C1)C=NNC(=O)CN2CCN(CC2)CC3=CC=CC=C3)O,HL60,1.6878659,1.7438052,1.8920772,2.595311,-0.6827402,2.8908756
evodiamine,CN1C2C3=C(CCN2C(=O)C4=CC=CC=C41)C5=CC=CC=C5N3,HL60,-2.495489,-3.0701582,-2.8879364,-2.4836051,-1.8235124,-2.2122324
PF-573228,CS(=O)(=O)C1=CC=CC(=C1)CNC2=NC(=NC=C2C(F)(F)F)NC3=CC4=C(C=C3)NC(=O)CC4,HL60,1.7800041,1.4506376,2.1013453,1.8165013,1.1665192,2.3650172
SB-366791,COC1=CC=CC(=C1)NC(=O)C=CC2=CC=C(C=C2)Cl,HL60,3.6226468,3.1041682,3.9523964,4.0866632,2.7198634,4.2501426
azodicarbonamide,C(=O)(N)N=NC(=O)N,HL60,1.7688214,1.5744212,2.561951,2.7178164,-0.6180054,2.607924
se-methylselenocysteine,C[Se]CC(C(=O)O)N,HL60,-1.5981219,-2.145835,-1.4654274,-1.1468918,-1.9335617,-1.298894
adaprev,C(C1C(C(C(C(O1)O)O)O)O)OP(=O)(O)O,HL60,1.5396026,1.4673128,2.8318293,2.7618132,-2.4082842,3.0453422
benzyldimethylhexadecylammonium,CCCCCCCCCCCCCCCC[N+](C)(C)CC1=CC=CC=C1,HL60,-0.051492285,-1.5383244,1.1248238,1.5958112,-3.2023654,1.7625934
AEG3482,C1=CC=C(C=C1)C2=CN3C(=N2)SC(=N3)S(=O)(=O)N,HL60,4.7611856,3.630462,5.4810486,5.0860977,3.9645724,5.6437483
ryuvidine,CC1=CC=C(C=C1)NC2=CC(=O)C3=C(C2=O)N=C(S3)C,HL60,1.6172278,0.5272035,2.4606354,2.681967,-0.44654787,2.8628807
YO-01027,CC(C(=O)NC1C2=CC=CC=C2C3=CC=CC=C3N(C1=O)C)NC(=O)CC4=CC(=CC(=C4)F)F,HL60,-1.4811894,-1.4225357,-1.5431466,-1.2984437,-2.1565375,-0.98528326
TC1,C1C2C3C4C1C5C2C6C3C4C5(N6CCC7=CC(=CC=C7)F)O,HL60,2.5691772,1.7975104,2.6385381,2.0227404,2.8252993,3.5617974
salidroside,C1=CC(=CC=C1CCOC2C(C(C(C(O2)CO)O)O)O)O,HL60,-0.51451826,-0.12742803,-0.44582504,0.856972,-4.2642717,1.4079615
chlorindanol,C1CC2=C(C=CC(=C2C1)Cl)O,HL60,3.688427,2.685525,4.276158,3.8085222,3.1855555,4.486376
aminopurvalanol-a,CC(C)C(CO)NC1=NC(=C2C(=N1)N(C=N2)C(C)C)NC3=CC(=CC(=C3)N)Cl,HL60,-0.9104249,0.4890837,-1.062005,-0.8890619,-2.437055,-0.65308607
nanchangmycin,CC1CC(C(OC1C2CC(C3(O2)C(C(CC(O3)C4(CCC5(O4)CC(C(C(O5)C(C)C=C(C)C(=O)C(C)CC(C)C(=O)[O-])C)O)C)OC6CCC(C(O6)C)OC)C)C)(CO)O)C.[Na+],HL60,-1.843251,-2.4851782,-0.8476896,-1.3202,-4.2642717,-0.29891595
cyproheptadine,CN1CCC(=C2C3=CC=CC=C3C=CC4=CC=CC=C42)CC1,HL60,0.76815337,-0.14157838,-1.1368067,1.2775538,1.5085195,2.3330786
repaglinide,CCOC1=C(C=CC(=C1)CC(=O)NC(CC(C)C)C2=CC=CC=C2N3CCCCC3)C(=O)O,HL60,2.6738477,4.1082945,2.877417,2.8008556,0.17463714,3.4080336
osimertinib,CN1C=C(C2=CC=CC=C21)C3=NC(=NC=C3)NC4=C(C=C(C(=C4)NC(=O)C=C)N(C)CCN(C)C)OC,HL60,1.3104581,1.2988696,2.4277508,2.1655028,-1.8084077,2.468575
abemaciclib,CCN1CCN(CC1)CC2=CN=C(C=C2)NC3=NC=C(C(=N3)C4=CC5=C(C(=C4)F)N=C(N5C(C)C)C)F,HL60,1.2703598,0.7024205,2.4332316,2.2816496,-1.7005161,2.6350133
baricitinib,CCS(=O)(=O)N1CC(C1)(CC#N)N2C=C(C=N2)C3=C4C=CNC4=NC=N3,HL60,4.3037953,3.5165422,5.0669737,4.7519584,3.053009,5.1304936
SDZ-WAG-994,COC1C(C(OC1N2C=NC3=C(N=CN=C32)NC4CCCCC4)CO)O,HL60,4.871836,5.2547474,5.6643276,5.1875324,3.0099106,5.2426615
plinabulin,CC(C)(C)C1=C(N=CN1)C=C2C(=O)NC(=CC3=CC=CC=C3)C(=O)N2,HL60,2.3732808,0.8552033,3.2200441,3.5323732,0.2271443,4.0316396
BI-2536,CCC1C(=O)N(C2=CN=C(N=C2N1C3CCCC3)NC4=C(C=C(C=C4)C(=O)NC5CCN(CC5)C)OC)C,HL60,1.540438,0.78527474,2.0736887,2.0337822,0.6486402,2.1608045
bruceantin,CC1=C(C(=O)CC2(C1CC3C45C2C(C(C(C4C(C(=O)O3)OC(=O)C=C(C)C(C)C)(OC5)C(=O)OC)O)O)C)O,HL60,-2.9125812,-3.286619,-2.3915794,-2.3135443,-4.267083,-2.3040814
CI-844,C1=CC=C(C=C1)OC2=CN=CC=C2,HL60,5.308429,4.8539476,5.7899075,5.4799047,4.431332,5.987051
almorexant,CNC(=O)C(C1=CC=CC=C1)N2CCC3=CC(=C(C=C3C2CCC4=CC=C(C=C4)C(F)(F)F)OC)OC,HL60,2.9949324,2.7565758,3.4883451,3.4904838,1.2974274,3.94183
CUDC-907,CN(CC1=CC2=C(S1)C(=NC(=N2)C3=CN=C(C=C3)OC)N4CCOCC4)C5=NC=C(C=N5)C(=O)NO,HL60,1.2206554,0.46657938,2.3079894,2.2304528,-1.5667309,2.6649868
PD-0325901,C1=CC(=C(C=C1I)F)NC2=C(C=CC(=C2F)F)C(=O)NOCC(CO)O,HL60,-1.4046056,-3.3420758,-0.78991747,0.24319977,-2.9549341,-0.179301
tivozanib,CC1=CC(=NO1)NC(=O)NC2=C(C=C(C=C2)OC3=C4C=C(C(=CC4=NC=C3)OC)OC)Cl,HL60,3.2303154,1.3418393,3.9125504,3.761183,2.8773642,4.2586403
CP-673451,COCCOC1=CC2=C(C=C1)N(C=N2)C3=NC4=C(C=CC=C4N5CCC(CC5)N)C=C3,HL60,0.759018,1.1672139,1.7526052,1.712223,-2.9290404,2.0920885
PD-318088,C1=CC(=C(C=C1I)F)NC2=C(C(=C(C=C2C(=O)NOCC(CO)O)Br)F)F,HL60,-3.6383216,-4.1866717,-3.4520237,-3.1019819,-4.267083,-3.1838477
epiandrosterone,CC12CCC(CC1CCC3C2CCC4(C3CCC4=O)C)O,HL60,1.3246964,-2.4046147,3.984699,3.3031247,-2.803886,4.544159
sclareol,CC1(CCCC2(C1CCC(C2CCC(C)(C=C)O)(C)O)C)C,HL60,0.7754169,0.44563365,2.5163434,2.2758694,-4.267083,2.9063213
S26948,COC(=O)C(CC1=CC=C(C=C1)OCCN2C3=C(C=C(C=C3)C(=O)C4=CC=CC=C4)SC2=O)C(=O)OC,HL60,1.5821075,-0.111788094,1.9676719,2.3823922,0.9773495,2.6949122
cephalomannine,CC=C(C)C(=O)NC(C1=CC=CC=C1)C(C(=O)OC2CC3(C(C4C(C(CC5C4(CO5)OC(=O)C)O)(C(=O)C(C(=C2C)C3(C)C)OC(=O)C)C)OC(=O)C6=CC=CC=C6)O)O,HL60,-3.3623745,-3.7965047,-3.0385191,-3.1077187,-4.267083,-2.6020472
tioxolone,C1=CC2=C(C=C1O)OC(=O)S2,HL60,-0.42936873,-0.6699019,-0.5396122,1.0947391,-3.6616306,1.6295621
I-BET151,CC1=C(C(=NO1)C)C2=C(C=C3C(=C2)N=CC4=C3N(C(=O)N4)C(C)C5=CC=CC=N5)OC,HL60,1.5969095,1.6450496,2.6193912,2.5510008,-2.132082,3.3011882
melengestrol-acetate,CC1=CC2C(CCC3(C2CC(=C)C3(C(=O)C)OC(=O)C)C)C4(C1=CC(=O)CC4)C,HL60,0.7515043,-0.06959909,2.3271875,2.0650117,-3.4482317,2.883153
dioscin,CC1CCC2(C(C3C(O2)CC4C3(CCC5C4CC=C6C5(CCC(C6)OC7C(C(C(C(O7)CO)OC8C(C(C(C(O8)C)O)O)O)O)OC9C(C(C(C(O9)C)O)O)O)C)C)C)OC1,HL60,-2.3815715,-2.0447817,-2.2764113,-1.8794352,-3.9466143,-1.7606164
spermine,C(CCNCCCN)CNCCCN,HL60,0.7126147,3.3228936,1.39002,0.5087395,-3.2239437,1.5653645
GW-843682X,COC1=C(C=C2C(=C1)N=CN2C3=CC(=C(S3)C(=O)N)OCC4=CC=CC=C4C(F)(F)F)OC,HL60,-1.2009827,0.07404205,-1.9341524,-1.328488,-1.6062912,-1.2100236
LY2608204,C1CCC(CC1)C2CC2(C3=CC=C(C=C3)S(=O)(=O)C4CC4)C(=O)NC5=NC=C(S5)SCCN6CCCC6,HL60,1.9337171,0.7991426,3.2164185,2.899944,-0.7196032,3.4726837
ER-27319,CC1=C(C2=C(C=C1)C(=O)C3=CC=CC=C3N2CCCN)C.C(=O)(C(=O)O)O,HL60,1.1995426,-0.5742938,1.6714876,1.6830858,0.5601692,2.6572642
GW-3965,C1=CC=C(C=C1)C(CN(CCCOC2=CC=CC(=C2)CC(=O)O)CC3=C(C(=CC=C3)C(F)(F)F)Cl)C4=CC=CC=C4,HL60,0.9292278,2.2518861,1.5731314,1.7276084,-3.1563315,2.249845
LY2109761,C1CC2=C(C(=NN2C1)C3=CC=CC=N3)C4=C5C=CC(=CC5=NC=C4)OCCN6CCOCC6,HL60,4.002307,4.115903,4.3779793,3.628701,3.5181422,4.3708086
WAY-170523,CC1=CC(=C(C(=C1)C(=O)NO)N(CC2=CC=CC=C2)S(=O)(=O)C3=CC=C(C=C3)OCCNC(=O)C4=CC5=CC=CC=C5O4)C,HL60,3.1162,2.7099051,3.5282278,3.2982795,2.3562727,3.6883152
ICG-001,C1CN(C2CN(C(=O)C(N2C1=O)CC3=CC=C(C=C3)O)CC4=CC=CC5=CC=CC=C54)C(=O)NCC6=CC=CC=C6,HL60,0.14987545,-2.5066452,1.213581,-0.6310245,1.1391867,1.5342792
AMG458,CC1=C(C(=O)N(N1CC(C)(C)O)C2=CC=CC=C2)C(=O)NC3=NC=C(C=C3)OC4=C5C=CC(=CC5=NC=C4)OC,HL60,2.537567,2.769811,3.034223,2.7781086,0.80831957,3.297372
rheochrysidin,CC1=CC2=C(C(=C1)O)C(=O)C3=C(C2=O)C=C(C=C3O)OC,HL60,-1.560432,-1.1868134,-0.9718492,-1.0552435,-4.267083,-0.32117024
broxaldine,CC1=NC2=C(C=C1)C(=CC(=C2OC(=O)C3=CC=CC=C3)Br)Br,HL60,0.9251112,-0.42090303,1.5833052,1.5914712,-0.5852784,2.456961
phlorizin,C1=CC(=CC=C1CCC(=O)C2=C(C=C(C=C2OC3C(C(C(C(O3)CO)O)O)O)O)O)O,HL60,-2.0022855,-1.9487762,-1.8903558,-1.1743677,-4.25865,-0.7392775
parthenolide-(-),C/C/1=C\CC[C@@]2([C@@H](O2)[C@@H]3[C@@H](CC1)C(=C)C(=O)O3)C,HL60,3.3907647,3.0749118,4.3847675,3.4985418,1.3290756,4.666525
uracil,C1=CNC(=O)NC1=O,HL60,2.8319077,0.49944448,3.5517948,3.8192506,2.118784,4.170265
lurasidone,C1CCC(C(C1)CN2CCN(CC2)C3=NSC4=CC=CC=C43)CN5C(=O)C6C7CCC(C7)C6C5=O,HL60,2.435882,1.8108816,2.5810976,2.3617485,2.5492864,2.8763955
difluprednate,CCCC(=O)OC1(CCC2C1(CC(C3(C2CC(C4=CC(=O)C=CC43C)F)F)O)C)C(=O)COC(=O)C,HL60,1.5686153,0.026941776,2.9722393,2.6051579,-1.0948855,3.3336234
methyldopa,CC(CC1=CC(=C(C=C1)O)O)(C(=O)O)N,HL60,0.33201498,-0.2031331,-1.1396897,1.3239642,0.44580436,1.2331291
maxacalcitol,CC(C1CCC2C1(CCCC2=CC=C3CC(CC(C3=C)O)O)C)OCCC(C)(C)O,HL60,1.9562142,2.290104,2.6084502,2.501767,-0.87083113,3.251581
nizofenone,CCN(CC)CC1=NC=CN1C2=C(C=C(C=C2)[N+](=O)[O-])C(=O)C3=CC=CC=C3Cl,HL60,-0.23582414,-1.8714399,0.86163545,1.7575243,-3.8960142,1.9691738
halobetasol-propionate,CCC(=O)OC1(C(CC2C1(CC(C3(C2CC(C4=CC(=O)C=CC43C)F)F)O)C)C)C(=O)CCl,HL60,1.3280636,-0.05057901,3.0542731,2.668931,-2.4269853,3.3946779
azilsartan,CCOC1=NC2=CC=CC(=C2N1CC3=CC=C(C=C3)C4=CC=CC=C4C5=NOC(=O)N5)C(=O)O,HL60,1.3486998,-0.14753288,2.5026505,2.501767,-1.0725881,2.9592023
amfenac,C1=CC=C(C=C1)C(=O)C2=CC=CC(=C2N)CC(=O)O,HL60,1.6335983,2.7684176,2.5227315,2.6117222,-2.6701007,2.935221
penfluridol,C1CN(CCC1(C2=CC(=C(C=C2)Cl)C(F)(F)F)O)CCCC(C3=CC=C(C=C3)F)C4=CC=C(C=C4)F,HL60,2.999731,2.8596694,3.4974093,3.219136,1.7284671,3.6939733
valnemulin,CC1CCC23CCC(=O)C2C1(C(CC(C(C3C)O)(C)C=C)OC(=O)CSC(C)(C)CNC(=O)C(C(C)C)N)C,HL60,2.1940637,1.4114864,2.5929503,2.4195514,1.4225816,3.1237478
clopamide,CC1CCCC(N1NC(=O)C2=CC(=C(C=C2)Cl)S(=O)(=O)N)C,HL60,3.3544579,3.5012176,3.6605654,3.6974177,2.0797594,3.8333285
pomalidomide,C1CC(=O)NC(=O)C1N2C(=O)C3=C(C2=O)C(=CC=C3)N,HL60,1.0769622,-0.3780623,1.4374926,1.6175109,1.2183071,1.4895631
canrenone,CC12CCC(=O)C=C1C=CC3C2CCC4(C3CCC45CCC(=O)O5)C,HL60,2.1507783,-3.256207,4.170942,3.4484897,1.7564324,4.6342335
metaraminol,CC(C(C1=CC(=CC=C1)O)O)N,HL60,1.8958063,0.69161934,2.2750776,2.5871055,0.8320557,3.0931733
mesna,C(CS(=O)(=O)[O-])S.[Na+],HL60,2.6691718,2.5569131,3.0797908,2.3749602,2.1493917,3.1848028
lorazepam,C1=CC=C(C(=C1)C2=NC(C(=O)NC3=C2C=C(C=C3)Cl)O)Cl,HL60,3.5268998,2.6574624,3.9864795,3.9837368,2.8433528,4.1634674
gemcitabine,C1=CN(C(=O)N=C1N)C2C(C(C(O2)CO)O)(F)F,HL60,-2.6971188,-3.4698777,-2.2212608,-1.686422,-4.2642717,-1.8437616
carfilzomib,CC(C)CC(C(=O)C1(CO1)C)NC(=O)C(CC2=CC=CC=C2)NC(=O)C(CC(C)C)NC(=O)C(CCC3=CC=CC=C3)NC(=O)CN4CCOCC4,HL60,-2.2815223,-2.5996697,-2.4305093,-2.0731134,-2.1666074,-2.137713
pazopanib,CC1=C(C=C(C=C1)NC2=NC=CC(=N2)N(C)C3=CC4=NN(C(=C4C=C3)C)C)S(=O)(=O)N,HL60,1.0054495,0.6397838,0.47039026,1.2814943,0.80688107,1.8286988
acetazolamide,CC(=O)NC1=NN=C(S1)S(=O)(=O)N,HL60,2.9781451,2.8589728,3.8599782,3.9509194,0.038693905,4.182162
lenvatinib,COC1=CC2=NC=CC(=C2C=C1C(=O)N)OC3=CC(=C(C=C3)NC(=O)NC4CC4)Cl,HL60,2.3619282,1.7004745,2.8117707,2.668931,1.7665488,2.8619156
drospirenone,CC12CCC(=O)C=C1C3CC3C4C2CCC5(C4C6CC6C57CCC(=O)O7)C,HL60,2.8805783,-4.331572,5.08055,4.584889,2.8814301,6.187594
dequalinium,CC1=[N+](C2=CC=CC=C2C(=C1)N)CCCCCCCCCC[N+]3=C(C=C(C4=CC=CC=C43)N)C,HL60,-3.967729,-3.1059368,-4.450492,-4.158948,-4.2642717,-3.8589969
atipamezole,CCC1(CC2=CC=CC=C2C1)C3=CN=CN3,HL60,1.9929464,1.7028184,2.580186,2.2651346,0.7960919,2.6205013
eplerenone,CC12CCC(=O)C=C1CC(C3C24C(O4)CC5(C3CCC56CCC(=O)O6)C)C(=O)OC,HL60,2.793362,-2.5048563,4.456043,3.7564151,3.1457105,5.1134977
alfacalcidol,CC(C)CCCC(C)C1CCC2C1(CCCC2=CC=C3CC(CC(C3=C)O)O)C,HL60,0.6665677,1.1940849,1.8519738,1.807954,-3.9887815,2.4676073
zolmitriptan,CN(C)CCC1=CNC2=C1C=C(C=C2)CC3COC(=O)N3,HL60,1.5266988,-1.4902825,2.7260664,2.8041043,0.43933085,3.1542752
tetrandrine,CN1CCC2=CC(=C3C=C2C1CC4=CC=C(C=C4)OC5=C(C=CC(=C5)CC6C7=C(O3)C(=C(C=C7CCN6C)OC)OC)OC)OC,HL60,-1.5832452,-0.6968351,-1.8425046,-1.4333311,-2.0544,-1.889155
fudosteine,C(CO)CSCC(C(=O)O)N,HL60,0.30564034,-0.35807002,1.6501336,1.6383425,-3.192295,1.7900907
uridine,C1=CN(C(=O)NC1=O)C2C(C(C(O2)CO)O)O,HL60,-2.971872,-2.8018186,-2.7760124,-2.7558463,-4.261461,-2.2642224
tamoxifen,CCC(=C(C1=CC=CC=C1)C2=CC=C(C=C2)OCCN(C)C)C3=CC=CC=C3,HL60,3.5668042,3.191937,3.9917877,3.9389858,2.2929156,4.418395
darifenacin,C1CN(CC1C(C2=CC=CC=C2)(C3=CC=CC=C3)C(=O)N)CCC4=CC5=C(C=C4)OCC5,HL60,2.519427,3.2156208,2.840947,2.7829874,0.7371112,3.02047
trifluridine,C1C(C(OC1N2C=C(C(=O)NC2=O)C(F)(F)F)CO)O,HL60,4.0486956,3.7391398,4.7377496,4.379035,2.5017886,4.8857627
mevastatin,CCC(C)C(=O)OC1CCC=C2C1C(C(C=C2)C)CCC3CC(CC(=O)O3)O,HL60,3.049605,2.2208495,3.7076993,3.20783,2.0728726,4.0387735
sparfloxacin,CC1CN(CC(N1)C)C2=C(C(=C3C(=C2F)N(C=C(C3=O)C(=O)O)C4CC4)N)F,HL60,-4.505462,-3.642914,-5.4274564,-5.295629,-3.49971,-4.661602
polydatin,C1=CC(=CC=C1/C=C/C2=CC(=CC(=C2)O[C@H]3[C@@H]([C@H]([C@@H]([C@H](O3)CO)O)O)O)O)O,HL60,2.005991,2.5061538,4.0127544,3.2336729,-4.0084596,4.2858324
thiamine,CC1=C(SC=[N+]1CC2=CN=C(N=C2N)C)CCO,HL60,-4.1501284,-3.1077259,-4.6907806,-4.719661,-4.267083,-3.9653904
amoxicillin,CC1(C(N2C(S1)C(C2=O)NC(=O)C(C3=CC=C(C=C3)O)N)C(=O)O)C,HL60,-2.1957297,-3.2615736,-1.6513186,-1.579903,-4.2108603,-0.27499294
dihydroergocristine,CC(C)C1(C(=O)N2C(C(=O)N3CCCC3C2(O1)O)CC4=CC=CC=C4)NC(=O)C5CC6C(CC7=CNC8=CC=CC6=C78)N(C5)C,HL60,-4.3326426,-7.3688993,-3.331148,-3.5035753,-4.267083,-3.1925054
gestrinone,CCC12C=CC3=C4CCC(=O)C=C4CCC3C1CCC2(C#C)O,HL60,4.7237744,3.129245,5.722027,4.605772,4.0898004,6.0720267
inosine,C1=NC2=C(C(=O)N1)N=CN2C3C(C(C(O3)CO)O)O,HL60,-2.3159513,-2.2733662,-2.1661098,-1.5849706,-4.267083,-1.2882272
equol,C1C(COC2=C1C=CC(=C2)O)C3=CC=C(C=C3)O,HL60,4.1945333,2.499694,5.155219,4.5252204,3.5872612,5.205272
cidofovir,C1=CN(C(=O)N=C1N)CC(CO)OCP(=O)(O)O,HL60,-2.9175417,-3.2186394,-2.7549255,-1.7113644,-3.845335,-3.0574446
nilotinib,CC1=C(C=C(C=C1)C(=O)NC2=CC(=CC(=C2)C(F)(F)F)N3C=C(N=C3)C)NC4=NC=CC(=N4)C5=CN=CC=C5,HL60,2.7036343,1.9447827,3.3415048,3.3321974,1.283042,3.6166446
meloxicam,CC1=CN=C(S1)NC(=O)C2=C(C3=CC=CC=C3S(=O)(=O)N2C)O,HL60,-0.05196271,-3.3492315,0.08795017,1.9768158,-1.0538868,2.0785387
doxifluridine,CC1C(C(C(O1)N2C=C(C(=O)NC2=O)F)O)O,HL60,5.140108,4.620614,6.1293135,5.518688,3.257928,6.173998
ebastine,CC(C)(C)C1=CC=C(C=C1)C(=O)CCCN2CCC(CC2)OC(C3=CC=CC=C3)C4=CC=CC=C4,HL60,3.8632007,2.9585836,4.450952,4.4774866,2.3562727,5.0727096
triclabendazole,CSC1=NC2=CC(=C(C=C2N1)Cl)OC3=C(C(=CC=C3)Cl)Cl,HL60,1.8073533,0.004979849,2.3509572,2.46238,1.5071261,2.711323
flumethasone,CC1CC2C3CC(C4=CC(=O)C=CC4(C3(C(CC2(C1(C(=O)CO)O)C)O)F)C)F,HL60,1.6927671,1.0018628,2.3747265,2.1229236,0.1854263,2.7788966
dirithromycin,CCC1C(C2C(C(C(CC(C(C(C(C(C(=O)O1)C)OC3CC(C(C(O3)C)O)(C)OC)C)OC4C(C(CC(O4)C)N(C)C)O)(C)O)C)NC(O2)COCCOC)C)(C)O,HL60,-2.4279695,-3.7227733,-1.5510954,-1.7742196,-3.7295246,-1.3622352
nonoxynol-9,CCCCCCCCCC1=CC=C(C=C1)OCCOCCOCCOCCOCCOCCOCCOCCOCCO,HL60,4.1818132,2.4386833,4.9108467,4.772842,3.5848222,5.201873
trametinib,CC1=C2C(=C(N(C1=O)C)NC3=C(C=C(C=C3)I)F)C(=O)N(C(=O)N2C4=CC=CC(=C4)NC(=O)C)C5CC5,HL60,-2.4957414,-4.66317,-1.6871966,-1.2392324,-3.5111332,-1.3779742
tipiracil,C1CC(=N)N(C1)CC2=C(C(=O)NC(=O)N2)Cl,HL60,0.38127643,-0.012275934,0.34202105,1.7053851,-2.1105037,1.9817556
domperidone,C1CN(CCC1N2C3=C(C=C(C=C3)Cl)NC2=O)CCCN4C5=CC=CC=C5NC4=O,HL60,2.413082,1.889108,2.7023606,2.8300946,1.2816033,3.362243
idoxuridine,C1C(C(OC1N2C=C(C(=O)NC2=O)I)CO)O,HL60,4.89193,4.749962,5.643964,5.1338315,3.2473564,5.6845365
indoprofen,CC(C1=CC=C(C=C1)N2CC3=CC=CC=C3C2=O)C(=O)O,HL60,2.6160789,1.9876783,3.2109802,3.4904838,0.28216898,4.109082
podophyllotoxin,COC1=CC(=CC(=C1OC)OC)C2C3C(COC3=O)C(C4=CC5=C(C=C24)OCO5)O,HL60,1.9477501,1.7129753,1.9418591,2.4705856,1.1650807,2.4482505
curcumin,COC1=C(C=CC(=C1)C=CC(=O)CC(=O)C=CC2=CC(=C(C=C2)O)OC)O,HL60,3.17953,3.4036965,3.028755,3.1222262,2.9883618,3.354611
oridonin,CC1(CCC(C23C1C(C(C45C2CCC(C4O)C(=C)C5=O)(OC3)O)O)O)C,HL60,2.857764,2.2750306,2.9394162,2.5313072,3.034306,3.5087602
ziprasidone,C1CN(CCN1CCC2=C(C=C3C(=C2)CC(=O)N3)Cl)C4=NSC5=CC=CC=C54,HL60,2.4029365,2.161408,3.0141733,3.0591354,0.41199827,3.3679667
cholecalciferol,CC(C)CCCC(C)C1CCC2C1(CCCC2=CC=C3CC(CCC3=C)O)C,HL60,0.17993133,0.7649437,1.0197619,1.3287803,-4.0618706,1.8480414
benzydamine,CN(C)CCCOC1=NN(C2=CC=CC=C21)CC3=CC=CC=C3,HL60,1.8283983,0.31514028,2.4980836,2.846339,0.34150928,3.1409194
halcinonide,CC1(OC2CC3C4CCC5=CC(=O)CCC5(C4(C(CC3(C2(O1)C(=O)CCl)C)O)F)C)C,HL60,1.5089684,-1.5772212,2.7862418,2.3848696,0.24188948,3.7090619
fleroxacin,CN1CCN(CC1)C2=C(C=C3C(=C2F)N(C=C(C3=O)C(=O)O)CCF)F,HL60,-4.188432,-2.7248948,-4.96901,-5.1277966,-4.053437,-4.0670233
teriflunomide,CC(=C(C#N)C(=O)NC1=CC=C(C=C1)C(F)(F)F)O,HL60,3.1875281,2.7572725,3.4430242,3.6190736,2.3112903,3.8069804
icotinib,C#CC1=CC(=CC=C1)NC2=NC=NC3=CC4=C(C=C32)OCCOCCOCCO4,HL60,2.1054087,1.0551424,2.233938,2.0489922,2.8345995,2.3543708
ingenol-mebutate,CC=C(C)C(=O)OC1C(=CC23C1(C(C(=CC(C2=O)C4C(C4(C)C)CC3C)CO)O)O)C,HL60,-3.4201941,-3.4734013,-3.601537,-3.8210258,-3.0038447,-3.201163
triapine,C1=CC(=C(N=C1)C=NNC(=S)N)N,HL60,1.5961001,1.0977545,1.6433393,2.5329483,0.3753152,2.3311427
deferasirox,C1=CC=C(C(=C1)C2=NN(C(=N2)C3=CC=CC=C3O)C4=CC=C(C=C4)C(=O)O)O,HL60,3.099396,2.85549,3.118068,2.9892862,2.8741117,3.660024
danazol,CC12CCC3C(C1CCC2(C#C)O)CCC4=CC5=C(CC34C)C=NO5,HL60,3.915092,4.899391,3.8781066,3.5033746,3.073338,4.221251
ciclopirox,CC1=CC(=O)N(C(=C1)C2CCCCC2)O,HL60,4.9021835,4.7575707,5.287587,5.121898,3.7986856,5.5451756
eltrombopag,CC1=C(C=C(C=C1)N2C(=O)C(=C(N2)C)N=NC3=CC=CC(=C3O)C4=CC(=CC=C4)C(=O)O)C,HL60,1.5496471,1.6952007,2.615744,2.595311,-2.0932407,2.935221
triamcinolone,CC12CC(C3(C(C1CC(C2(C(=O)CO)O)O)CCC4=CC(=O)C=CC43C)F)O,HL60,2.968554,1.4294887,3.678694,3.021774,2.593533,4.1192794
oxibendazole,CCCOC1=CC2=C(C=C1)N=C(N2)NC(=O)OC,HL60,3.366012,2.994109,3.6243086,3.5436502,2.838429,3.8295648
dofetilide,CN(CCC1=CC=C(C=C1)NS(=O)(=O)C)CCOC2=CC=C(C=C2)NS(=O)(=O)C,HL60,1.3353342,0.83440304,1.9418591,1.8908186,-0.3205846,2.3301752
ribavirin,C1=NC(=NN1C2C(C(C(O2)CO)O)O)C(=O)N,HL60,1.3123686,-0.23451829,1.975047,1.642648,0.2713798,2.9072864
temazepam,CN1C2=C(C=C(C=C2)Cl)C(=NC(C1=O)O)C3=CC=CC=C3,HL60,1.7765763,-0.55264175,2.7570655,2.434415,0.9485785,3.2954643
tanespimycin,CC1CC(C(C(C=C(C(C(C=CC=C(C(=O)NC2=CC(=O)C(=C(C1)C2=O)NCC=C)C)OC)OC(=O)N)C)C)O)OC,HL60,-0.761261,-0.51468825,-0.05854167,0.6624145,-4.23335,0.33786008
enocitabine,CCCCCCCCCCCCCCCCCCCCCC(=O)NC1=NC(=O)N(C=C1)C2C(C(C(O2)CO)O)O,HL60,1.5513058,0.98109406,2.1382205,2.2072475,-0.34989506,2.779862
nithiamide,CC(=O)NC1=NC=C(S1)[N+](=O)[O-],HL60,1.7575086,1.4866812,2.2128801,2.6248505,-0.16414201,2.6272738
CPP,C1CN(C[C@@H](N1)C(=O)O)CCCP(=O)(O)O,HL60,2.6750371,2.4982586,3.42127,2.8950708,0.7385498,3.822037
colfosceril-palmitate,CCCCCCCCCCCCCCCC(=O)OCC(COP(=O)(O)OCC[N+](C)(C)C)OC(=O)CCCCCCCCCCCCCCC,HL60,1.1544622,0.54303926,2.1723297,2.1429608,-1.5710465,2.485028
CGP-37849,CC(=CC(C(=O)O)N)CP(=O)(O)O,HL60,-0.24928999,0.14287414,0.585156,0.93659115,-4.053437,1.1423659
costunolide,CC1=CCCC(=CC2C(CC1)C(=C)C(=O)O2)C,HL60,3.076154,0.7254359,4.456043,4.0896463,1.0845217,5.025123
SRT1720,C1CN(CCN1)CC2=CSC3=NC(=CN23)C4=CC=CC=C4NC(=O)C5=NC6=CC=CC=C6N=C5.Cl,HL60,0.79432154,-0.114022374,0.90271425,1.0744525,0.60620296,1.5022602
epothilone-a,CC1CCCC2C(O2)CC(OC(=O)CC(C(C(=O)C(C1O)C)(C)C)O)C(=CC3=CSC(=N3)C)C,HL60,-0.055156372,0.13478999,1.0116024,-0.104774304,-2.2011323,0.88373244
PIK-75,CC1=C(C=C(C=C1)[N+](=O)[O-])S(=O)(=O)N(C)N=CC2=CN=C3N2C=C(C=C3)Br,HL60,1.6130989,1.2407389,2.0534072,1.9180653,0.6702185,2.1830647
VU0238429,COC1=CC=C(C=C1)CN2C3=C(C=C(C=C3)OC(F)(F)F)C(=O)C2=O,HL60,3.598407,3.478927,3.8781066,4.0419126,2.2664661,4.326621
VU0361737,COC1=C(C=CC(=C1)NC(=O)C2=CC=CC=N2)Cl,HL60,3.431788,2.8129988,3.6551268,3.813124,2.8658519,4.0118394
skepinone-l,C1CC2=C(C=CC(=C2)NC3=C(C=C(C=C3)F)F)C(=O)C4=C1C=CC(=C4)OCC(CO)O,HL60,3.6751397,2.977391,4.2693696,4.009095,2.7048464,4.414996
BAN-ORL-24,C1CC(N(C1)CC2=CC=CC=C2)C(=O)NCCCN3CCC4(CC3)C5=CC=CC=C5CO4,HL60,3.2964554,4.339092,3.7638974,3.4016497,1.0507157,3.9269223
CNX-774,CNC(=O)C1=NC=CC(=C1)OC2=CC=C(C=C2)NC3=NC=C(C(=N3)NC4=CC(=CC=C4)NC(=O)C=C)F,HL60,1.6846635,1.5579169,2.4295778,2.2725663,-0.39145577,2.554712
maytansinol-isobutyrate,CC1C2CC(C(C=CC=C(CC3=CC(=C(C(=C3)OC)Cl)N(C(=O)CC(C4(C1O4)C)OC(=O)C(C)C)C)C)OC)(NC(=O)O2)O,HL60,-2.8590055,-3.2061172,-2.6073163,-2.3545935,-3.7380009,-2.3889987
"hydroxytacrine-maleate-(r,s)",C1CC(C2=C(C3=CC=CC=C3N=C2C1)N)O,HL60,1.3476925,-2.0328872,2.3719838,2.1329424,1.6130276,2.6533954
LY303511,C1CN(CCN1)C2=CC(=O)C3=C(O2)C(=CC=C3)C4=CC=CC=C4,HL60,1.971235,2.1173198,2.7242424,2.7878604,-1.0610795,3.2878323
dihydromyricetin,C1=C(C=C(C(=C1O)O)O)C2C(C(=O)C3=C(C=C(C=C3O2)O)O)O,HL60,-1.8330803,-2.1654418,-1.4618948,-0.9905795,-3.47972,-1.0677649
JIB04,C1=CC=C(C=C1)C(=NNC2=NC=C(C=C2)Cl)C3=CC=CC=N3,HL60,4.2272873,4.169164,4.4747105,4.334284,3.3302999,4.827979
GS-39783,CSC1=NC(=C(C(=N1)NC2CCCC2)[N+](=O)[O-])NC3CCCC3,HL60,3.2525425,3.5276875,3.3596332,3.4581807,2.1968336,3.7203782
KPT-276,C1C(CN1C(=O)C=CN2C=NC(=N2)C3=CC(=CC(=C3)C(F)(F)F)C(F)(F)F)(F)F,HL60,2.4304554,1.0744715,3.2345471,3.215906,1.012594,3.6147585
G-1,CC(=O)C1=CC2=C(C=C1)NC(C3C2C=CC3)C4=CC5=C(C=C4Br)OCO5,HL60,0.049065508,-1.3219414,-0.66565025,1.3454181,0.073578835,0.8139222
LY456236,COC1=CC=C(C=C1)NC2=NC=NC3=C2C=C(C=C3)OC.Cl,HL60,2.6861835,2.0114045,2.870123,2.7259638,2.7168598,3.1065662
GW-405833,CC1=C(C2=C(N1C(=O)C3=C(C(=CC=C3)Cl)Cl)C=CC(=C2)OC)CCN4CCOCC4,HL60,3.1657948,2.7691143,3.7620847,3.6718528,1.6840931,3.94183
CGS-15943,C1=COC(=C1)C2=NN3C(=N2)C4=C(C=CC(=C4)Cl)N=C3N,HL60,3.5977986,3.5902598,3.7729619,3.383883,3.215643,4.0262456
WZ-4002,CN1CCN(CC1)C2=CC(=C(C=C2)NC3=NC=C(C(=N3)OC4=CC=CC(=C4)NC(=O)C=C)Cl)OC,HL60,1.9286897,0.8877004,2.7114782,2.5854642,0.6277812,2.831025
PETCM,C1=CN=CC=C1CC(C(Cl)(Cl)Cl)O,HL60,0.062851116,0.34686416,-0.30203408,0.12508492,0.3753152,-0.23097464
baicalein,C1=CC=C(C=C1)C2=CC(=O)C3=C(O2)C=C(C(=C3O)O)O,HL60,2.1191285,1.3427765,2.6394498,2.6313932,1.1046615,2.877361
NSC-663284,C1COCCN1CCNC2=C(C(=O)C3=C(C2=O)N=CC=C3)Cl,HL60,-0.7796808,-0.40662283,-0.88178587,-0.8417221,-1.4660319,-0.30224115
YM-201636,C1COCCN1C2=NC(=NC3=C2OC4=C3C=CC=N4)C5=CC(=CC=C5)NC(=O)C6=CN=C(C=C6)N,HL60,1.4833872,0.88004833,1.9390934,1.504559,1.1708348,1.922401
acetylsalicylsalicylic-acid,CC(=O)OC1=CC=CC=C1C(=O)OC2=CC=CC=C2C(=O)O,HL60,3.1967678,2.513332,4.2031856,4.0717463,0.73639196,4.459183
NVP-BHG712,CC1=C(C=C(C=C1)C(=O)NC2=CC=CC(=C2)C(F)(F)F)NC3=C4C=NN(C4=NC(=N3)C5=CN=CC=C5)C,HL60,1.4713068,2.67225,1.933562,1.9606382,-1.5429949,2.3330786
AZ-628,CC1=C(C=C(C=C1)NC(=O)C2=CC(=CC=C2)C(C)(C)C#N)NC3=CC4=C(C=C3)N=CN(C4=O)C,HL60,1.3288583,1.1128571,1.5593969,1.5385144,0.60332584,1.830197
CHIR-98014,C1=CC(=C(C=C1Cl)Cl)C2=NC(=NC=C2N3C=CN=C3)NCCNC4=NC(=C(C=C4)[N+](=O)[O-])N,HL60,2.4841888,2.6158211,2.715125,2.4541743,1.8714077,2.7644165
mexeneone,CC1=CC=C(C=C1)C(=O)C2=C(C=C(C=C2)OC)O,HL60,3.981176,4.245251,4.1879125,4.1194806,2.9314399,4.421794
IEM1754,C1C2CC3CC1CC(C2)(C3)CNCCCCCN,HL60,6.6747346,6.8913074,8.131808,5.8826613,5.2096047,7.2582912
LE-135,CC1(CCC(C2=CC3=C(C=C21)N=C(C4=CC=CC=C4N3C)C5=CC=C(C=C5)C(=O)O)(C)C)C,HL60,-0.7465035,-1.1077564,-1.0492849,-0.95472825,0.33287793,-0.95362544
4-iodo-6-phenylpyrimidine,C1=CC=C(C=C1)C2=CC(=NC=N2)I,HL60,5.056912,5.296932,5.1416426,4.9399114,4.561439,5.344633
NVP-AEW541,C1CN(C1)CC2CC(C2)N3C=C(C4=C(N=CN=C43)N)C5=CC(=CC=C5)OCC6=CC=CC=C6,HL60,2.408127,1.4327621,3.2127929,2.6395714,1.4714923,3.2840164
RN-1734,CC(C)NCCN(C(C)C)S(=O)(=O)C1=C(C=C(C=C1)Cl)Cl,HL60,1.5612644,1.3975794,1.9630624,1.6710495,0.46090913,2.313722
trequinsin,CC1=CC(=C(C(=C1)C)N=C2C=C3C4=CC(=C(C=C4CCN3C(=O)N2C)OC)OC)C,HL60,-1.1300962,0.5106687,-1.407969,-0.19549832,-3.347659,-1.2100236
"2,3-DCPE",C1=CC(=C(C(=C1)Cl)Cl)OCCCNCCO,HL60,3.548764,4.549599,3.3106863,3.2724366,3.08147,3.529626
CCT129202,CN(C)C1=CC=C(C=C1)C2=NC3=NC=C(C(=C3N2)N4CCN(CC4)CC(=O)NC5=NC=CS5)Cl,HL60,2.8006213,2.2259636,3.3070607,3.198139,1.7101461,3.5617974
8-bromo-cGMP,C1C2C(C(C(O2)N3C4=C(C(=O)NC(=N4)N)N=C3Br)O)OP(=O)(O1)O,HL60,3.0673218,2.739858,3.9917877,3.5049856,1.1506951,3.9492831
fendiline,CC(C1=CC=CC=C1)NCCC(C2=CC=CC=C2)C3=CC=CC=C3,HL60,3.6389375,2.921665,4.1539717,4.194065,2.231267,4.693717
LY2183240,CN(C)C(=O)N1C(=NN=N1)CC2=CC=C(C=C2)C3=CC=CC=C3,HL60,4.638397,4.282027,5.236676,5.1576986,2.9058251,5.6097574
SU3327,C1=C(SC(=N1)SC2=NN=C(S2)N)[N+](=O)[O-],HL60,-3.3525357,-2.973556,-3.5308626,-3.6852486,-3.364922,-3.2080894
BAY-11-7085,CC(C)(C)C1=CC=C(C=C1)S(=O)(=O)C=CC#N,HL60,4.484269,3.6608255,5.050003,4.829526,3.6043382,5.2766523
bisindolylmaleimide-ix,CN1C=C(C2=CC=CC=C21)C3=C(C(=O)NC3=O)C4=CN(C5=CC=CC=C54)CCCSC(=N)N,HL60,2.9905515,3.8648162,3.9306793,3.412956,-0.23283285,3.9771395
TG-100572,CC1=CC(=CC2=C1N=C(N=N2)NC3=CC=C(C=C3)OCCN4CCCC4)C5=C(C=CC(=C5)O)Cl,HL60,3.6402774,3.8153594,3.9343047,3.7086022,2.5184705,4.22465
tetrahydropapaverine,COC1=C(C=C(C=C1)CC2C3=CC(=C(C=C3CCN2)OC)OC)OC,HL60,-0.7203576,0.4218645,-2.2747893,-1.0306114,0.2512401,-0.96949184
Ro-90-7501,C1=CC(=CC=C1C2=NC3=C(N2)C=C(C=C3)C4=NC5=C(N4)C=C(C=C5)N)N,HL60,2.2925003,2.7475204,2.8610055,2.2345812,0.7960919,2.823302
CR8-(R),CCC(CO)NC1=NC(=C2C(=N1)N(C=N2)C(C)C)NCC3=CC=C(C=C3)C4=CC=CC=N4,HL60,-1.2709495,-0.4923793,-2.0541863,-1.8378835,-0.44349086,-1.5268074
ABT-702,C1COCCN1C2=NC=C(C=C2)C3=NC4=NC=NC(=C4C(=C3)C5=CC(=CC=C5)Br)N,HL60,0.8969328,2.6193502,2.0358913,1.5515437,-3.8171134,2.094992
pirenperone,CC1=C(C(=O)N2C=CC=CC2=N1)CCN3CCC(CC3)C(=O)C4=CC=C(C=C4)F,HL60,3.037148,3.7138278,3.7747748,3.4581807,0.23253888,4.006417
BIBU-1361,CCN(CC)CC1CCN(CC1)C2=NC=C3C(=N2)C(=NC=N3)NC4=CC(=C(C=C4)F)Cl,HL60,1.1424792,1.2240047,1.6133177,1.4578607,-0.5476061,1.9648186
SGI-1027,CC1=CC(=NC(=N1)N)NC2=CC=C(C=C2)NC(=O)C3=CC=C(C=C3)NC4=CC=NC5=CC=CC=C54,HL60,2.0512786,1.7935555,2.4770768,2.3221118,0.96584105,2.6978085
1-azakenpaullone,C1C2=C(C3=C(C=CC=N3)NC1=O)NC4=C2C=C(C=C4)Br,HL60,4.07417,3.1877575,4.870118,4.6117387,2.710102,4.9911327
digitoxigenin,CC12CCC(CC1CCC3C2CCC4(C3(CCC4C5=CC(=O)OC5)O)C)O,HL60,2.2353203,-1.6580894,3.9415565,3.0963838,1.3103745,4.486376
ZM-447439,COC1=C(C=C2C(=C1)C(=NC=N2)NC3=CC=C(C=C3)NC(=O)C4=CC=CC=C4)OCCCN5CCOCC5,HL60,1.4194618,0.44476467,2.0211413,1.7669264,0.5313982,2.3330786
BIBR-1532,CC(=CC(=O)NC1=CC=CC=C1C(=O)O)C2=CC3=CC=CC=C3C=C2,HL60,3.8849404,4.0043087,4.4730134,4.382018,1.7475809,4.8177814
NH125,CCCCCCCCCCCCCCCCN1C=C[N+](=C1C)CC2=CC=CC=C2.[I-],HL60,0.3848558,0.21647298,1.0953639,1.7088042,-3.1894183,2.0930562
PLX-4720,CCCS(=O)(=O)NC1=C(C(=C(C=C1)F)C(=O)C2=CNC3=C2C=C(C=N3)Cl)F,HL60,3.4428241,2.9725149,3.8345983,3.6574726,2.878584,3.8709512
arctigenin,COC1=C(C=C(C=C1)CC2COC(=O)C2CC3=CC(=C(C=C3)O)OC)OC,HL60,-2.1239173,-0.8336542,-2.7792568,-2.4054163,-2.3838286,-2.2174313
ku-0063794,CC1CN(CC(O1)C)C2=NC3=C(C=CC(=N3)C4=CC(=C(C=C4)OC)CO)C(=N2)N5CCOCC5,HL60,2.4556491,1.0692,3.4031415,3.120611,1.0233831,3.6619103
WYE-354,COC(=O)NC1=CC=C(C=C1)C2=NC3=C(C=NN3C4CCN(CC4)C(=O)OC)C(=N2)N5CCOCC5,HL60,2.924977,1.0276289,3.6025543,3.4953196,2.5575528,3.94183
PD-168393,C=CC(=O)NC1=CC2=C(C=C1)N=CN=C2NC3=CC(=CC=C3)Br,HL60,3.288892,2.1974134,3.725828,3.6942217,2.8351464,3.9918492
SB-205384,CC#CCOC(=O)C1=C(N=C2C(=C1N)C3=C(S2)CC(CC3)O)C,HL60,-4.04087,-5.2093315,-3.6368134,-3.7464445,-4.2530274,-3.358734
RKI-1447,C1=CC(=CC(=C1)O)CNC(=O)NC2=NC(=CS2)C3=CC=NC=C3,HL60,3.8933082,4.0537653,4.0299916,3.9360025,3.01479,4.431991
TMS,COC1=CC(=C(C=C1)C=CC2=CC(=CC(=C2)OC)OC)OC,HL60,4.195971,4.178041,4.293128,4.2149487,3.8702445,4.4234934
TG-02,CN1CC=CCCOC2=CC=CC(=C2)C3=NC(=NC=C3)NC4=CC=CC(=C4)C1,HL60,3.0181131,2.048983,3.9306793,3.7245657,1.1837819,4.2025557
scriptaid,C1=CC2=C3C(=C1)C(=O)N(C(=O)C3=CC=C2)CCCCCC(=O)NO,HL60,1.4026079,-0.1797767,2.2430801,2.0894523,0.23397744,2.6263063
VE-821,CS(=O)(=O)C1=CC=C(C=C1)C2=CN=C(C(=N2)C(=O)NC3=CC=CC=C3)N,HL60,3.3009648,2.480314,3.6823194,3.5661244,2.6788812,4.0971856
U-0126,C1=CC=C(C(=C1)N)SC(=C(C#N)C(=C(N)SC2=CC=CC=C2N)C#N)N,HL60,1.2528274,1.6547456,1.5405754,1.9606382,-0.9539074,2.0620856
ZM-306416,COC1=C(C=C2C(=C1)C(=NC=N2)NC3=C(C=C(C=C3)Cl)F)OC,HL60,1.6101395,1.0959971,1.9142025,1.8284677,0.8895978,2.3224323
GSK650394,C1CCC(C1)C2=C(C=CC(=C2)C3=CNC4=C3C=C(C=N4)C5=CC=CC=C5)C(=O)O,HL60,2.7242115,1.9022279,3.970407,3.615865,-0.06829846,4.2008567
digoxigenin,CC12CCC(CC1CCC3C2CC(C4(C3(CCC4C5=CC(=O)OC5)O)C)O)O,HL60,1.6839626,-1.3398249,3.3378792,2.621569,-0.1824835,3.9826736
Ro-10-5824,CC1=NC=C(C(=N1)N)CN2CCC(=CC2)C3=CC=CC=C3,HL60,4.2835283,4.1438017,4.3389482,4.549088,3.1839294,5.201873
FERb-033,C1=CC(=C(C=C1C2=C(C(=C(C=C2)C=NO)O)Cl)F)O,HL60,1.0325235,0.14449099,1.6773113,1.761798,-0.55372,2.1327372
PFI-1,CN1CC2=C(C=CC(=C2)NS(=O)(=O)C3=CC=CC=C3OC)NC1=O,HL60,3.040063,2.250434,3.3578205,3.1464536,2.6367435,3.8088627
GW-441756,CN1C=C(C2=CC=CC=C21)C=C3C4=C(C=CC=N4)NC3=O,HL60,3.1015182,2.6193502,3.8636038,3.76754,1.2873576,3.9697387
CMPD-1,C1=CC=C(C(=C1)C2=CC=C(C=C2)CCCC(=O)NC3=CC=C(C=C3)O)F,HL60,3.6772385,3.3493636,4.0334077,3.9210856,2.9936476,4.0886884
AM-251,CC1=C(N(N=C1C(=O)NN2CCCCC2)C3=C(C=C(C=C3)Cl)Cl)C4=CC=C(C=C4)I,HL60,5.276361,4.686556,6.041068,6.016914,3.2457304,6.391536
NSC-23766,CCN(CC)CCCC(C)NC1=NC(=CC(=N1)NC2=CC3=C(C=C(N=C3C=C2)C)N)C,HL60,2.9499562,2.7349818,3.0524504,3.2514393,2.158574,3.552335
GSK429286A,CC1=C(C(CC(=O)N1)C2=CC=C(C=C2)C(F)(F)F)C(=O)NC3=C(C=C4C(=C3)C=NN4)F,HL60,3.9460037,3.7874606,4.393253,4.217932,2.6988392,4.6325345
EMD-53998,CC1C(=NNC(=O)S1)C2=CC3=C(C=C2)N(CCC3)C(=O)C4=CC(=C(C=C4)OC)OC,HL60,1.2694746,-0.30631697,1.9271088,2.421203,-0.2473982,2.5527766
amonafide,CN(C)CCN1C(=O)C2=CC=CC3=CC(=CC(=C32)C1=O)N,HL60,2.8031013,3.370261,3.40858,3.3418887,0.65655226,3.2382255
ZK-93423,CCOC(=O)C1=NC=C2C(=C1COC)C3=C(N2)C=CC(=C3)OCC4=CC=CC=C4,HL60,0.26137167,-0.38948655,1.2259116,1.4805552,-2.8700595,1.8599375
vanoxerine,C1CN(CCN1CCCC2=CC=CC=C2)CCOC(C3=CC=C(C=C3)F)C4=CC=C(C=C4)F,HL60,3.9152884,3.663566,4.39495,4.4774866,2.4588919,4.5815487
combretastatin-A-4,COC1=C(C=C(C=C1)C=CC2=CC(=C(C(=C2)OC)OC)OC)O,HL60,3.442145,4.202135,3.0615637,3.1367629,3.3831558,3.427108
GSK461364,CC(C1=CC=CC=C1C(F)(F)F)OC2=C(SC(=C2)N3C=NC4=C3C=C(C=C4)CN5CCN(CC5)C)C(=O)N,HL60,1.44401,0.6937796,2.3664987,1.9895877,-0.22096485,2.3911483
BMS-986020,CC1=NOC(=C1NC(=O)OC(C)C2=CC=CC=C2)C3=CC=C(C=C3)C4=CC=C(C=C4)C5(CC5)C(=O)O,HL60,0.7833061,-0.7887283,1.3541838,1.7925686,-0.61584747,2.174354
camptothecin,CCC1(C2=C(COC1=O)C(=O)N3CC4=CC5=CC=CC=C5N=C4C3=C2)O,HL60,-2.8376503,-3.7934945,-2.6462462,-2.3174539,-3.6418095,-1.789247
LY2603618,CC1=CC(=C(C=C1Br)NC(=O)NC2=NC=C(N=C2)C)OCC3CNCCO3,HL60,2.6566932,2.9119127,2.7971828,2.7585542,1.6004866,3.21533
frentizole,COC1=CC2=C(C=C1)N=C(S2)NC(=O)NC3=CC=CC=C3,HL60,3.1694694,2.593915,3.559046,3.5194848,2.405561,3.769341
VLX600,CC1=C2C(=CC=C1)C3=C(N2)N=C(N=N3)NN=C(C)C4=CC=CC=N4,HL60,2.4034233,3.361902,3.1399405,2.984413,-0.93232906,3.4631898
CGM097,CC(C)OC1=C(C=C2CC(=O)N(C(C2=C1)C3=CC=C(C=C3)Cl)C4=CC=C(C=C4)N(C)CC5CCC(CC5)N6CCN(C(=O)C6)C)OC,HL60,-2.169714,-3.0898364,-1.9536173,-1.785194,-2.4730191,-1.5469041
BF2.649,C1CCN(CC1)CCCOCCCC2=CC=C(C=C2)Cl,HL60,3.8569512,2.1066651,4.669869,4.6714067,3.0054383,4.831378
tiotidine,CN=C(NCCSCC1=CSC(=N1)N=C(N)N)NC#N,HL60,1.7742918,-1.233572,2.862829,3.1900632,0.64792097,3.4042177
MK-0812,CC(C)C1(CCC(C1)NC2CCOCC2OC)C(=O)N3CCC4=C(C3)C=C(C=N4)C(F)(F)F,HL60,4.4195986,4.780397,4.7207794,4.393952,3.3969798,4.8058853
MK-2461,CN1C=C(C=N1)C2=CC3=C(C=CC4=C(C3=O)C=C(C=C4)NS(=O)(=O)N(C)CC5COCCO5)N=C2,HL60,0.84873563,1.2545029,1.0233521,0.39294943,0.20412749,1.3687462
ICI-162846,C1=CN(N=C1NC(=NCC(F)(F)F)N)CCCCC(=O)N,HL60,-1.1357695,-0.355214,-1.3051361,-0.38823774,-2.3665662,-1.2636933
ixazomib,B(C(CC(C)C)NC(=O)CNC(=O)C1=C(C=CC(=C1)Cl)Cl)(O)O,HL60,-0.48330888,-1.811378,-0.59582543,1.0478914,-1.4027358,0.34550336
SR-27897,C1=CC=C2C(=C1)C=C(N2CC(=O)O)C(=O)NC3=NC(=CS3)C4=CC=CC=C4Cl,HL60,2.0317836,2.1889634,2.6075385,2.338627,0.06458783,2.9592023
selumetinib,CN1C=NC2=C1C=C(C(=C2F)NC3=C(C=C(C=C3)Br)Cl)C(=O)NOCCO,HL60,1.4067464,-1.1959696,2.5956857,2.7129278,0.29187918,2.6292086
CB-10-277,CN(C)N=NC1=CC=C(C=C1)C(=O)O,HL60,2.5416439,1.9984698,3.2327342,3.2740517,0.5731162,3.6298473
alisertib,COC1=C(C(=CC=C1)F)C2=NCC3=CN=C(N=C3C4=C2C=C(C=C4)Cl)NC5=CC(=C(C=C5)C(=O)O)OC,HL60,1.1301204,0.1525751,1.5904269,1.4766272,0.702586,1.7283866
PHA-793887,CC(C)CC(=O)NC1=NNC2=C1CN(C2(C)C)C(=O)C3CCN(CC3)C,HL60,-2.3475118,-3.359965,-1.6668069,-1.1161362,-4.267083,-1.3275667
voxtalisib,CCN1C2=NC(=NC(=C2C=C(C1=O)C3=CC=NN3)C)N,HL60,-1.9830649,0.7632009,-2.2520802,-2.2822688,-4.25865,-1.885526
AMG-208,COC1=CC2=NC=CC(=C2C=C1)OCC3=NN=C4N3N=C(C=C4)C5=CC=CC=C5,HL60,3.405424,2.8742974,3.607993,3.5564973,3.0465035,3.94183
salvinorin-a,CC(=O)OC1CC(C2(CCC3C(=O)OC(CC3(C2C1=O)C)C4=COC=C4)C)C(=O)OC,HL60,1.9809341,1.9190452,2.844594,2.4112937,-0.80178046,3.5315185
sulmazole,COC1=C(C=CC(=C1)S(=O)C)C2=NC3=C(N2)C=CC=N3,HL60,2.4970586,1.90822,2.9339457,2.742259,1.8019551,3.098913
torcetrapib,CCC1CC(C2=C(N1C(=O)OCC)C=CC(=C2)C(F)(F)F)N(CC3=CC(=CC(=C3)C(F)(F)F)C(F)(F)F)C(=O)OC,HL60,2.3105469,1.7792428,3.308874,3.2417483,-0.2839914,3.5068614
tecastemizole,C1CNCCC1NC2=NC3=CC=CC=C3N2CC4=CC=C(C=C4)F,HL60,2.8221924,3.2560222,3.61887,3.5532882,-0.1449014,3.8276827
vincristine,CCC1(CC2CC(C3=C(CCN(C2)C1)C4=CC=CC=C4N3)(C5=C(C=C6C(=C5)C78CCN9C7C(C=CC9)(C(C(C8N6C=O)(C(=O)OC)O)OC(=O)C)CC)OC)C(=O)OC)O,HL60,-3.841235,-4.59072,-3.3940284,-3.5360854,-4.2642717,-3.4210699
UK-383367,C1CCC(CC1)CCCC(CC(=O)NO)C2=NC(=NO2)C(=O)N,HL60,4.288129,4.874237,4.3389482,4.140364,3.4392648,4.64783
temocapril,CCOC(=O)C(CCC1=CC=CC=C1)NC2CSC(CN(C2=O)CC(=O)O)C3=CC=CS3,HL60,-4.1290526,-5.2399836,-4.134322,-3.8726594,-4.0759263,-3.3223717
LY2801653,CC1=CC=C(C(=O)N1C2=CC=C(C=C2)F)C(=O)NC3=CC(=C(C=C3)OC4=C(C=C5C(=C4)C=NN5C)C6=CNN=C6)F,HL60,0.014327335,-1.3029404,1.5955138,1.3064507,-3.4854312,1.9580437
crystal-violet,CN(C)C1=CC=C(C=C1)C(=C2C=CC(=[N+](C)C)C=C2)C3=CC=C(C=C3)N(C)C,HL60,3.7292686,1.8052318,4.578229,4.519254,2.5451531,5.198474
balapiravir,CC(C)C(=O)OCC1(C(C(C(O1)N2C=CC(=NC2=O)N)OC(=O)C(C)C)OC(=O)C(C)C)N=[N+]=[N-],HL60,1.2135661,0.7653794,2.2476513,2.0133975,-1.3236154,2.3650172
STA-5326,CC1=CC(=CC=C1)C=NNC2=CC(=NC(=N2)OCCC3=CC=CC=N3)N4CCOCC4,HL60,3.5851169,3.9459755,3.5336664,3.4872534,2.921682,4.0370083
oltipraz,CC1=C(SSC1=S)C2=NC=CN=C2,HL60,-4.4414673,-5.7053356,-5.364222,-5.1964555,-1.1513487,-4.789976
tetrahydrouridine,C1CN(C(=O)NC1O)C2C(C(C(O2)CO)O)O,HL60,-2.3800528,-2.896632,-2.0574305,-1.5981463,-4.2642717,-1.0837834
S-methylcysteine,CSCC(C(=O)O)N,HL60,0.21853213,-0.28754896,1.6996359,1.6478119,-3.8142881,1.84705
AZD1480,CC1=CC(=NN1)NC2=NC(=NC=C2Cl)NC(C)C3=NC=C(C=N3)F,HL60,1.2640707,1.7663329,1.7010918,1.8233392,-0.8535683,1.8831583
TG100-115,C1=CC(=CC(=C1)O)C2=NC3=C(N=C(N=C3N=C2C4=CC(=CC=C4)O)N)N,HL60,1.0068976,1.4509699,0.59462094,1.1083724,1.4729309,0.40759352
pibenzimol,CN1CCN(CC1)C2=CC3=C(C=C2)N=C(N3)C4=CC5=C(C=C4)N=C(N5)C6=CC=C(C=C6)O,HL60,1.1757506,0.2705702,1.7669523,1.7780381,0.021431267,2.0417612
OSI-027,COC1=CC=CC2=C1NC(=C2)C3=C4C(=NC=NN4C(=N3)C5CCC(CC5)C(=O)O)N,HL60,2.0983691,2.7294095,2.0515635,1.8259035,1.6631914,2.2217777
lappaconite,CCN1CC2(CCC(C34C2CC(C31)C5(CC(C6CC4C5(C6OC)O)OC)O)OC)OC(=O)C7=CC=CC=C7NC(=O)C,HL60,-1.755369,-0.6080129,-1.8352051,-1.7263299,-3.2167506,-1.3905467
PF-05212384,CN(C)C1CCN(CC1)C(=O)C2=CC=C(C=C2)NC(=O)NC3=CC=C(C=C3)C4=NC(=NC(=N4)N5CCOCC5)N6CCOCC6,HL60,1.1119548,-0.99041146,2.6011562,2.4393694,-1.1369632,2.6466231
AZD8931,CNC(=O)CN1CCC(CC1)OC2=C(C=C3C(=C2)C(=NC=N3)NC4=C(C(=CC=C4)Cl)F)OC,HL60,2.1520844,3.282492,2.9521806,2.6051579,-1.1783216,3.098913
SB-2343,CC1=NC2=C(N=C(N=C2N1C(C)C)N3CCOCC3)C4=CN=C(N=C4)N,HL60,2.4913976,2.8220541,2.7844183,2.6884851,1.131994,3.0300362
KW-2478,CCC1=C(C(=C(C=C1O)O)C(=O)C2=CC(=C(C=C2)OCCN3CCOCC3)OC)CC(=O)N(CCOC)CCOC.Cl,HL60,1.6256965,0.2680862,2.0995014,2.1571538,0.9377893,2.6659522
TAK-901,CCS(=O)(=O)C1=CC=CC(=C1)C2=CC(=C(C3=C2C4=C(N3)N=CC(=C4)C)C)C(=O)NC5CCN(CC5)C,HL60,1.7693297,1.7116082,2.4131234,1.9998053,0.14514685,2.5769646
AZD6482,CC1=CN2C(=O)C=C(N=C2C(=C1)C(C)NC3=CC=CC=C3C(=O)O)N4CCOCC4,HL60,1.8285787,2.4085367,1.9160463,2.0295355,0.30374724,2.485028
oxiperomide,C1CN(CCC1N2C3=CC=CC=C3NC2=O)CCOC4=CC=CC=C4,HL60,0.17655328,1.5358686,-2.0768955,-0.5745507,1.8445343,0.15380958
resatorvid,CCOC(=O)C1=CCCCC1S(=O)(=O)NC2=C(C=C(C=C2)F)Cl,HL60,2.1068144,-0.051339805,3.0050597,3.1044593,0.9349122,3.5409806
CPI-1189,CC(=O)NC1=CC=C(C=C1)C(=O)NC(C)(C)C,HL60,4.3893986,3.6976829,4.8803005,4.7310743,3.5482292,5.089705
LY2090314,C1CCN(CC1)C(=O)N2CCN3C=C(C4=CC(=CC(=C43)C2)F)C5=C(C(=O)NC5=O)C6=CN=C7N6C=CC=C7,HL60,1.4461644,0.724995,2.4569814,2.1521447,-0.6618812,2.5585825
etomoxir,CCOC(=O)C1(CO1)CCCCCCOC2=CC=C(C=C2)Cl,HL60,-1.6181854,-1.7150183,-1.2825371,-0.5193156,-4.267083,-0.30697343
dacomitinib,COC1=C(C=C2C(=C1)N=CN=C2NC3=CC(=C(C=C3)F)Cl)NC(=O)C=CCN4CCCCC4,HL60,1.3448732,0.68384254,1.562449,1.7053851,0.69898957,2.0736997
ABT-737,CN(C)CCC(CSC1=CC=CC=C1)NC2=C(C=C(C=C2)S(=O)(=O)NC(=O)C3=CC=C(C=C3)N4CCN(CC4)CC5=CC=CC=C5C6=CC=C(C=C6)Cl)[N+](=O)[O-],HL60,0.72598755,-1.1604886,1.3240893,1.5180885,-0.21449137,2.16274
dolastatin-10,CCC(C)C(C(CC(=O)N1CCCC1C(C(C)C(=O)NC(CC2=CC=CC=C2)C3=NC=CS3)OC)OC)N(C)C(=O)C(C(C)C)NC(=O)C(C(C)C)N(C)C,HL60,1.7113634,0.40874663,2.250394,2.1796958,1.257148,2.4608324
IKK-2-inhibitor-V,C1=CC(=C(C=C1Cl)C(=O)NC2=CC(=CC(=C2)C(F)(F)F)C(F)(F)F)O,HL60,3.2978985,3.622144,3.642437,3.6990151,1.4542297,4.0716667
erteberel,C1CC2C(C1)C3=C(C=CC(=C3)O)OC2C4=CC=C(C=C4)O,HL60,2.8556118,1.6573181,3.3016222,3.375807,2.2870603,3.6562521
AZD8330,CC1=CC(=C(N(C1=O)C)NC2=C(C=C(C=C2)I)F)C(=O)NOCCO,HL60,-2.229777,-4.281414,-1.2498448,-0.82031775,-4.1546383,-0.64267147
cytochalasin-b,CC1CCCC(C=CC(=O)OC23C(C=CC1)C(C(=C)C(C2C(NC3=O)CC4=CC=CC=C4)C)O)O,HL60,1.3007238,1.3098757,2.4259222,2.331195,-2.822587,3.259213
pelitinib,CCOC1=C(C=C2C(=C1)N=CC(=C2NC3=CC(=C(C=C3)F)Cl)C#N)NC(=O)C=CCN(C)C,HL60,1.058455,0.47266042,0.55957955,1.3918285,1.131994,1.7362126
SU014813,CC1=C(NC(=C1C(=O)NCC(CN2CCOCC2)O)C)C=C3C4=C(C=CC(=C4)F)NC3=O,HL60,3.8521817,2.7586658,4.8293896,4.581905,2.08282,5.008128
tozasertib,CC1=CC(=NN1)NC2=CC(=NC(=N2)SC3=CC=C(C=C3)NC(=O)C4CC4)N5CCN(CC5)C,HL60,1.411649,0.58325636,2.233938,2.0312343,-0.26843703,2.4782531
flubendazole,COC(=O)NC1=NC2=C(N1)C=C(C=C2)C(=O)C3=CC=C(C=C3)F,HL60,2.32418,1.7607725,2.8373,2.8235972,1.0888374,3.110392
clindamycin-phosphate,CCCC1CC(N(C1)C)C(=O)NC(C2C(C(C(C(O2)SC)OP(=O)(O)O)O)O)C(C)Cl,HL60,0.88316554,0.24064977,1.6569281,1.8011159,-1.4243141,2.1414478
obidoxime,C1=C[N+](=CC=C1C=NO)COC[N+]2=CC=C(C=C2)C=NO,HL60,-2.5113227,-2.340489,-2.8684711,-2.098525,-3.1937337,-2.0553954
efonidipine-monoethanolate,CCO.CC1=C(C(C(=C(N1)C)P2(=O)OCC(CO2)(C)C)C3=CC(=CC=C3)[N+](=O)[O-])C(=O)OCCN(CC4=CC=CC=C4)C5=CC=CC=C5,HL60,2.0067163,2.0780077,2.7224195,2.6868556,-0.63850474,3.1848028
cediranib,CC1=CC2=C(N1)C=CC(=C2F)OC3=NC=NC4=CC(=C(C=C43)OC)OCCCN5CCCC5,HL60,1.7664465,1.6192007,2.2476513,2.1680076,0.48752233,2.3098505
pilaralisib,CC(C)(C(=O)NC1=CC(=CC=C1)S(=O)(=O)NC2=NC3=CC=CC=C3N=C2NC4=C(C=CC(=C4)OC)Cl)N,HL60,2.6179636,2.4523208,3.0396912,2.9015687,1.5419621,3.1542752
indiplon,CC(=O)N(C)C1=CC=CC(=C1)C2=CC=NC3=C(C=NN23)C(=O)C4=CC=CS4,HL60,3.3630657,2.9105196,3.5681105,3.991195,2.1769385,4.1685658
CL-218872,CC1=NN=C2N1N=C(C=C2)C3=CC(=CC=C3)C(F)(F)F,HL60,3.387663,3.3326457,3.4520884,3.6734507,2.6129265,3.8672044
hyoscyamine,CN1C2CCC1CC(C2)OC(=O)C(CO)C3=CC=CC=C3,HL60,1.4661157,-0.97398096,2.3747265,2.4294608,0.6925161,2.8078568
resiquimod,CCOCC1=NC2=C(N1CC(C)(C)O)C3=CC=CC=C3N=C2N,HL60,0.3520926,-2.1082175,1.0962818,1.9299856,-1.3919467,2.2343597
piperine,C1CCN(CC1)C(=O)C=CC=CC2=CC3=C(C=C2)OCO3,HL60,4.150642,3.8166277,4.6664743,4.719141,2.7025933,4.848373
PF-04457845,C1CN(CCC1=CC2=CC(=CC=C2)OC3=NC=C(C=C3)C(F)(F)F)C(=O)NC4=NN=CC=C4,HL60,3.8811634,3.4357393,4.359312,4.3730683,2.7326279,4.50507
tagatose,C1C(C(C(C(O1)(CO)O)O)O)O,HL60,1.564839,0.9279091,2.1492832,2.1922193,0.37171885,2.1830647
acesulfame-potassium,CC1=CC(=O)[N-]S(=O)(=O)O1.[K+],HL60,4.4647217,4.4557586,5.0092745,4.358151,3.053822,5.446604
OTS167,CC(=O)C1=CN=C2C=CC(=NC2=C1NC3CCC(CC3)CN(C)C)C4=CC(=C(C(=C4)Cl)O)Cl,HL60,2.3385081,2.2010875,3.1235363,2.7129278,0.2526786,3.40231
SB-590885,CN(C)CCOC1=CC=C(C=C1)C2=NC(=C(N2)C3=CC=NC=C3)C4=CC5=C(C=C4)C(=NO)CC5,HL60,3.2035134,2.6158211,3.410393,3.149684,2.9688458,3.8728242
SB-505124,CC1=NC(=CC=C1)C2=C(N=C(N2)C(C)(C)C)C3=CC4=C(C=C3)OCO4,HL60,2.850552,1.8022187,3.3251894,3.0315204,2.2943792,3.7994528
Ro-9187,C1=CN(C(=O)N=C1N)C2C(C(C(O2)(CO)N=[N+]=[N-])O)O,HL60,-4.0050936,-4.8052835,-3.5260422,-3.826763,-4.2558384,-3.61154
ML133,COC1=CC=C(C=C1)CNCC2=CC=CC3=CC=CC=C32,HL60,4.473825,5.1037188,4.345736,4.4476523,3.8173885,4.6546283
Ro-106-9920,C1=CC=C(C=C1)S(=O)C2=NN3C(=NN=N3)C=C2,HL60,1.552043,3.37862,1.9197338,1.8455626,-1.9867882,2.6030867
VER-49009,CCNC(=O)C1=C(C(=NN1)C2=CC(=C(C=C2O)O)Cl)C3=CC=C(C=C3)OC,HL60,2.3702219,0.4890837,2.9704156,2.940554,1.9726762,3.47838
JZL-184,C1CN(CCC1C(C2=CC3=C(C=C2)OCO3)(C4=CC5=C(C=C4)OCO5)O)C(=O)OC6=CC=C(C=C6)[N+](=O)[O-],HL60,1.2545842,-0.07340309,1.6617813,1.9385,0.59685236,2.1491904
SB-216641,CC1=C(C=CC(=C1)C2=NOC(=N2)C)C3=CC=C(C=C3)C(=O)NC4=CC(=C(C=C4)OC)OCCN(C)C,HL60,3.140837,2.4638054,3.4539013,3.236903,2.9102974,3.6392772
tenovin-6,CC(C)(C)C1=CC=C(C=C1)C(=O)NC(=S)NC2=CC=C(C=C2)NC(=O)CCCCN(C)C,HL60,2.5063882,1.4195664,2.870123,3.0315204,1.9457946,3.2649367
LDN-212854,C1CN(CCN1)C2=CC=C(C=C2)C3=CN4C(=C(C=N4)C5=C6C=CC=NC6=CC=C5)N=C3,HL60,2.6079936,2.874994,3.4448369,3.1060746,0.17176005,3.4423034
P5091,CC(=O)C1=CC(=C(S1)SC2=C(C(=CC=C2)Cl)Cl)[N+](=O)[O-],HL60,2.6282375,1.8476865,3.4140186,3.2595153,0.9090183,3.7109482
CCT137690,CC1=CC(=NO1)CN2CCN(CC2)C3=C4C(=NC=C3Br)N=C(N4)C5=CC=C(C=C5)N6CCN(CC6)C,HL60,3.531913,4.653585,4.16076,3.773897,0.57815117,4.4931736
RS-504393,CC1=CC2=C(C=C1)NC(=O)OC23CCN(CC3)CCC4=C(OC(=N4)C5=CC=CC=C5)C,HL60,3.0795274,3.6990442,3.4720294,3.3402736,1.1075385,3.7787507
MGCD-265,CN1C=C(N=C1)C2=CC3=NC=CC(=C3S2)OC4=C(C=C(C=C4)NC(=S)NC(=O)CC5=CC=CC=C5)F,HL60,1.1834959,1.0946794,1.3078322,1.5393829,0.23937201,1.7362126
blebbistatin-(-),CC1=CC2=C(C=C1)N=C3C(C2=O)(CCN3C4=CC=CC=C4)O,HL60,-0.025777172,1.0938008,-1.5466794,-0.36446604,0.40840197,0.28005683
repsox,CC1=NC(=CC=C1)C2=C(C=NN2)C3=NC4=C(C=C3)N=CC=C4,HL60,4.0810537,3.7510376,4.3762827,4.1433473,3.4221883,4.712412
PHA-767491,C1CNC(=O)C2=C1NC(=C2)C3=CC=NC=C3,HL60,3.4194481,3.1585014,3.711325,3.7309432,2.1103668,4.386104
PP-121,C1CCC(C1)N2C3=NC=NC(=C3C(=N2)C4=CN=C5C(=C4)C=CN5)N,HL60,2.5753272,3.145963,2.9230046,2.7536657,0.7299184,3.3240836
EVP4593,C1=CC=C(C=C1)OC2=CC=C(C=C2)CCNC3=NC=NC4=C3C=C(C=C4)N,HL60,2.8255444,2.658168,3.4194572,3.227212,1.2686564,3.5542276
4-chlorophenylguanidine,C1=CC(=CC=C1N=C(N)N)Cl,HL60,4.0180526,3.373047,4.7343554,4.8862104,2.2618747,4.834777
LB42708,C1COCCN1C(=O)C2=CN(C=C2C3=CC=CC4=CC=CC=C43)CC5=CN=CN5CC6=CC=C(C=C6)Br,HL60,-0.8761097,-1.4604168,-1.1483386,-0.6964365,-0.46695733,-0.6083993
anisomycin,CC(=O)OC1C(CNC1CC2=CC=C(C=C2)OC)O,HL60,3.809671,3.5374396,4.2829456,3.99567,3.07903,4.15327
TG-100713,C1=CC(=CC(=C1)O)C2=CN=C3C(=N2)C(=NC(=N3)N)N,HL60,1.8271021,2.6214674,1.8109363,1.6590004,0.78458345,2.2595232
ETP-46464,CC(C)(C#N)C1=CC=C(C=C1)N2C3=C4C=C(C=CC4=NC=C3COC2=O)C5=CC6=CC=CC=C6N=C5,HL60,-0.81846017,-1.2347033,-1.5078198,-1.3501425,0.78674126,-0.7863766
VU0364770,C1=CC=NC(=C1)C(=O)NC2=CC(=CC=C2)Cl,HL60,4.46207,4.2148166,4.839571,4.7251077,3.3595738,5.171282
PI-103,C1COCCN1C2=NC(=NC3=C2OC4=C3C=CC=N4)C5=CC(=CC=C5)O,HL60,2.2704906,3.0679462,3.0542731,2.6281216,-0.4700142,3.0721276
nocodazole,COC(=O)NC1=NC2=C(N1)C=C(C=C2)C(=O)C3=CC=CS3,HL60,1.8119421,1.3952618,2.3491285,2.3642256,0.34510565,2.6059892
GTP-14564,C1=CC=C(C=C1)C2=NNC3=C2OC4=CC=CC=C43,HL60,2.515965,2.6355832,2.3674128,2.4410212,2.1440353,2.9917715
torin-1,CCC(=O)N1CCN(CC1)C2=C(C=C(C=C2)N3C(=O)C=CC4=CN=C5C=CC(=CC5=C43)C6=CC7=CC=CC=C7N=C6)C(F)(F)F,HL60,1.4385111,1.2301512,1.91789,1.6244547,0.36668393,2.0533752
tyrphostin-AG-1296,COC1=C(C=C2C(=C1)N=CC(=N2)C3=CC=CC=C3)OC,HL60,2.705288,2.536205,2.377469,2.3477104,3.0554485,3.209606
PJ-34,CN(C)CC(=O)NC1=CC2=C(C=C1)NC(=O)C3=CC=CC=C32,HL60,1.9354948,0.79111546,2.5674214,2.6346643,0.6867619,2.9975111
tyrphostin-A9,CC(C)(C)C1=CC(=CC(=C1O)C(C)(C)C)C=C(C#N)C#N,HL60,2.7343922,1.6109064,3.118068,3.3112004,1.7589616,3.8728242
IKK-16,C1CCN(C1)C2CCN(CC2)C(=O)C3=CC=C(C=C3)NC4=NC=CC(=N4)C5=CC6=CC=CC=C6S5,HL60,3.0676382,3.434346,4.3168864,3.7452903,-0.45266163,4.2943296
MEK1-2-inhibitor,C1=CC=C(C(=C1)C(C#N)C(=N)SC2=CC=C(C=C2)N)C(F)(F)F,HL60,2.2297785,2.262033,2.5573921,2.6232102,0.9090183,2.797238
8-hydroxy-PIPAT,CCCN(CC=CI)C1CCC2=C(C1)C(=CC=C2)O,HL60,3.3388317,1.8756132,4.111546,3.9524112,2.6404078,4.114181
M-344,CN(C)C1=CC=C(C=C1)C(=O)NCCCCCCC(=O)NO,HL60,4.3672066,3.9675338,4.6970215,4.537154,3.5718112,5.0625124
RS-17053,CC(C)(CC1=CNC2=C1C=C(C=C2)Cl)NCCOC3=CC=CC=C3OCC4CC4.Cl,HL60,2.3901477,-0.35807002,3.6841323,3.604633,0.9795073,4.040536
WP1130,CCCC(C1=CC=CC=C1)NC(=O)C(=CC2=NC(=CC=C2)Br)C#N,HL60,2.1581175,1.9790993,2.8063004,2.9113147,-0.15389228,3.2477653
CD-437,C1C2CC3CC1CC(C2)(C3)C4=C(C=CC(=C4)C5=CC6=C(C=C5)C=C(C=C6)C(=O)O)O,HL60,3.7241607,3.6498086,4.585017,3.7468796,2.3430705,4.296029
SB-431542,C1OC2=C(O1)C=C(C=C2)C3=C(NC(=N3)C4=CC=C(C=C4)C(=O)N)C5=CC=CC=N5,HL60,2.2235887,1.9384415,3.7058864,3.3225067,-1.6408163,3.7919247
PTC-209,CC1=C(N2C=CC=NC2=N1)C3=CSC(=N3)NC4=C(C=C(C=C4Br)OC)Br,HL60,3.154406,1.7640319,4.6596866,3.9389858,0.74790037,4.661426
LY364947,C1=CC=C2C(=C1)C(=CC=N2)C3=C(NN=C3)C4=CC=CC=N4,HL60,4.0882735,3.7836566,4.450952,4.379035,2.9997463,4.827979
JK-184,CCOC1=CC=C(C=C1)NC2=NC(=CS2)C3=C(N=C4N3C=CC=C4)C,HL60,4.014408,3.952316,4.354221,4.0419126,3.2083244,4.5152674
PPT,CCCC1=C(N(N=C1C2=CC=C(C=C2)O)C3=CC=C(C=C3)O)C4=CC=C(C=C4)O,HL60,3.0044756,1.6646397,4.0162253,3.8403847,1.2067987,4.2943296
CGP-52411,C1=CC=C(C=C1)NC2=C(C=C3C(=C2)C(=O)NC3=O)NC4=CC=CC=C4,HL60,2.1852782,2.3633168,2.5081298,2.421203,0.69179684,2.9419444
PQ-401,CC1=NC2=CC=CC=C2C(=C1)NC(=O)NC3=C(C=CC(=C3)Cl)OC,HL60,2.8864253,1.4523382,3.502848,3.6606684,2.0563416,3.7599308
GW-788388,C1COCCC1NC(=O)C2=CC=C(C=C2)C3=NC=CC(=C3)C4=C(NN=C4)C5=CC=CC=N5,HL60,3.62533,3.952316,4.3661003,4.3402505,0.8133545,4.6546283
torin-2,C1=CC(=CC(=C1)N2C(=O)C=CC3=CN=C4C=CC(=CC4=C32)C5=CN=C(C=C5)N)C(F)(F)F,HL60,2.062451,2.8499172,2.7497716,2.2651346,-0.33339673,2.7808273
PP-1,CC1=CC=C(C=C1)C2=NN(C3=NC=NC(=C23)N)C(C)(C)C,HL60,0.97459334,1.3605464,2.046954,2.1730168,-3.2670999,2.55955
"L-798,106",COC1=C(C=C(C=C1)Br)S(=O)(=O)NC(=O)C=CC2=CC=CC=C2CC3=CC4=CC=CC=C4C=C3,HL60,2.549483,3.1111338,2.5601275,2.5592062,1.674339,2.8426087
AZ20,CC1COCCN1C2=NC(=NC(=C2)C3(CC3)S(=O)(=O)C)C4=C5C=CNC5=CC=C4,HL60,1.8932722,1.2314216,2.4396257,2.1104002,1.033453,2.6514606
WYE-125132,CNC(=O)NC1=CC=C(C=C1)C2=NC3=C(C=NN3C4CCC5(CC4)OCCO5)C(=N2)N6CC7CCC(C6)O7,HL60,0.9755171,0.16227609,2.0183756,2.0261378,-1.5955018,2.266298
BAM7,CCOC1=CC=CC=C1N=NC2=C(NN(C2=O)C3=NC(=CS3)C4=CC=CC=C4)C,HL60,0.16944365,-1.5513086,-1.5351982,1.6192468,0.23110038,2.0833778
desoxycortone,CC12CCC3C(C1CCC2C(=O)CO)CCC4=CC(=O)CCC34C,HL60,4.3554068,5.1506767,4.4747105,3.971803,3.4742308,4.705614
cyclocytidine,C1=CN2C3C(C(C(O3)CO)O)OC2=NC1=N,HL60,-3.019099,-3.025435,-3.0077968,-2.4640577,-4.1658826,-2.432324
STF-118804,CC1=CC=C(C=C1)S(=O)(=O)CC2=C(OC(=N2)C3=CC=C(C=C3)C(=O)NCC4=CN=CC=C4)C,HL60,3.2202969,2.927934,3.5282278,3.295049,2.6129265,3.737347
securinine,C1CCN2C(C1)C34CC2C=CC3=CC(=O)O4,HL60,3.267358,3.4775336,3.4412112,3.177142,2.5129805,3.7279224
NMS-873,CC1=C(C=CC(=C1)OCC2=NN=C(N2C3=CN=CC=C3)SC4CCCC4)C5=CC=C(C=C5)S(=O)(=O)C,HL60,2.1110866,0.11053753,2.899299,2.7732198,1.4139502,3.358427
SC-144,C1=CN2C3=C(C=C(C=C3)F)N=C(C2=C1)NNC(=O)C4=NC=CN=C4,HL60,1.4161543,-2.005134,2.895652,2.948676,-0.11684954,3.358427
KY02111,COC1=C(C=C(C=C1)CCC(=O)NC2=NC3=C(S2)C=C(C=C3)Cl)OC,HL60,3.487201,3.2936373,3.747582,3.7054064,2.7773662,3.912012
BNTX,C1CC1CN2CCC34C5C(=O)C(=CC6=CC=CC=C6)CC3(C2CC7=C4C(=C(C=C7)O)O5)O,HL60,3.045978,3.915541,3.1964447,2.6428425,1.7245413,3.750521
WHI-P154,COC1=C(C=C2C(=C1)C(=NC=N2)NC3=CC(=C(C=C3)O)Br)OC,HL60,0.5849339,0.613817,-0.34121603,0.13485032,1.1003458,1.4168721
Ro-04-5595,CN1CCC2=CC(=C(C=C2C1CCC3=CC=C(C=C3)Cl)O)OC,HL60,2.9075108,1.3954678,3.3904517,3.6142602,2.6514,3.4859748
PSB-1115,CCCN1C(=O)C2=C(NC1=O)N=C(N2)C3=CC=C(C=C3)S(=O)(=O)O,HL60,4.237469,3.4468844,4.798843,4.8981442,2.9639668,5.079508
CHIR-99021,CC1=CN=C(N1)C2=CN=C(N=C2C3=C(C=C(C=C3)Cl)Cl)NCCNC4=NC=C(C=C4)C#N,HL60,2.3018632,1.896605,2.605715,2.5854642,1.6088473,2.8126833
RI-1,C1COCCN1C2=C(C(=O)N(C2=O)C3=CC(=C(C=C3)Cl)Cl)Cl,HL60,-3.1010847,-3.0397465,-3.0158849,-2.9069219,-4.0984154,-2.4444551
SMI-4a,C1=CC(=CC(=C1)C(F)(F)F)C=C2C(=O)NC(=O)S2,HL60,4.006331,3.876229,4.28634,4.217932,2.986329,4.664825
VS-4718,CNC(=O)C1=CC=CC=C1NC2=CC(=NC=C2C(F)(F)F)NC3=C(C=C(C=C3)N4CCOCC4)OC,HL60,1.3917717,0.31350294,2.0183756,2.0970204,0.13687515,2.3930843
BMS-345541,CC1=CC2=C(C=C1)N=C(C3=NC=C(N23)C)NCCN.Cl,HL60,2.2113423,3.0261514,2.2366807,2.1771915,1.0629435,2.5537443
PF-4981517,CC1=CC=C(C=C1)C2=C(C=NN2C)C3=NN(C4=C3C(=NC=N4)N5CCC(C5)N6CCCCC6)C,HL60,-0.7693138,-0.6801625,-0.77401733,-0.16779119,-2.5003514,0.27575293
BAY-11-7082,CC1=CC=C(C=C1)S(=O)(=O)C=CC#N,HL60,4.8721075,5.0236483,5.219706,4.8086424,4.130459,5.1780796
AS-1949490,CC(C1=CC=CC=C1)NC(=O)C2=C(C=CS2)OCC3=CC=C(C=C3)Cl,HL60,2.4514647,-0.3609261,3.3850129,3.6974177,1.592126,3.943693
ethacridine-lactate-monohydrate,CCOC1=CC2=C(C3=C(C=C(C=C3)N)N=C2C=C1)N.CC(C(=O)O)O.O,HL60,0.22739486,-0.7887283,1.6457658,1.5315654,-3.2498374,1.9982088
3'-fluorobenzylspiperone,C1CN(CCC12C(=O)N(CN2C3=CC=CC=C3)CC4=CC(=CC=C4)F)CCCC(=O)C5=CC=C(C=C5)F,HL60,2.353789,1.7164912,2.52912,2.3055966,2.5305486,2.6871896
10-hydroxycamptothecin,CCC1(C2=C(COC1=O)C(=O)N3CC4=C(C3=C2)N=C5C=CC(=CC5=C4)O)O,HL60,1.39512,-1.1284416,2.5117803,2.1012166,0.5644849,2.9265597
NVP-TAE226,CNC(=O)C1=CC=CC=C1NC2=NC(=NC=C2Cl)NC3=C(C=C(C=C3)N4CCOCC4)OC,HL60,1.4040928,-0.9081443,2.254965,2.2932103,0.8895978,2.4908352
MG-132,CC(C)CC(C=O)NC(=O)C(CC(C)C)NC(=O)C(CC(C)C)NC(=O)OCC1=CC=CC=C1,HL60,-2.0661502,-2.4473884,-2.6608446,-2.0291324,-0.873708,-2.3196785
RS-16566,CC(C)N1C=NC2=C(C=C(C=C21)Cl)C(=O)NC3CN4CCC3CC4,HL60,2.6950004,3.1710396,4.060635,3.99567,-2.0126824,4.2603397
cilostamide,CN(C1CCCCC1)C(=O)CCCOC2=CC3=C(C=C2)NC(=O)C=C3,HL60,1.0312389,0.9783799,2.0008597,1.9895877,-2.1234508,2.3108184
CCG-50014,CC1=CC=C(C=C1)N2C(=O)N(C(=O)S2)CC3=CC=C(C=C3)F,HL60,2.402647,1.4033997,3.3215635,3.521096,-0.069916844,3.8370924
morin,C1=CC(=C(C=C1O)O)C2=C(C(=O)C3=C(C=C(C=C3O2)O)O)O,HL60,-2.3558655,-2.3098042,-2.0249887,-1.5247359,-4.2389717,-1.6808265
GDC-0879,C1CC(=NO)C2=C1C=C(C=C2)C3=CN(N=C3C4=CC=NC=C4)CCO,HL60,3.072101,3.9586568,3.316125,3.3418887,0.7630052,3.980829
SB-218795,COC(=O)C(C1=CC=CC=C1)NC(=O)C2=CC(=NC3=CC=CC=C32)C4=CC=CC=C4,HL60,0.31296325,-1.8775876,1.7506921,2.3204603,-3.2066808,2.5779321
PP-2,CC(C)(C)N1C2=NC=NC(=C2C(=N1)C3=CC=C(C=C3)Cl)N,HL60,2.138757,1.7118032,2.5409806,2.3931272,1.1463795,2.9014943
1-naphthyl-PP1,CC(C)(C)N1C2=NC=NC(=C2C(=N1)C3=CC=CC4=CC=CC=C43)N,HL60,1.8822262,2.6080577,2.0174537,2.0295355,0.14622569,2.609859
homoquinolinic-acid,C1=CC(=C(N=C1)C(=O)O)CC(=O)O,HL60,2.730847,3.5874872,3.2744296,3.306355,-0.043663144,3.529626
atenolol-(-),CC(C)NCC(COC1=CC=C(C=C1)CC(=O)N)O,HL60,2.864919,3.8990552,2.851888,3.089923,1.1291168,3.354611
kynurenic-acid,C1=CC=C2C(=C1)C(=O)C=C(N2)C(=O)O,HL60,1.777334,2.0684555,2.01561,1.8156466,0.55225724,2.4347007
"MNS-(3,4-Methylenedioxy-nitrostyrene)",C1OC2=C(O1)C=C(C=C2)/C=C/[N+](=O)[O-],HL60,3.1945937,2.8729043,3.8436627,3.3289673,1.9192094,4.0082245
SAR131675,CCN1C(=C(C(=O)C2=C1N=C(C=C2)C#CC(C)(COC)O)C(=O)NC)N,HL60,0.002678895,-1.9487762,0.8175909,1.3927044,-1.8292664,1.5811418
HA14-1,CCOC(=O)C1=C(OC2=C(C1C(C#N)C(=O)OCC)C=C(C=C2)Br)N,HL60,1.0851971,-2.0566757,2.9503572,2.8170998,-1.1776024,2.8928063
SB-657510,CN1CCC(C1)OC2=C(C=CC(=C2)NS(=O)(=O)C3=C(C=C(C(=C3)OC)OC)Br)Cl,HL60,3.0484893,1.5693285,3.5499818,3.3418887,2.9102974,3.8709512
MPI-0479605,CC1=C(C=CC(=C1)N2CCOCC2)NC3=NC4=C(C(=N3)NC5CCCCC5)NC=N4,HL60,3.262567,1.6449506,4.730962,4.2567163,1.1377481,4.5424595
SID-7969543,CCOC(=O)C(C)OC1=CC=CC2=C1C=CN(C2=O)CC(=O)NC3=CC4=C(C=C3)OCCO4,HL60,0.6278225,-0.320754,2.1962914,2.1446307,-3.4396381,2.5585825
NSC-3852,C1=CC2=C(C=CC(=C2N=C1)O)N=O,HL60,3.398272,2.7802594,3.8690424,3.5661244,2.6770492,4.0988855
NVP-TAE684,CC(C)S(=O)(=O)C1=CC=CC=C1NC2=NC(=NC=C2Cl)NC3=C(C=C(C=C3)N4CCC(CC4)N5CCN(CC5)C)OC,HL60,0.9539175,-0.30198592,1.8100038,1.6348706,-0.34441054,1.9711095
JNJ-16259685,COC1CCC(CC1)C(=O)C2=CC3=CC4=C(N=C3C=C2)OCCC4,HL60,3.526025,3.4385254,3.7185762,3.7452903,2.8362408,3.8914924
K-858,CC(=O)NC1=NN(C(S1)(C)C2=CC=CC=C2)C(=O)C,HL60,3.7409492,3.9193451,4.2201557,4.2686496,1.7779292,4.5186663
trichostatin-a,CC(C=C(C)C=CC(=O)NO)C(=O)C1=CC=C(C=C1)N(C)C,HL60,2.7161152,1.8789868,3.597116,3.4113407,0.43789226,4.255241
4-methylhistamine,CC1=C(N=CN1)CCN,HL60,1.4196209,-6.284936,2.586568,4.0717463,2.8838696,3.8408566
GSK1904529A,CCC1=CC(=C(C=C1N2CCC(CC2)N3CCN(CC3)S(=O)(=O)C)OC)NC4=NC=CC(=N4)C5=C(N=C6N5C=CC=C6)C7=CC(=C(C=C7)OC)C(=O)NC8=C(C=CC=C8F)F,HL60,2.9966168,4.4075704,3.2780554,3.1254566,0.5119777,3.660024
PHA-665752,CC1=C(NC(=C1C(=O)N2CCCC2CN3CCCC3)C)C=C4C5=C(C=CC(=C5)S(=O)(=O)CC6=C(C=CC=C6Cl)Cl)NC4=O,HL60,1.2095788,-1.0730274,2.0847514,1.9461634,0.7133751,2.376631
ZLN005,CC(C)(C)C1=CC=C(C=C1)C2=NC3=CC=CC=C3N2,HL60,4.409589,3.8851058,4.6970215,4.8026757,3.4034848,5.259657
2'-MeCCPA,CC1(C(C(OC1N2C=NC3=C(N=C(N=C32)Cl)NC4CCCC4)CO)O)O,HL60,4.020171,4.082932,5.0160627,4.814609,1.321883,4.8653684
domiphen,CCCCCCCCCCCC[N+](C)(C)CCOC1=CC=CC=C1,HL60,0.74406993,-0.41233498,1.671973,1.8908186,-1.5947825,2.1646757
SCH-58261,C1=CC=C(C=C1)CCN2C3=C(C=N2)C4=NC(=NN4C(=N3)N)C5=CC=CO5,HL60,1.9890888,2.5576274,2.2476513,2.2989905,0.085446835,2.7557285
GSK1838705A,CNC(=O)C1=C(C=CC=C1F)NC2=NC(=NC3=C2C=CN3)NC4=C(C=C5C=CN(C5=C4)C(=O)CN(C)C)OC,HL60,1.0065674,0.28386283,1.653531,1.182119,0.38898152,1.5243423
Y-320,CC1=C(C=NN1C2=CC=C(C=C2)Cl)C(=O)NC3=CC(=C(C=C3)N4CCC(CC4)N5CCOCC5)C#N,HL60,2.708035,2.0559638,3.597116,3.5869832,0.6306583,3.6694543
CHIR-124,C1CN2CCC1C(C2)NC3=C(C(=O)NC4=C3C=C(C=C4)Cl)C5=NC6=CC=CC=C6N5,HL60,3.3556461,1.6539543,4.4950747,3.7389152,2.7251196,4.165167
tetramethylthiuram-monosulfide,CN(C)C(=S)SC(=S)N(C)C,HL60,2.8231537,0.6037363,3.7512076,3.5597062,2.1784692,4.0226493
nexturastat-a,CCCCN(CC1=CC=C(C=C1)C(=O)NO)C(=O)NC2=CC=CC=C2,HL60,3.9653976,4.115903,4.2642784,4.262683,2.449617,4.7345057
A-674563,CC1=C2C=C(C=CC2=NN1)C3=CC(=CN=C3)OCC(CC4=CC=CC=C4)N,HL60,3.8103204,3.2142274,4.4899836,3.9121354,2.790824,4.644431
gamma-aminobutyric-acid,C(CC(=O)O)CN,HL60,3.5176117,3.6827078,4.371191,3.4274924,1.6882734,4.418395
stemregenin-1,CC(C)N1C=NC2=C(N=C(N=C21)C3=CSC4=CC=CC=C43)NCCC5=CC=C(C=C5)O,HL60,1.9301383,2.2547908,2.2613645,2.0363305,0.5580114,2.5401947
A61603,CS(=O)(=O)NC1=C(C=CC2=C1CCCC2C3=NCCN3)O,HL60,3.2592418,2.4788787,3.908925,3.7945123,1.9096386,4.2042556
PD-173074,CCN(CC)CCCCNC1=NC2=NC(=C(C=C2C=N1)C3=CC(=CC(=C3)OC)OC)NC(=O)NC(C)(C)C,HL60,2.596743,2.7990673,2.519081,2.3031194,2.6385756,2.7238724
WZ-3146,CN1CCN(CC1)C2=CC=C(C=C2)NC3=NC=C(C(=N3)OC4=CC=CC(=C4)NC(=O)C=C)Cl,HL60,2.2962604,1.2191031,3.2000902,3.0477645,0.7169715,3.297372
JNJ-7706621,C1=CC(=C(C(=C1)F)C(=O)N2C(=NC(=N2)NC3=CC=C(C=C3)S(=O)(=O)N)N)F,HL60,3.2491615,1.5509479,3.9864795,3.822296,2.8960671,3.9900172
rociletinib,CC(=O)N1CCN(CC1)C2=CC(=C(C=C2)NC3=NC=C(C(=N3)NC4=CC(=CC=C4)NC(=O)C=C)C(F)(F)F)OC,HL60,1.8105576,0.8989534,3.041514,2.8966954,-0.87946236,3.0950866
diphenyleneiodonium,C1=CC=C2C(=C1)C3=CC=CC=C3[I+]2,HL60,2.6316333,2.369777,2.8591821,2.6002345,1.9552815,3.3736904
arcyriaflavin-a,C1=CC=C2C(=C1)C3=C4C(=C5C6=CC=CC=C6NC5=C3N2)C(=O)NC4=O,HL60,0.35316563,0.10176884,-0.23856004,-0.5331273,1.4513526,0.98439413
NVP-BVU972,CN1C=C(C=N1)C2=NN3C(=NC=C3CC4=CC5=C(C=C4)N=CC=C5)C=C2,HL60,1.7969558,2.838772,1.9962503,1.9146594,-0.1889571,2.4240549
TPCA-1,C1=CC(=CC=C1C2=CC(=C(S2)NC(=O)N)C(=O)N)F,HL60,2.253284,1.6816573,3.1107771,3.11092,0.18398774,3.1790786
GW-583340,CS(=O)(=O)CCNCC1=NC(=CS1)C2=CC3=C(C=C2)N=CN=C3NC4=CC(=C(C=C4)OCC5=CC(=CC=C5)F)Cl.Cl.Cl,HL60,2.5479288,2.8053362,2.921181,2.8512118,1.0859603,3.0759542
endo-IWR-1,C1C2C=CC1C3C2C(=O)N(C3=O)C4=CC=C(C=C4)C(=O)NC5=CC=CC6=C5N=CC=C6,HL60,2.3030112,1.9761152,2.830006,2.5378716,1.1104157,3.0606482
JQ1-(+),CC1=C(SC2=C1C(=NC(C3=NN=C(N32)C)CC(=O)OC(C)(C)C)C4=CC=C(C=C4)Cl)C,HL60,1.0558535,-0.8620638,1.8463777,1.8942244,0.36380684,2.036922
BI-D1870,CC1C(=O)N(C2=CN=C(N=C2N1CCC(C)C)NC3=CC(=C(C(=C3)F)O)F)C,HL60,1.0199972,0.453507,1.9142025,2.1371167,-1.7379185,2.3330786
DMH1,CC(C)OC1=CC=C(C=C1)C2=CN3C(=C(C=N3)C4=CC=NC5=CC=CC=C45)N=C2,HL60,2.4712737,3.4970381,2.6485674,2.6002345,0.43717298,3.1733549
P22077,CC(=O)C1=CC(=C(S1)SC2=C(C=C(C=C2)F)F)[N+](=O)[O-],HL60,2.6339545,2.2843616,3.316125,3.169066,0.76660156,3.633619
ginkgolide-a,CC1C(=O)OC2C1(C34C(=O)OC5C3(C2)C6(C(C5)C(C)(C)C)C(C(=O)OC6O4)O)O,HL60,1.5623758,-0.83985335,2.6394498,2.0278368,1.1032228,2.8812225
4-(4-fluorobenzoyl)-1-(4-phenylbutyl)-piperidine,C1CN(CCC1C(=O)C2=CC=C(C=C2)F)CCCCC3=CC=CC=C3,HL60,4.092124,3.9637294,5.2027354,5.038363,1.0471194,5.208671
TG-101209,CC1=CN=C(N=C1NC2=CC(=CC=C2)S(=O)(=O)NC(C)(C)C)NC3=CC=C(C=C3)N4CCN(CC4)C,HL60,3.0879195,3.360509,3.7856517,3.6190736,0.6788498,3.995513
oncrasin-1,C1=CC=C2C(=C1)C(=CN2CC3=CC=C(C=C3)Cl)C=O,HL60,2.8359172,2.1727974,3.3124993,3.3903434,1.6590111,3.6449358
K-Ras(G12C)-inhibitor-6,C1CN(CCC1NC(=O)CCCS)C(=O)COC2=C(C=C(C=C2)Cl)Cl,HL60,0.5399594,-1.6263311,2.1916833,2.4112937,-2.965004,2.688155
CCMI,CC1=NOC(=C1)C(=CNC2=CC=C(C=C2)Cl)C(=O)NC3=CC=C(C=C3)Cl,HL60,4.320092,3.8178957,4.8803005,4.7310743,3.1188755,5.0523157
AC-264613,CC(=NNC(=O)C1C(CNC1=O)C2=CC=CC=C2)C3=CC(=CC=C3)Br,HL60,2.2432036,2.0780077,2.5592155,2.7927337,0.6184307,3.167631
tyrphostin-AG-494,C1=CC=C(C=C1)NC(=O)C(=CC2=CC(=C(C=C2)O)O)C#N,HL60,1.8229496,1.1098094,2.2823913,2.6346643,0.6018873,2.485996
tyrphostin-AG-1478,COC1=C(C=C2C(=C1)C(=NC=N2)NC3=CC(=CC=C3)Cl)OC,HL60,1.5863928,1.4267523,1.6816792,1.5992831,1.0082784,2.215971
tyrphostin-AG-99,C1=CC(=C(C=C1C=C(C#N)C(=O)N)O)O,HL60,2.4954321,2.743341,2.4414527,2.7650723,1.8903459,2.6369483
INH1,CC1=CC(=C(C=C1)C2=CSC(=N2)NC(=O)C3=CC=CC=C3)C,HL60,2.4432054,1.4278009,2.9047697,2.8901975,1.7779292,3.21533
BIX-01294,CN1CCCN(CC1)C2=NC3=CC(=C(C=C3C(=N2)NC4CCN(CC4)CC5=CC=CC=C5)OC)OC,HL60,1.0847838,-0.4293921,1.9483122,1.9521235,-0.39859235,2.3514674
alexidine,CCCCC(CC)CN=C(N)NC(=NCCCCCCN=C(N)NC(=NCC(CC)CCCC)N)N,HL60,2.8483944,3.3925512,3.2073543,3.1238413,1.3391454,3.1790786
CCT128930,C1CN(CCC1(CC2=CC=C(C=C2)Cl)N)C3=NC=NC4=C3C=CN4,HL60,3.13807,2.9704254,3.5264149,3.2595153,2.4670076,3.4669874
SB-218078,C1CC2N3C4=CC=CC=C4C5=C6C(=C7C8=CC=CC=C8N(C1O2)C7=C53)C(=O)NC6=O,HL60,-1.9220289,-2.2503526,-1.6237841,-1.6283749,-2.8556738,-1.2519598
CID-5458317,C1CCC(CC1)NC2=C3C=CC=CC3=C(C2=CC4=CC=CC=C4)O,HL60,2.909102,2.102991,3.1508768,3.3031247,2.4588919,3.529626
PD-198306,CC1=C(C=CC(=C1)I)NC2=C(C(=C(C=C2C(=O)NOCC3CC3)F)F)F,HL60,-1.1398617,-2.7266836,-1.5687588,-1.2496595,0.35445625,-0.5086627
ribitol,C(C(C(C(CO)O)O)O)O,HL60,-3.599067,-2.7821405,-4.0457945,-3.9777138,-3.5054216,-3.6842651
NSC-632839,CC1=CC=C(C=C1)C=C2CNCC(=CC3=CC=C(C=C3)C)C2=O.Cl,HL60,2.3151946,2.5476303,2.3473003,2.5362306,1.131994,3.0128171
WAY-600,C1CN(CCC1N2C3=C(C=N2)C(=NC(=N3)C4=CC5=C(C=C4)NC=C5)N6CCOCC6)CC7=CN=CC=C7,HL60,-0.62468326,0.25315502,-0.93358755,-1.0889187,-0.5281857,-0.8258796
GGTI-298,CC(C)CC(C(=O)OC)NC(=O)C1=C(C=C(C=C1)NCC(CS)N)C2=CC=CC3=CC=CC=C32,HL60,0.4772913,-0.8669453,0.40394402,1.4840466,-0.31698823,1.6823996
MTPG,CC(C1=CC=C(C=C1)C2=NNN=N2)(C(=O)O)N,HL60,4.822029,5.171445,4.853148,4.6415725,3.953188,5.4907913
KI-16425,CC1=NOC(=C1NC(=O)OC(C)C2=CC=CC=C2Cl)C3=CC=C(C=C3)CSCCC(=O)O,HL60,1.7673225,-0.21481133,2.4286642,2.5641296,0.929158,3.129472
TWS-119,C1=CC(=CC(=C1)N)C2=CC3=C(N2)N=CN=C3OC4=CC=CC(=C4)O,HL60,1.7986355,3.1083477,2.9448867,2.9031928,-2.9894595,3.0262098
BVT-948,CC1(C2=C(C3=CC=CC=C3C(=O)C2=O)NC1=O)C,HL60,-2.3864198,-3.5998495,-2.005524,-1.7502748,-4.2642717,-0.31217894
BX-912,C1CCN(C1)C(=O)NC2=CC=CC(=C2)NC3=NC=C(C(=N3)NCCC4=CN=CN4)Br,HL60,2.6678205,2.9174855,3.4937835,3.2546697,0.13975227,3.5334108
oligomycin-a,CCC1CCC2C(C(C(C3(O2)CCC(C(O3)CC(C)O)C)C)OC(=O)C=CC(C(C(C(=O)C(C(C(C(=O)C(C(C(CC=CC=C1)C)O)(C)O)C)O)C)C)O)C)C,HL60,-1.9445257,-1.1042833,-1.5740579,-1.7203437,-3.9156923,-1.4082521
SKI-II,C1=CC(=CC=C1C2=CSC(=N2)NC3=CC=C(C=C3)O)Cl,HL60,3.011027,1.8774874,3.767523,3.7309432,1.804484,3.8746974
tryptanthrin,C1=CC=C2C(=C1)C(=O)N3C4=CC=CC=C4C(=O)C3=N2,HL60,1.65746,2.318097,2.1050327,2.0961795,-0.70252025,2.4705107
WZ8040,CN1CCN(CC1)C2=CC=C(C=C2)NC3=NC=C(C(=N3)SC4=CC=CC(=C4)NC(=O)C=C)Cl,HL60,2.5766654,1.5320058,3.4684038,3.3499644,0.92196524,3.6109865
SB-239063,COC1=NC=CC(=N1)C2=C(N=CN2C3CCC(CC3)O)C4=CC=C(C=C4)F,HL60,3.9413726,2.7203538,4.7377496,4.549088,2.2870603,5.412614
OTX015,CC1=C(SC2=C1C(=NC(C3=NN=C(N32)C)CC(=O)NC4=CC=C(C=C4)O)C5=CC=C(C=C5)Cl)C,HL60,0.9579328,-0.5715873,1.5370146,1.6279267,0.44292724,1.7533828
OLDA,CCCCCCCCC=CCCCCCCCC(=O)NCCC1=CC(=C(C=C1)O)O,HL60,2.881228,1.3584824,3.3106863,3.4662564,2.399764,3.8709512
AM-580,CC1(CCC(C2=C1C=CC(=C2)C(=O)NC3=CC=C(C=C3)C(=O)O)(C)C)C,HL60,3.8072305,3.354936,4.3661003,4.012079,2.8761444,4.4268923
1-phenylbiguanide,C1=CC=C(C=C1)N=C(N)N=C(N)N,HL60,4.2391157,5.09931,4.111546,4.104563,3.6946,4.1855607
RS-67506,COC1=CC(=C(C=C1C(=O)CCC2CCN(CC2)CCNS(=O)(=O)C)Cl)N.Cl,HL60,3.946479,4.0220623,4.34913,4.170198,2.6706371,4.520366
filgotinib,C1CC1C(=O)NC2=NN3C(=N2)C=CC=C3C4=CC=C(C=C4)CN5CCS(=O)(=O)CC5,HL60,2.8438468,2.4063833,3.1927993,2.899944,2.331153,3.3889542
4E1RCat,C1=CC=C(C=C1)C2=CC(=CC3=CC=C(O3)C4=CC=C(C=C4)[N+](=O)[O-])C(=O)N2C5=CC=C(C=C5)C(=O)O,HL60,1.7831612,1.8774874,2.3911822,2.4096422,-0.54140246,2.7788966
aphidicolin,CC12CCC(C(C1CCC3C24CCC(C(C3)C4)(CO)O)(C)CO)O,HL60,1.2604983,2.0099306,2.5993326,2.4705856,-4.0365705,3.259213
R306465,C1CN(CCN1C2=NC=C(C=N2)C(=O)NO)S(=O)(=O)C3=CC4=CC=CC=C4C=C3,HL60,2.6201775,3.2908509,3.247237,2.8008556,0.17176005,3.590184
7-hydroxystaurosporine,CC12C(C(CC(O1)N3C4=CC=CC=C4C5=C6C(=C7C8=CC=CC=C8N2C7=C53)C(NC6=O)O)NC)OC,HL60,-2.8098705,-3.2114837,-2.5148575,-2.4738314,-3.9438033,-1.9053766
cobimetinib,C1CCNC(C1)C2(CN(C2)C(=O)C3=C(C(=C(C=C3)F)F)NC4=C(C=C(C=C4)I)F)O,HL60,1.9401777,2.337477,2.8591821,2.6051579,-1.1290511,3.028123
TH-302,CN1C(=CN=C1[N+](=O)[O-])COP(=O)(NCCBr)NCCBr,HL60,0.79083,-1.3208237,1.7573876,1.5350398,0.048404098,1.9341425
linsitinib,CC1(CC(C1)C2=NC(=C3N2C=CN=C3N)C4=CC5=C(C=C4)C=CC(=N5)C6=CC=CC=C6)O,HL60,2.9777286,2.3281457,3.7095125,3.1529143,1.9644903,3.7335808
lestaurtinib,CC12C(CC(O1)N3C4=CC=CC=C4C5=C6C(=C7C8=CC=CC=C8N2C7=C53)CNC6=O)(CO)O,HL60,-2.1535234,-1.5383244,-2.029855,-1.9929701,-3.7182221,-1.4882458
N-acetylmannosamine,CC(=O)NC(C=O)C(C(C(CO)O)O)O,HL60,-3.920184,-3.8727005,-4.697104,-4.429771,-2.6427684,-3.958576
SNX-5422,CC1(CC2=C(C(=O)C1)C(=NN2C3=CC(=C(C=C3)C(=O)N)NC4CCC(CC4)OC(=O)CN)C(F)(F)F)C,HL60,-0.13726874,-1.7401555,0.7374817,0.65311146,-1.2631961,0.9264147
5-hydroxymethyl-tolterodine,CC(C)N(CCC(C1=CC=CC=C1)C2=C(C=CC(=C2)CO)O)C(C)C,HL60,0.3385433,-0.7234555,-0.3134368,1.2451539,-0.8650768,2.3495317
CH5132799,CS(=O)(=O)N1CCC2=C(N=C(N=C21)N3CCOCC3)C4=CN=C(N=C4)N,HL60,3.837848,3.19333,4.741144,4.4237857,2.0590835,4.7718954
dichlorisone-acetate,CC(=O)OCC(=O)C1(CCC2C1(CC(C3(C2CCC4=CC(=O)C=CC43C)Cl)Cl)C)O,HL60,2.082006,0.6199531,3.348756,3.1464536,-0.34441054,3.6392772
AP1903,CCC(C1=CC(=C(C(=C1)OC)OC)OC)C(=O)N2CCCCC2C(=O)OC(CCC3=CC(=C(C=C3)OC)OC)C4=CC(=CC=C4)OCC(=O)NCCNC(=O)COC5=CC=CC(=C5)C(CCC6=CC(=C(C=C6)OC)OC)OC(=O)C7CCCCN7C(=O)C(CC)C8=CC(=C(C(=C8)OC)OC)OC,HL60,0.05367155,-0.3780623,1.28036,1.498449,-3.9494257,1.8170369
tipranavir,CCCC1(CC(=C(C(=O)O1)C(CC)C2=CC(=CC=C2)NS(=O)(=O)C3=NC=C(C=C3)C(F)(F)F)O)CCC4=CC=CC=C4,HL60,1.8391254,1.649205,2.5391572,2.3633997,-0.16881728,2.8126833
irinotecan,CCC1=C2CN3C(=CC4=C(C3=O)COC(=O)C4(CC)O)C2=NC5=C1C=C(C=C5)OC(=O)N6CCC(CC6)N7CCCCC7,HL60,0.5565406,0.9887839,2.0294383,1.5254849,-4.112471,2.3514674
betulinic-acid,CC(=C)C1CCC2(C1C3CCC4C5(CCC(C(C5CCC4(C3(CC2)C)C)(C)C)O)C)C(=O)O,HL60,0.31721252,-5.1703205,2.553745,2.4984846,-1.270389,2.9745424
sulfabenzamide,C1=CC=C(C=C1)C(=O)NS(=O)(=O)C2=CC=C(C=C2)N,HL60,3.760743,3.8090189,4.11494,3.9389858,2.7722034,4.1685658
SB-225002,C1=CC=C(C(=C1)NC(=O)NC2=C(C=C(C=C2)[N+](=O)[O-])O)Br,HL60,2.3851943,1.2131195,2.7825947,2.8073533,2.0259056,3.0969996
erastin,CCOC1=CC=CC=C1N2C(=O)C3=CC=CC=C3N=C2C(C)N4CCN(CC4)C(=O)COC5=CC=C(C=C5)Cl,HL60,1.9496183,-0.09240174,2.393925,2.2560513,2.289988,2.9005291
FPH1-(BRD-6125),CC1=C(C=C(C=C1)Cl)N(CC(=O)NC2=C(C=CC=C2F)F)S(=O)(=O)C,HL60,3.7774444,4.8539476,3.8237212,3.6174693,2.4728045,4.1192794
Y-27632,CC(C1CCC(CC1)C(=O)NC2=CC=NC=C2)N,HL60,5.588302,5.179664,6.1293135,5.927412,4.517528,6.187594
MK-0773,CC12CCC3C(C1CCC2C(=O)NCC4=NC5=C(N4)C=CC=N5)CCC6C3(C=C(C(=O)N6C)F)C,HL60,4.7849846,5.1589923,5.236676,4.28655,3.9694514,5.273253
mibampator,CC(C)S(=O)(=O)NCC(C)C1=CC=C(C=C1)C2=CC=C(C=C2)CCNS(=O)(=O)C,HL60,3.6535,3.4259872,4.0040674,3.8343663,2.7580347,4.2450438
rigosertib,COC1=C(C=C(C=C1)CS(=O)(=O)C=CC2=C(C=C(C=C2OC)OC)OC)NCC(=O)O,HL60,3.0518093,3.723182,2.815418,2.6002345,3.086349,3.0338628
dovitinib,CN1CCN(CC1)C2=CC3=C(C=C2)N=C(N3)C4=C(C5=C(C=CC=C5F)NC4=O)N,HL60,2.3461127,2.7969773,2.6768317,2.6852262,0.4134369,3.1580913
proflavine-hemisulfate,C1=CC(=CC2=NC3=C(C=CC(=C3)N)C=C21)N,HL60,4.928377,3.8597436,5.827243,5.548522,3.4669123,5.939464
taltobulin,CC(C)C(C=C(C)C(=O)O)N(C)C(=O)C(C(C)(C)C)NC(=O)C(C(C)(C)C1=CC=CC=C1)NC,HL60,-2.5698783,-4.3622236,-2.482416,-1.9831966,-1.9436315,-2.0779243
SR-33805,CC(C)C1=C(C2=CC=CC=C2N1C)S(=O)(=O)C3=CC=C(C=C3)OCCCN(C)CCC4=CC(=C(C=C4)OC)OC,HL60,2.9306588,2.9801774,3.1344726,2.7878604,2.5430865,3.2076979
GSK2126458,COC1=C(C=C(C=N1)C2=CC3=C(C=CN=C3C=C2)C4=CN=NC=C4)NS(=O)(=O)C5=C(C=C(C=C5)F)F,HL60,2.02734,2.9446518,1.8874152,1.5437261,1.5865523,2.174354
TU-2100,CCOC(=O)C1=CC=CC=C1OC(=O)CCCCCCCC(=O)OC2=CC=CC=C2C(=O)OCC,HL60,0.88234556,-1.4225357,2.022063,2.2230208,-1.2070926,2.7962725
ipsapirone,C1CN(CCN1CCCCN2C(=O)C3=CC=CC=C3S2(=O)=O)C4=NC=CC=N4,HL60,3.8930202,3.6799848,4.7004147,4.6475396,1.1809046,5.256258
oprozomib,CC1=NC=C(S1)C(=O)NC(COC)C(=O)NC(COC)C(=O)NC(CC2=CC=CC=C2)C(=O)C3(CO3)C,HL60,2.6937346,3.0540144,2.5227315,2.8041043,1.9583511,3.129472
CS-110266,C1CCC(CC1)(C2=CC3=CC=CC=C3S2)N4CCCCC4,HL60,5.6668234,5.2362704,6.37708,6.139233,4.091427,6.4901085
PD-184352,C1CC1CONC(=O)C2=C(C(=C(C=C2)F)F)NC3=C(C=C(C=C3)I)Cl,HL60,1.622563,-0.53775597,2.6759198,2.8041043,0.3134575,2.8570888
PU-H71,CC(C)NCCCN1C2=NC=NC(=C2N=C1SC3=C(C=C4C(=C3)OCO4)I)N,HL60,2.5372949,2.7516997,2.899299,2.5608475,1.5461425,2.9284844
AZD2461,COC1CCN(CC1)C(=O)C2=C(C=CC(=C2)CC3=NNC(=O)C4=CC=CC=C43)F,HL60,2.4104888,2.9913228,2.8208883,2.9096906,0.05415833,3.2763846
TMC-353121,CC1=CC(=C(C=C1)CCCO)NCC2=CC3=C(C=C2)N=C(N3CC4=C(C=CC(=N4)C)O)NCCCN5CCOCC5,HL60,2.6107337,2.4925163,2.8081238,2.763443,1.976769,3.0128171
venetoclax,CC1(CCC(=C(C1)C2=CC=C(C=C2)Cl)CN3CCN(CC3)C4=CC(=C(C=C4)C(=O)NS(=O)(=O)C5=CC(=C(C=C5)NCC6CCOCC6)[N+](=O)[O-])OC7=CN=C8C(=C7)C=CN8)C,HL60,1.1366634,0.041844487,2.1631117,1.8592383,-0.7352475,2.3543708
darapladib,CCN(CC)CCN(CC1=CC=C(C=C1)C2=CC=C(C=C2)C(F)(F)F)C(=O)CN3C4=C(CCC4)C(=O)N=C3SCC5=CC=C(C=C5)F,HL60,3.1497135,2.9746046,3.4992225,3.4291077,1.9634672,3.8821654
AV-412,CC1=CC=C(C=C1)S(=O)(=O)O.CC1=CC=C(C=C1)S(=O)(=O)O.CC(C)(C#CC1=CC2=C(C=C1NC(=O)C=C)C(=NC=N2)NC3=CC(=C(C=C3)F)Cl)N4CCN(CC4)C,HL60,3.0538325,2.033512,3.666004,3.577356,1.9552815,4.0370083
telatinib,CNC(=O)C1=NC=CC(=C1)COC2=NN=C(C3=C2OC=C3)NC4=CC=C(C=C4)Cl,HL60,1.7706623,1.5022724,2.013766,1.9572322,0.8795279,2.5005133
PKI-179,C1CC2COCC1N2C3=NC(=NC(=N3)N4CCOCC4)C5=CC=C(C=C5)NC(=O)NC6=CC=NC=C6,HL60,1.9332901,-0.72599083,2.8026533,2.5641296,2.1425052,2.883153
kifunensine,C(C1C(C(C(C2N1C(=O)C(=O)N2)O)O)O)O,HL60,1.9912345,2.001805,3.292558,3.3515797,-2.2932,3.6034307
PD-153035,COC1=C(C=C2C(=C1)C(=NC=N2)NC3=CC(=CC=C3)Br)OC,HL60,1.3920684,1.3984551,1.3643463,1.4364542,0.72416425,2.036922
E7449,C1C2=CC=CC=C2CN1CC3=NC4=NNC(=O)C5=C4C(=CC=C5)N3,HL60,2.0488958,1.5023992,2.457895,2.0066025,1.7412584,2.5363233
echinomycin,CC1C(=O)N(C2CSC(C(C(=O)N(C(C(=O)OCC(C(=O)N1)NC(=O)C3=NC4=CC=CC=C4N=C3)C(C)C)C)N(C(=O)C(NC(=O)C(COC(=O)C(N(C2=O)C)C(C)C)NC(=O)C5=NC6=CC=CC=C6N=C5)C)C)SC)C,HL60,-3.6697018,-4.8442955,-3.2422276,-2.9987147,-4.2698946,-2.9933772
idazoxan,C1CN=C(N1)C2COC3=CC=CC=C3O2,HL60,5.592635,5.7905617,6.010522,5.7901764,3.953188,6.418729
gastrodin,C1=CC(=CC=C1CO)OC2C(C(C(C(O2)CO)O)O)O,HL60,0.28068691,0.07879521,1.5319278,1.6392053,-4.1321487,2.2856548
ribociclib,CN(C)C(=O)C1=CC2=CN=C(N=C2N1C3CCCC3)NC4=NC=C(C=C4)N5CCNCC5,HL60,2.01306,2.2420359,2.8537114,2.7438886,-0.88090074,3.1065662
cariporide,CC(C)C1=C(C=C(C=C1)C(=O)N=C(N)N)S(=O)(=O)C,HL60,3.468181,4.0410843,3.562672,3.306355,2.7236176,3.7071757
TAK-285,CC(C)(CC(=O)NCCN1C=CC2=C1C(=NC=N2)NC3=CC(=C(C=C3)OC4=CC=CC(=C4)C(F)(F)F)Cl)O,HL60,3.1247942,1.5050678,3.9757807,3.8927433,2.1073062,4.143073
satraplatin,CC(=O)[O-].CC(=O)[O-].C1CCC(CC1)N.N.[Cl-].[Cl-].[Pt+4],HL60,1.9831012,1.6816573,3.0797908,3.236903,-1.8220738,3.739229
finafloxacin,C1CC1N2C=C(C(=O)C3=CC(=C(C(=C32)C#N)N4CC5C(C4)OCCN5)F)C(=O)O,HL60,0.46506014,-0.2673372,2.229367,2.0227404,-4.1686935,2.509224
dienogest,CC12CCC3=C4CCC(=O)C=C4CCC3C1CCC2(CC#N)O,HL60,5.65766,5.2620835,6.4585376,5.154715,4.6407366,6.7722287
cetylpyridinium,CCCCCCCCCCCCCCCC[N+]1=CC=CC=C1,HL60,-0.23208892,-1.2582316,0.27014148,1.7720549,-3.7436514,1.7992421
diaveridine,COC1=C(C=C(C=C1)CC2=CN=C(N=C2N)N)OC,HL60,0.65754616,2.499694,-0.135848,1.5241821,-2.1119423,1.5116451
U-18666A,CCN(CC)CCOC1CCC2(C3CCC4(C(C3CC=C2C1)CCC4=O)C)C.Cl,HL60,-3.4211338,-4.660383,-2.7954776,-2.8648503,-4.2417827,-2.5431745
tasisulam,C1=CC(=C(C=C1Cl)Cl)C(=O)NS(=O)(=O)C2=CC=C(S2)Br,HL60,3.2199874,3.6895144,3.535479,3.3499644,1.9064485,3.6185305
ispinesib,CC1=CC=C(C=C1)C(=O)N(CCCN)C(C2=NC3=C(C=CC(=C3)Cl)C(=O)N2CC4=CC=CC=C4)C(C)C,HL60,3.57281,3.2671673,4.226944,4.1612477,1.7206153,4.488075
uric-acid,C12=C(NC(=O)N1)NC(=O)NC2=O,HL60,2.2140527,-0.56211454,3.2599266,3.3208916,1.1190469,3.9325125
FK-3311,CC(=O)C1=CC(=C(C=C1)NS(=O)(=O)C)OC2=C(C=C(C=C2)F)F,HL60,1.6718922,0.44389898,2.4588087,2.2932103,0.38754296,2.7760005
NVP-AUY922,CCNC(=O)C1=NOC(=C1C2=CC=C(C=C2)CN3CCOCC3)C4=CC(=C(C=C4O)O)C(C)C,HL60,-2.1252332,-3.633083,-2.086628,-1.7263299,-1.3200191,-1.860105
RAF265,CN1C2=C(C=C(C=C2)OC3=CC(=NC=C3)C4=NC=C(N4)C(F)(F)F)N=C1NC5=CC=C(C=C5)C(F)(F)F,HL60,2.434051,2.8938017,2.8755937,2.4853556,0.86442316,3.051082
AMG900,CC1=CSC(=C1)C2=NN=C(C3=CC=CC=C32)NC4=CC=C(C=C4)OC5=C(C=CC=N5)C6=NC(=NC=C6)N,HL60,1.1691118,1.2479385,2.0497196,1.876333,-1.6005367,2.272105
DVD-111,CCOC(=O)CNC(=O)C1CCCN1C(=O)CC2=CC=CC=C2,HL60,0.21692495,-1.4770088,1.0164982,1.849836,-1.9364389,1.6317383
cinalukast,CCC(CC)(CC(=O)NC1=CC=CC(=C1)C=CC2=NC(=CS2)C3CCC3)C(=O)O,HL60,3.7447708,3.8546712,3.7040737,3.7421038,3.2221484,4.2008567
zardaverine,COC1=C(C=CC(=C1)C2=NNC(=O)C=C2)OC(F)F,HL60,4.020923,4.129853,3.80378,4.09263,3.5579877,4.520366
idasanutlin,CC(C)(C)CC1C(C(C(N1)C(=O)NC2=C(C=C(C=C2)C(=O)O)OC)C3=C(C(=CC=C3)Cl)F)(C#N)C4=C(C=C(C=C4)Cl)F,HL60,2.8906274,3.2030823,3.3505688,3.2433636,0.9564905,3.6996315
lucitanib,CNC(=O)C1=CC=CC2=C1C=CC(=C2)OC3=C4C=C(C(=CC4=NC=C3)OCC5(CC5)N)OC,HL60,2.9425683,1.4718955,3.7711487,3.3677313,2.1509223,3.9511428
dacinostat,C1=CC=C2C(=C1)C(=CN2)CCN(CCO)CC3=CC=C(C=C3)C=CC(=O)NO,HL60,1.4854761,1.3561001,2.1317675,1.7489768,-0.12512124,2.3156574
bindarit,CC(C)(C(=O)O)OCC1=NN(C2=CC=CC=C21)CC3=CC=CC=C3,HL60,1.9044838,0.3411637,2.822712,2.8950708,0.07070166,3.3927703
tivantinib,C1CC2=C3C(=CC=C2)C(=CN3C1)C4C(C(=O)NC4=O)C5=CNC6=CC=CC=C65,HL60,1.0051838,1.2178209,2.022985,1.597547,-1.9867882,2.174354
BGT226,CN1C2=CN=C3C=CC(=CC3=C2N(C1=O)C4=CC(=C(C=C4)N5CCNCC5)C(F)(F)F)C6=CN=C(C=C6)OC.C(=CC(=O)O)C(=O)O,HL60,-0.41812906,-0.848532,0.16956131,-0.42680326,-1.8098463,0.824975
AR-12,C1=CC=C2C(=C1)C=CC3=C2C=CC(=C3)C4=CC(=NN4C5=CC=C(C=C5)NC(=O)CN)C(F)(F)F,HL60,-0.0667695,-0.17028815,1.3121675,0.97857213,-3.9775372,1.5232382
LY2874455,CC(C1=C(C=NC=C1Cl)Cl)OC2=CC3=C(C=C2)NN=C3C=CC4=CN(N=C4)CCO,HL60,0.8097229,0.46571067,1.5649924,1.6916765,-1.752304,2.0785387
LCL-161,CC(C(=O)NC(C1CCCCC1)C(=O)N2CCCC2C3=NC(=CS3)C(=O)C4=CC=C(C=C4)F)NC,HL60,3.284041,3.7271812,3.7512076,3.6814394,1.241324,4.0190535
DU-728,C(CC(C(=O)NCC(=O)NC(CC(=O)O)C(=O)NC(CO)C(=O)O)N)CN=C(N)N,HL60,2.5959966,1.7090688,3.0178187,2.6591537,2.447298,3.1466434
givinostat,CCN(CC)CC1=CC2=C(C=C1)C=C(C=C2)COC(=O)NC3=CC=C(C=C3)C(=O)NO,HL60,2.3037267,1.7928021,2.7278895,2.6901145,1.2873576,3.02047
CEP-32496,CC(C)(C1=CC(=NO1)NC(=O)NC2=CC(=CC=C2)OC3=NC=NC4=CC(=C(C=C43)OC)OC)C(F)(F)F,HL60,3.1099877,3.3563294,3.2037287,3.1755266,2.3112903,3.503064
ambazone,C1=CC(=CC=C1NN=C(N)N)N=NC(=S)N,HL60,0.43479776,-0.9727964,-0.14550991,2.3782635,0.7069016,0.20712993
merimepodib,COC1=C(C=CC(=C1)NC(=O)NC2=CC=CC(=C2)CNC(=O)OC3CCOC3)C4=CN=CO4,HL60,2.6506574,1.7082875,3.0597413,3.0705059,1.9021949,3.5125577
galeterone,CC12CCC(CC1=CCC3C2CCC4(C3CC=C4N5C=NC6=CC=CC=C65)C)O,HL60,2.2727764,1.0555817,3.8472881,3.0770004,-0.6582848,4.042297
xilobam,CC1=C(C(=CC=C1)C)NC(=O)N=C2CCCN2C,HL60,1.8313538,1.0174551,1.8519738,2.3675287,1.6631914,2.25662
navarixin,CCC(C1=CC=C(O1)C)NC2=C(C(=O)C2=O)NC3=CC=CC(=C3O)C(=O)N(C)C,HL60,-0.83487403,-3.0647914,-0.7492473,-0.4468895,-1.5926248,1.6791824
TAS-103,CN(C)CCNC1=NC2=C(C=CC(=C2)O)C3=C1C(=O)C4=CC=CC=C43.Cl.Cl,HL60,2.0819578,0.28386283,2.9594746,2.9113147,0.76156664,3.49357
I-BET-762,CCNC(=O)CC1C2=NN=C(N2C3=C(C=C(C=C3)OC)C(=N1)C4=CC=C(C=C4)Cl)C,HL60,2.886714,1.2879684,3.5826132,3.5548928,1.96756,4.040536
orotic-acid,C1=C(NC(=O)NC1=O)C(=O)O,HL60,0.7764305,-2.4977005,2.1981344,2.742259,-1.5350827,2.9745424
AS-703026,C1=CC(=C(C=C1I)F)NC2=C(C=CN=C2)C(=O)NCC(CO)O,HL60,1.4114487,-0.35235792,2.063548,2.1195843,0.8982291,2.3282394
buparlisib,C1COCCN1C2=NC(=NC(=C2)C3=CN=C(C=C3C(F)(F)F)N)N4CCOCC4,HL60,0.6699847,0.41284597,1.1829109,1.5827913,-1.598379,1.769754
ixazomib-citrate,B1(OC(=O)CC(O1)(CC(=O)O)C(=O)O)C(CC(C)C)NC(=O)CNC(=O)C2=C(C=CC(=C2)Cl)Cl,HL60,0.946548,-0.73730785,2.055251,1.9316885,-1.0348259,2.5179343
MEK162,CN1C=NC2=C1C=C(C(=C2F)NC3=C(C=C(C=C3)Br)F)C(=O)NOCCO,HL60,1.1689085,-1.4792211,2.6066267,2.7145574,-0.634369,2.6369483
GSK923295,CC(C)OC1=C(C=C(C=C1)C(=O)NC(CC2=CC=C(C=C2)C3=CN4C=CC=C(C4=N3)C(C)O)CNC(=O)CN(C)C)Cl,HL60,1.5338358,2.860366,2.323531,2.3361497,-2.6384525,2.7875845
GSK1070916,CCN1C=C(C(=N1)C2=CC=C(C=C2)NC(=O)N(C)C)C3=C4C=C(NC4=NC=C3)C5=CC=CC(=C5)CN(C)C,HL60,2.2234058,3.4204147,2.6075385,2.2345812,-0.07495177,2.929447
pyroxamide,C1=CC(=CN=C1)NC(=O)CCCCCCC(=O)NO,HL60,2.2509015,-0.56617427,2.9266517,2.9827886,2.5184705,3.3927703
ercalcitriol,CC(C=CC(C)C(C)(C)O)C1CCC2C1(CCCC2=CC=C3CC(CC(C3=C)O)O)C,HL60,1.0206524,1.8059852,1.9925628,1.8746237,-3.186541,2.6166315
XBD173,CCN(CC1=CC=CC=C1)C(=O)CN2C3=NC(=NC=C3N(C2=O)C)C4=CC=CC=C4,HL60,-2.4957662,-1.6305654,-3.1112723,-2.4503748,-2.913216,-2.3734019
hyodeoxycholic-acid,CC(CCC(=O)O)C1CCC2C1(CCC3C2CC(C4C3(CCC(C4)O)C)O)C,HL60,1.7852833,1.4117954,2.7698305,2.0337822,-0.35537958,3.066388
PD-407824,C1=CC=C(C=C1)C2=CC3=C(C4=C(N3)C=CC(=C4)O)C5=C2C(=O)NC5=O,HL60,1.756026,1.9044769,2.2567933,2.14964,-0.08646011,2.55568
DCEBIO,CCN1C2=CC(=C(C=C2NC1=O)Cl)Cl,HL60,0.69479215,-0.44904435,0.9335768,1.5180885,0.19477692,1.276563
CNX-2006,COC1=C(C=CC(=C1)NC2CN(C2)CCF)NC3=NC=C(C(=N3)NC4=CC(=CC=C4)NC(=O)C=C)C(F)(F)F,HL60,2.1193101,1.7521005,2.517256,2.277521,1.3132515,2.7364218
BI-78D3,C1COC2=C(O1)C=CC(=C2)N3C(=O)NN=C3SC4=NC=C(S4)[N+](=O)[O-],HL60,4.14129,3.8242362,4.6902328,4.441686,3.105865,4.644431
tremorine,C1CCN(C1)CC#CCN2CCCC2,HL60,3.5557861,4.536918,4.0299916,4.09263,0.63641256,4.482977
stattic,C1=CC(=CC2=C1C=CS2(=O)=O)[N+](=O)[O-],HL60,4.934003,4.245251,5.857789,5.6648746,2.9558353,5.946262
MK-8745,C1CN(CCN1CC2=NC(=CC=C2)NC3=NC=CS3)C(=O)C4=C(C(=CC=C4)Cl)F,HL60,2.9056468,3.2588084,3.4647782,3.3112004,0.9751917,3.518254
GSK2656157,CC1=NC(=CC=C1)CC(=O)N2CCC3=C2C=CC(=C3F)C4=CN(C5=NC=NC(=C45)N)C,HL60,4.026754,3.406483,4.7513256,4.6773734,2.1646957,5.133892
CEP-33779,CN1CCN(CC1)C2=CC=CC(=C2)NC3=NN4C=CC=C(C4=N3)C5=CC=C(C=C5)S(=O)(=O)C,HL60,1.092708,0.7002603,2.7807713,2.5493596,-3.638978,3.0721276
PR-619,C1=C(C(=NC(=C1SC#N)N)N)SC#N,HL60,-0.5500902,0.012039036,-0.49443674,-0.84528947,-0.89672506,-0.52603865
XL388,CC1=C(C=CC(=C1F)S(=O)(=O)C)C(=O)N2CCOC3=C(C2)C=C(C=C3)C4=CN=C(C=C4)N,HL60,3.7788513,2.9028573,4.4119205,4.2596993,2.6770492,4.6427317
flumethasone-pivalate,CC1CC2C3CC(C4=CC(=O)C=CC4(C3(C(CC2(C1(C(=O)COC(=O)C(C)(C)C)O)C)O)F)C)F,HL60,0.51392853,-0.014610887,1.7838845,1.5689036,-2.7909393,2.0224047
TAK-632,C1CC1C(=O)NC2=NC3=C(S2)C(=C(C=C3)OC4=CC(=C(C=C4)F)NC(=O)CC5=CC(=CC=C5)C(F)(F)F)C#N,HL60,1.5230634,1.1169834,2.4852967,2.0125482,-0.314201,2.3146896
fenaclon,C1=CC=C(C=C1)CCNC(=O)CCCl,HL60,2.665147,3.7205093,2.6987135,2.9795396,0.79177624,3.1351957
PHA-680632,CCC1=C(C(=CC=C1)CC)NC(=O)N2CC3=C(C2)NN=C3NC(=O)C4=CC=C(C=C4)N5CCN(CC5)C,HL60,1.4069792,1.2574656,1.3990158,1.6813675,0.8291786,1.8678683
deforolimus,CC1CCC2CC(C(=CC=CC=CC(CC(C(=O)C(C(C(=CC(C(=O)CC(OC(=O)C3CCCCN3C(=O)C(=O)C1(O2)O)C(C)CC4CCC(C(C4)OC)OP(=O)(C)C)C)C)O)OC)C)C)C)OC,HL60,-2.1037922,-1.4236534,-2.6332693,-2.5850422,-1.5365213,-2.3404748
ZSTK-474,C1COCCN1C2=NC(=NC(=N2)N3C4=CC=CC=C4N=C3C(F)F)N5CCOCC5,HL60,-1.4188998,-0.39234263,-1.6427139,-1.4127907,-2.1148195,-1.5318315
talmapimod,CC1CN(C(CN1C(=O)C2=C(C=C3C(=C2)C(=CN3C)C(=O)C(=O)N(C)C)Cl)C)CC4=CC=C(C=C4)F,HL60,0.19741736,0.63668954,-0.46511382,0.38960454,-0.5516521,0.9775587
nemorubicin,CC1C(C(CC(O1)OC2CC(CC3=C2C(=C4C(=C3O)C(=O)C5=C(C4=O)C(=CC=C5)OC)O)(C(=O)CO)O)N6CCOC(C6)OC)O,HL60,-1.0883911,-1.4102409,-0.20172484,-1.0568784,-3.0987892,0.32567856
"CP-945,598",CCNC1(CCN(CC1)C2=NC=NC3=C2N=C(N3C4=CC=C(C=C4)Cl)C5=CC=CC=C5Cl)C(=O)N,HL60,1.7620306,-0.320754,2.624862,2.475509,1.1406252,2.8899105
SR-57227A,C1CN(CCC1N)C2=NC(=CC=C2)Cl.Cl,HL60,3.648584,3.7874606,4.0894847,4.140364,1.7817228,4.4438877
AR-42,CC(C)C(C1=CC=CC=C1)C(=O)NC2=CC=C(C=C2)C(=O)NO,HL60,2.8550117,3.0735185,3.4520884,3.5484748,0.21096057,3.9900172
cebranopadol,CN(C)C1(CCC2(CC1)C3=C(CCO2)C4=C(N3)C=CC(=C4)F)C5=CC=CC=C5,HL60,2.4489796,1.2124784,3.6388113,3.3483493,0.10342872,3.94183
indirubin,C1=CC=C2C(=C1)C(=C(N2)O)C3=NC4=CC=CC=C4C3=O,HL60,1.0428987,1.2485738,1.0926099,1.0881159,-0.19075525,1.9759487
JTC-801,CCC1=CC=C(C=C1)OCC2=CC=CC=C2C(=O)NC3=CC4=C(C=C(N=C4C=C3)C)N.Cl,HL60,3.2758567,3.684069,3.2834938,3.2595153,2.554453,3.5977533
tideglusib,C1=CC=C(C=C1)CN2C(=O)N(SC2=O)C3=CC=CC4=CC=CC=C43,HL60,1.470472,3.1027749,1.0889381,1.7669264,-0.6606225,2.054343
cytochlor,C1C(C(OC1N2C=C(C(=NC2=O)N)Cl)CO)O,HL60,4.6487536,4.864093,5.406379,4.8026757,2.9993396,5.171282
neratinib,CCOC1=C(C=C2C(=C1)N=CC(=C2NC3=CC(=C(C=C3)OCC4=CC=CC=N4)Cl)C#N)NC(=O)C=CCN(C)C,HL60,1.8259814,1.7403326,1.543119,1.5932071,2.1853557,2.0678926
PCI-24781,CN(C)CC1=C(OC2=CC=CC=C21)C(=O)NCCOC3=CC=C(C=C3)C(=O)NO,HL60,3.3792515,3.0985954,4.1947002,3.9732945,1.5154867,4.114181
YM-976,CCC1=NC2=C(C=C1)C(=NC(=O)N2CC)C3=CC(=CC=C3)Cl,HL60,1.095349,0.8173191,1.6797378,1.9657469,-1.389789,2.4037302
fosbretabulin,COC1=C(C=C(C=C1)C=CC2=CC(=C(C(=C2)OC)OC)OC)OP(=O)(O)O,HL60,3.054298,3.8026783,2.5738037,2.7569249,3.1692924,2.9687898
xanomeline,CCCCCCOC1=NSN=C1C2=CCCN(C2)C,HL60,2.502689,-0.70951146,3.932492,4.050863,0.2688623,4.9707384
saracatinib,CN1CCN(CC1)CCOC2=CC3=C(C(=C2)OC4CCOCC4)C(=NC=N3)NC5=C(C=CC6=C5OCO6)Cl,HL60,2.6879315,2.597466,2.9230046,2.67219,1.9992317,3.2477653
selinexor,C1=CN=C(C=N1)NNC(=O)C=CN2C=NC(=N2)C3=CC(=CC(=C3)C(F)(F)F)C(F)(F)F,HL60,2.5797393,1.3322577,3.0980184,3.1642206,1.6422899,3.6619103
CYT-997,CCCC(C1=CN=CC=C1)NC2=NC(=NC=C2C)C3=CC(=C(C=C3)NC(=O)NCC)OC,HL60,-0.534743,-1.3923573,-1.1396897,-0.509814,-0.7095331,1.0776793
KW-2449,C1CN(CCN1)C(=O)C2=CC=C(C=C2)C=CC3=NNC4=CC=CC=C43,HL60,2.780772,2.6987598,3.2635527,3.356425,0.9118954,3.6732266
brefeldin-a,CC1CCCC=CC2CC(CC2C(C=CC(=O)O1)O)O,HL60,3.7636704,2.64617,4.467922,4.0419126,2.596438,5.0659113
kenpaullone,C1C2=C(C3=CC=CC=C3NC1=O)NC4=C2C=C(C=C4)Br,HL60,2.1179695,1.2940478,2.7479482,2.745518,0.7493389,3.0529952
methiazole,CC(C)SC1=CC2=C(C=C1)N=C(N2)NC(=O)OC,HL60,2.6005785,2.2497067,2.8573585,2.9746664,1.6562243,3.2649367
GSK-3-inhibitor-IX,C1=CC=C2C(=C1)C(=C(N2)C3=C(NC4=C3C=CC(=C4)Br)O)N=O,HL60,2.4657388,1.1143774,3.3451307,3.049389,1.1578879,3.6619103
chicago-sky-blue-6b,COC1=C(C=CC(=C1)C2=CC(=C(C=C2)NN=C3C=CC4=C(C3=O)C(=C(C=C4S(=O)(=O)O)S(=O)(=O)O)N)OC)NN=C5C=CC6=C(C5=O)C(=C(C=C6S(=O)(=O)O)S(=O)(=O)O)N,HL60,-0.70447433,-0.3135355,-0.3138587,-1.2288052,-0.753409,-0.9127635
SB-200646,CN1C=CC2=C1C=CC(=C2)NC(=O)NC3=CN=CC=C3,HL60,4.2735567,3.3772266,5.1212783,4.743008,3.135139,4.9911327
caffeic-acid-phenethyl-ester,C1=CC=C(C=C1)CCOC(=O)C=CC2=CC(=C(C=C2)O)O,HL60,2.8127537,3.0693393,2.826359,3.0315204,2.047202,3.089347
KF-38789,CC1=CC(=C(C(=O)O1)C2=NCCSC(C2)C3=C(C=C(C=C3)OC)OC)O,HL60,3.8871331,3.3019962,4.274461,4.208982,2.9786038,4.671623
GSK-J4,CCOC(=O)CCNC1=CC(=NC(=N1)C2=CC=CC=N2)N3CCC4=CC=CC=C4CC3,HL60,4.081492,3.9751422,4.422102,4.1612477,3.1603475,4.6886187
KPT-185,CC(C)OC(=O)C=CN1C=NC(=N1)C2=CC(=CC(=C2)OC)C(F)(F)F,HL60,4.432477,3.3033893,5.0873375,4.981679,3.3229814,5.466998
OSI-420,COCCOC1=C(C=C2C(=C1)N=CN=C2NC3=CC=CC(=C3)C#C)OCCO,HL60,2.4148302,2.9251478,2.6886842,2.7683313,0.5529765,3.1390116
NAN-190,COC1=CC=CC=C1N2CCN(CC2)CCCCN3C(=O)C4=CC=CC=C4C3=O,HL60,3.4867692,3.688153,4.3100986,3.9613612,0.7414269,4.732806
beta-naphthol,C1=CC=C2C=C(C=CC2=C1)O,HL60,2.5779052,2.35901,3.2291086,2.8365924,1.0701362,3.3946779
AZD2858,CN1CCN(CC1)S(=O)(=O)C2=CC=C(C=C2)C3=CN=C(C(=N3)C(=O)NC4=CN=CC=C4)N,HL60,2.9357255,2.9265409,3.5989287,3.4194164,1.0586277,3.6751125
NU6027,C1CCC(CC1)COC2=NC(=NC(=C2N=O)N)N,HL60,2.594909,2.0055091,3.0433366,3.2110603,1.4096346,3.3050044
aurora-a-inhibitor-i,CCN1CCN(CC1)C(=O)CC2=CC=C(C=C2)NC3=NC=C(C(=N3)NC4=CC=C(C=C4)C(=O)NC5=CC=CC=C5Cl)F,HL60,1.9262419,0.94064456,3.2889323,3.0915382,-1.063597,3.3736904
NSC-697923,CC1=CC=C(C=C1)S(=O)(=O)C2=CC=C(O2)[N+](=O)[O-],HL60,3.3057468,3.7044628,3.5173507,3.6670594,1.9798386,3.660024
golgicide-a,C1C=CC2C1C(NC3=C2C=C(C=C3F)F)C4=CN=CC=C4,HL60,3.3585677,3.147356,3.9775686,3.8823013,1.5405687,4.2450438
spermidine,C(CCNCCCN)CN,HL60,0.67920285,1.1479847,1.7941483,1.3410397,-2.7895007,1.9023424
dianhydrogalactitol,C1C(O1)C(C(C2CO2)O)O,HL60,-0.32672715,-2.236928,0.48833293,1.6753527,-4.002837,2.4424436
carmustine,C(CCl)NC(=O)N(CCCl)N=O,HL60,-2.4291222,-2.1399355,-2.247214,-1.5707401,-4.267083,-1.9206372
cisplatin,N.N.Cl[Pt]Cl,HL60,2.8168232,3.5874872,4.294825,3.4662564,-1.8307053,4.566253
dichlorvos,COP(=O)(OC)OC=C(Cl)Cl,HL60,2.0293822,0.7745571,2.8208883,2.7275937,0.46162844,3.362243
sevoflurane,C(OC(C(F)(F)F)C(F)(F)F)F,HL60,2.7196305,2.9383826,3.3904517,3.217521,0.10810411,3.943693
ornithine,C(CC(C(=O)O)N)CN,HL60,1.5092124,0.7364604,2.0773764,1.9427575,0.5580114,2.2314563
ammonium-lactate,CC(C(=O)O)O.N,HL60,2.6724923,2.2255983,3.5699232,3.0688818,0.5227669,3.9752903
pyrithione-zinc,C1=CC=[N+](C(=C1)[S-])O.C1=CC=[N+](C(=C1)[S-])O.[Zn+2],HL60,-3.9882355,-4.1448736,-4.3461556,-4.1398706,-4.000026,-3.3102505
oxaliplatin,C1CCC(C(C1)[NH-])[NH-].C(=O)(C(=O)O)O.[Pt+2],HL60,2.2440162,2.3302991,2.9339457,3.0672572,-0.5118221,3.4004018
foscarnet,C(=O)(O)P(=O)(O)O,HL60,-0.7763463,2.0184052,-1.2662063,-0.37881106,-3.4596891,-0.7954304
fluroxene,C=COCC(F)(F)F,HL60,1.9748869,1.5177236,3.2979965,3.0201497,-1.5969404,3.6355054
phenylmercuric-acetate,CC(=O)O[Hg]C1=CC=CC=C1,HL60,3.9751945,1.4347568,5.236676,4.769859,2.2572837,6.1773973
captamine,CN(C)CCS,HL60,5.874186,4.7347445,6.8149137,5.849844,4.947671,7.023757
BIX-02188,CN(C)CC1=CC(=CC=C1)N=C(C2=CC=CC=C2)C3=C(NC4=C3C=CC(=C4)C(=O)N)O,HL60,3.2390761,2.7064223,4.0911818,4.006112,1.0888374,4.302828
novobiocin,CC1=C(C=CC2=C1OC(=O)C(=C2O)NC(=O)C3=CC(=C(C=C3)O)CC=C(C)C)OC4C(C(C(C(O4)(C)C)OC)OC(=O)N)O,HL60,-2.6952653,-2.0745173,-2.503503,-2.5070617,-4.2136717,-2.177572
acipimox,CC1=CN=C(C=[N+]1[O-])C(=O)O,HL60,-0.45902663,-3.8261054,-0.88657,1.1843072,-0.26295257,1.4961876
methoxyflurane,COC(C(Cl)Cl)(F)F,HL60,1.6256855,-0.69555324,2.7479482,2.5313072,0.39617425,3.1485515
D-7193,CC(=O)NC(CSSCC(C(=O)O)NC(=O)C)C(=O)O,HL60,1.7367744,-0.068077505,2.5108678,2.4129455,1.1650807,2.6630561
carboplatin,C1CC(C1)(C(=O)O)C(=O)O.[NH2-].[NH2-].[Pt+2],HL60,5.412941,3.893983,6.9846163,5.9303956,3.0042186,7.2514925
pheniramine,CN(C)CCC(C1=CC=CC=C1)C2=CC=CC=N2,HL60,3.2684975,3.236518,3.7620847,3.9016933,0.89463276,4.5475583
mexiletine,CC1=C(C(=CC=C1)C)OCC(C)N,HL60,3.0888076,6.373705,2.4661162,2.6493764,1.0543121,2.9005291
usniacin-(+),CC1=C(C(=C2C(=C1O)C3(C(=CC(=C(C3=O)C(=O)C)O)O2)C)C(=O)C)O,HL60,-2.546331,-1.0521901,-2.6932862,-2.7214239,-4.2024274,-2.0623271
erythritol,C(C(C(CO)O)O)O,HL60,-4.326431,-3.5324113,-5.1334186,-5.1163545,-3.1275601,-4.7224107
linalool,CC(=CCCC(C)(C=C)O)C,HL60,1.068984,0.594101,2.2375948,2.501767,-2.95925,2.9707077
chlormidazole,CC1=NC2=CC=CC=C2N1CC3=CC=C(C=C3)Cl,HL60,3.1130965,2.0408814,3.8690424,3.8688762,1.8095422,3.9771395
trans-4-Hydroxycrotonic-acid,C(C=CC(=O)O)O,HL60,4.565875,4.4861937,4.876906,4.203015,4.0036044,5.259657
sodium-stibogluconate,C(C(C1C2C(O[Sb](O2)(O1)O[Sb]34OC(C(O3)C(CO)O)C(O4)C(=O)O)C(=O)O)O)O.O.O,HL60,1.102042,0.0795874,2.3683271,1.8036802,-1.6206764,2.8792915
isopropyl-myristate,CCCCCCCCCCCCCC(=O)OC(C)C,HL60,2.0840745,0.77500224,2.91024,2.862583,0.6018873,3.2706606
oxyphencyclimine,CN1CCCN=C1COC(=O)C(C2CCCCC2)(C3=CC=CC=C3)O,HL60,2.5849218,1.138262,3.1672814,3.6142602,1.0406458,3.96416
acetylcysteine,CC(=O)NC(CS)C(=O)O,HL60,2.8488896,3.2448769,3.4248958,3.1819873,0.8687388,3.5239487
mechlorethamine,CN(CCCl)CCCl,HL60,-0.30598757,-2.2906263,1.2494076,-0.67503035,-1.3523864,1.5386976
vorinostat,C1=CC=C(C=C1)NC(=O)CCCCCCC(=O)NO,HL60,0.66134346,-0.05666542,2.1160953,2.315506,-3.6616306,2.5934117
penicillamine-(D),CC(C)(C(C(=O)O)N)S,HL60,1.1398219,0.72190815,1.8305224,1.8190656,-0.85932255,2.186936
dichloroacetate,C(C(=O)[O-])(Cl)Cl,HL60,1.0987701,1.333195,2.2302814,1.8831553,-2.5132985,2.5605175
oleanolic-acid,CC1(CCC2(CCC3(C(=CCC4C3(CCC5C4(CCC(C5(C)C)O)C)C)C2C1)C)C(=O)O)C,HL60,3.328719,2.6031172,3.9179893,3.2385185,2.125671,4.758299
brigatinib,CN1CCN(CC1)C2CCN(CC2)C3=CC(=C(C=C3)NC4=NC=C(C(=N4)NC5=CC=CC=C5P(=O)(C)C)Cl)OC,HL60,2.5275261,1.4376464,3.2581139,3.089923,1.2485167,3.6034307
elacridar,COC1=CC=CC2=C1NC3=C(C2=O)C=CC=C3C(=O)NC4=CC=C(C=C4)CCN5CCC6=CC(=C(C=C6C5)OC)OC,HL60,1.8985443,1.2244302,2.5993326,2.3617485,0.63353544,2.6736748
BNC105,CC1=C(C2=C(O1)C(=C(C=C2)OC)OP(=O)(O)O)C(=O)C3=CC(=C(C(=C3)OC)OC)OC,HL60,1.1728249,0.63756764,1.5192106,1.824194,-0.059307456,1.9424595
bis(maltolato)oxovanadium(IV),CC1=C(C(=O)C=CO1)[O-].CC1=C(C(=O)C=CO1)[O-].O=[V+2],HL60,-0.19839816,-1.6475031,0.48665035,1.6590004,-3.70127,2.2111318
carboxypyridine-disulfide,C1=CC(=NC=C1C(=O)O)SSC2=NC=C(C=C2)C(=O)O,HL60,1.7013676,1.4600163,2.6585965,2.513255,-0.78325903,2.6582296
bafetinib,CC1=C(C=C(C=C1)NC(=O)C2=CC(=C(C=C2)CN3CCC(C3)N(C)C)C(F)(F)F)NC4=NC=CC(=N4)C5=CN=CN=C5,HL60,2.4988372,2.9077332,2.826359,2.621569,1.1046615,3.0338628
enoximone,CC1=C(NC(=O)N1)C(=O)C2=CC=C(C=C2)SC,HL60,4.719892,4.620614,5.324922,5.047313,3.054635,5.5519743
beta-lapachone,CC1(CCC2=C(O1)C3=CC=CC=C3C(=O)C2=O)C,HL60,-0.4957447,-1.007983,-0.58630013,-0.32505414,-2.3464265,1.7870401
carboxyamidotriazole,C1=CC(=CC=C1C(=O)C2=C(C=C(C=C2Cl)CN3C(=C(N=N3)C(=O)N)N)Cl)Cl,HL60,2.5634263,3.3354318,2.7078311,2.6313932,1.2139914,2.9284844
cyclovalone,COC1=C(C=CC(=C1)C=C2CCCC(=CC3=CC(=C(C=C3)O)OC)C2=O)O,HL60,2.3118038,1.8236878,2.0653918,2.1254284,2.6816297,2.8628807
erdafitinib,CC(C)NCCN(C1=CC2=NC(=CN=C2C=C1)C3=CN(N=C3)C)C4=CC(=CC(=C4)OC)OC,HL60,1.3425192,1.2810502,1.8510411,1.5940751,-0.13662964,2.123059
cibenzoline,C1CN=C(N1)C2CC2(C3=CC=CC=C3)C4=CC=CC=C4,HL60,1.6362623,0.35582125,1.8100038,2.4820733,0.3314394,3.2019742
atiprimod,CCCC1(CCC2(CC1)CCN(C2)CCCN(CC)CC)CCC,HL60,0.7059237,1.032923,1.9685938,1.880601,-3.633315,2.2808156
forodesine,C1=C(C2=C(N1)C(=O)NC=N2)C3C(C(C(N3)CO)O)O,HL60,2.0696073,2.3087661,2.6358027,2.8252215,-0.6180054,3.1962504
fenretinide,CC1=C(C(CCC1)(C)C)C=CC(=CC=CC(=CC(=O)NC2=CC=C(C=C2)O)C)C,HL60,4.0235653,3.684069,4.508651,4.262683,2.9058251,4.756599
etoposide-phosphate,CC1OCC2C(O1)C(C(C(O2)OC3C4COC(=O)C4C(C5=CC6=C(C=C35)OCO6)C7=CC(=C(C(=C7)OC)OP(=O)(O)O)OC)O)O,HL60,-3.3507886,-5.1758933,-2.9090133,-2.2549026,-4.0112705,-2.4028628
gidazepam,C1C(=O)N(C2=C(C=C(C=C2)Br)C(=N1)C3=CC=CC=C3)CC(=O)NN,HL60,1.5390009,-1.1054409,2.7588892,2.847963,-0.23921645,3.4328096
chidamide,C1=CC(=CN=C1)C=CC(=O)NCC2=CC=C(C=C2)C(=O)NC3=C(C=CC(=C3)F)N,HL60,4.8524714,4.245251,5.5014124,5.3188014,3.6279202,5.568969
brivaracetam,CCCC1CC(=O)N(C1)C(CC)C(=O)N,HL60,2.9059997,1.7118032,3.4539013,3.6734507,2.0874114,3.6034307
bentazepam,C1CCC2=C(C1)C3=C(S2)NC(=O)CN=C3C4=CC=CC=C4,HL60,1.8314816,1.7653742,2.9230046,3.0169008,-1.5415562,2.9936845
LY3023414,CC(CN1C2=C3C=C(C=CC3=NC=C2N(C1=O)C)C4=CC(=CN=C4)C(C)(C)O)OC,HL60,1.5528835,1.5929437,2.0192974,1.8746237,-0.042943895,2.3204968
hexaminolevulinate,CCCCCCOC(=O)CCC(=O)CN,HL60,0.93218005,-0.89117986,2.521819,2.6803374,-2.5650864,2.9150093
GS-9973,C1COCCN1C2=CC=C(C=C2)NC3=NC(=CN4C3=NC=C4)C5=CC6=C(C=C5)C=NN6,HL60,2.7653046,3.6663067,3.161813,2.7829874,0.9924543,3.222962
lorlatinib,CC1C2=C(C=CC(=C2)F)C(=O)N(CC3=NN(C(=C3C4=CC(=C(N=C4)N)O1)C#N)C)C,HL60,1.7484223,2.0985823,2.0441883,2.2717407,-0.08484179,2.4124408
GSK2830371,CC1=C(C=C(C=N1)Cl)NCC2=CC=C(S2)C(=O)NC(CC3CCCC3)C(=O)NC4CC4,HL60,2.628335,4.0245986,3.023287,3.0963838,-0.3781942,3.3755987
metyrapone,CC(C)(C1=CN=CC=C1)C(=O)C2=CN=CC=C2,HL60,2.1474314,2.7921014,2.1658773,2.290733,0.5407488,2.947697
idronoxil,C1C(=CC2=C(O1)C=C(C=C2)O)C3=CC=C(C=C3)O,HL60,3.2052817,2.101889,3.8672297,3.6110513,2.4820795,3.96416
gilteritinib,CCC1=C(N=C(C(=N1)C(=O)N)NC2=CC(=C(C=C2)N3CCC(CC3)N4CCN(CC4)C)OC)NC5CCOCC5,HL60,2.2786107,2.6799524,2.957651,2.8804512,-0.39756954,3.272569
napabucasin,CC(=O)C1=CC2=C(O1)C(=O)C3=CC=CC=C3C2=O,HL60,0.5290991,-1.6326826,1.8305224,2.0176444,-2.2011323,2.6311438
litronesib,CCNCCS(=O)(=O)NCC1(N(N=C(S1)NC(=O)C(C)(C)C)C(=O)C(C)(C)C)C2=CC=CC=C2,HL60,0.9022894,0.3314166,2.4396257,2.4129455,-3.559555,2.8870144
ONC201,CC1=CC=CC=C1CN2C(=O)C3=C(CCN(C3)CC4=CC=CC=C4)N5C2=NCC5,HL60,2.2363052,1.272455,2.1022673,2.6493764,2.405561,2.7518673
niraparib,C1CC(CNC1)C2=CC=C(C=C2)N3C=C4C=CC=C(C4=N3)C(=O)N,HL60,3.0954561,3.7576406,3.5191636,3.4145713,1.0485579,3.737347
LY2606368,COC1=C(C(=CC=C1)OCCCN)C2=CC(=NN2)NC3=NC=C(N=C3)C#N,HL60,3.5564072,2.744734,3.872668,3.9121354,3.140018,4.112481
indisulam,C1=CC2=C(C(=C1)NS(=O)(=O)C3=CC=C(C=C3)S(=O)(=O)N)NC=C2Cl,HL60,2.2439444,0.8624824,2.9685922,2.745518,1.674339,2.9687898
motesanib,CC1(CNC2=C1C=CC(=C2)NC(=O)C3=C(N=CC=C3)NCC4=CC=NC=C4)C,HL60,4.0897484,3.8889105,4.7275677,4.3223505,2.8263931,4.68352
JTE-607,CCOC(=O)C(CC1=CC=CC=C1)NC(=O)C2=CC(=C(C(=C2O)Cl)OCCN3CCN(CC3)C)Cl.Cl.Cl,HL60,-1.1297352,-2.6318703,-0.93358755,0.313179,-3.604999,1.2086014
poziotinib,COC1=C(C=C2C(=C1)N=CN=C2NC3=C(C(=C(C=C3)Cl)Cl)F)OC4CCN(CC4)C(=O)C=C,HL60,1.1759506,0.7201443,1.4185177,1.5871313,0.17607576,1.9778843
salvianolic-acid-B,C1=CC(=C(C=C1CC(C(=O)O)OC(=O)C=CC2=C3C(C(OC3=C(C=C2)O)C4=CC(=C(C=C4)O)O)C(=O)OC(CC5=CC(=C(C=C5)O)O)C(=O)O)O)O,HL60,-0.5180235,-0.18926525,0.38815922,0.6733563,-4.115282,0.6529144
tedizolid-phosphate,CN1N=C(N=N1)C2=NC=C(C=C2)C3=C(C=C(C=C3)N4CC(OC4=O)COP(=O)(O)O)F,HL60,2.1441264,1.5254998,2.6394498,2.719446,0.5903789,3.245857
pentostatin,C1C(C(OC1N2C=NC3=C2NC=NCC3O)CO)O,HL60,4.5477133,5.6662025,4.656292,4.6803565,3.0521955,4.68352
topotecan,CCC1(C2=C(COC1=O)C(=O)N3CC4=CC5=C(C=CC(=C5CN(C)C)O)N=C4C3=C2)O,HL60,-1.2688261,-2.8232858,-1.4186192,-1.2766876,-0.28219318,-0.5433444
tofogliflozin,CCC1=CC=C(C=C1)CC2=CC3=C(COC34C(C(C(C(O4)CO)O)O)O)C=C2,HL60,-2.314135,-0.9166263,-2.3818467,-2.136642,-4.222105,-1.9134556
tucatinib,CC1=C(C=CC(=C1)NC2=NC=NC3=C2C=C(C=C3)NC4=NC(CO4)(C)C)OC5=CC6=NC=NN6C=C5,HL60,1.8759438,0.7285228,2.4515007,2.048149,1.4556682,2.6958776
vindesine,CCC1(CC2CC(C3=C(CCN(C2)C1)C4=CC=CC=C4N3)(C5=C(C=C6C(=C5)C78CCN9C7C(C=CC9)(C(C(C8N6C)(C(=O)N)O)O)CC)OC)C(=O)OC)O,HL60,-3.323071,-4.008333,-2.8538723,-3.075209,-3.881959,-2.7959807
vinblastine,CCC1(CC2CC(C3=C(CCN(C2)C1)C4=CC=CC=C4N3)(C5=C(C=C6C(=C5)C78CCN9C7C(C=CC9)(C(C(C8N6C)(C(=O)OC)O)OC(=O)C)CC)OC)C(=O)OC)O,HL60,-3.6255927,-4.356651,-3.1290562,-3.3046908,-4.2108603,-3.1267064
UNC0631,CC(C)N1CCCN(CC1)C2=NC3=CC(=C(C=C3C(=N2)NC4CCN(CC4)CC5CCCCC5)OC)OCCCN6CCCCC6,HL60,1.1135924,-0.38520247,2.022985,2.0506785,-0.50777626,2.3872771
pardoprunox,CN1CCN(CC1)C2=CC=CC3=C2OC(=O)N3,HL60,2.9164279,2.200353,3.3922644,3.296664,2.098889,3.5939686
rubitecan,CCC1(C2=C(COC1=O)C(=O)N3CC4=CC5=C(C=CC=C5[N+](=O)[O-])N=C4C3=C2)O,HL60,-1.2447214,-2.4288826,-1.458362,-1.3191639,-0.39654696,-0.6206517
vinflunine,CCC12C=CCN3C1C4(CC3)C(C(C2OC(=O)C)(C(=O)OC)O)N(C5=CC(=C(C=C45)C6(CC7CC(CN(C7)CC8=C6NC9=CC=CC=C89)C(C)(F)F)C(=O)OC)OC)C,HL60,-4.550602,-8.098973,-3.7610679,-3.1937747,-4.2642717,-3.4349222
XL-647,CN1CC2CC(CC2C1)COC3=C(C=C4C(=C3)N=CN=C4NC5=C(C(=C(C=C5)Cl)Cl)F)OC,HL60,2.532608,2.8791735,3.2581139,2.5592062,0.7435847,3.222962
PI3K-IN-2,C1COCCN1C2=NC(=NC(=N2)C3=CN=C(C=C3C(F)(F)F)N)N4CCOCC4,HL60,0.62304264,0.33060437,1.2825754,1.5272223,-1.7645317,1.739343
verubulin,CC1=NC2=CC=CC=C2C(=N1)N(C)C3=CC=C(C=C3)OC,HL60,1.5828273,0.93655103,1.8538392,1.7643622,0.942105,2.41728
VE-822,CC(C)S(=O)(=O)C1=CC=C(C=C1)C2=CN=C(C(=N2)C3=CC(=NO3)C4=CC=C(C=C4)CNC)N,HL60,2.780804,1.4347055,3.2055414,3.0979989,2.46237,3.7034035
cytarabine,C1=CN(C(=O)N=C1N)C2C(C(C(O2)CO)O)O,HEL,-1.5243667,-4.1922455,-2.1385345,3.062384,-3.305941,-1.047497
epinastine,C1C2C3=CC=CC=C3CC4=CC=CC=C4N2C(=N1)N,HEL,-1.8178976,-1.338707,-3.5662115,0.047366038,-1.392666,-2.8392694
floxuridine,C1C(C(OC1N2C=C(C(=O)NC2=O)F)CO)O,HEL,4.9537077,3.9967005,5.491231,5.500788,4.119075,5.6607428
valrubicin,CCCCC(=O)OCC(=O)C1(CC(C2=C(C1)C(=C3C(=C2O)C(=O)C4=C(C3=O)C=CC=C4OC)O)OC5CC(C(C(O5)C)O)NC(=O)C(F)(F)F)O,HEL,-0.81322354,-0.7272585,-1.4142033,1.5749794,-2.798132,-0.7015034
adapalene,COC1=C(C=C(C=C1)C2=CC3=C(C=C2)C=C(C=C3)C(=O)O)C45CC6CC(C4)CC(C6)C5,HEL,1.6590481,1.7611561,-0.37491232,2.60844,2.2113724,2.0891848
colforsin-daproate,CC(=O)OC1C(C2C(CCC(C2(C3(C1(OC(CC3=O)(C)C=C)C)O)C)O)(C)C)OC(=O)CCN(C)C,HEL,-0.13531616,-0.38520247,-1.3602772,1.804535,-2.4744573,1.7388211
sulfamethazine,CC1=CC(=NC(=N1)NS(=O)(=O)C2=CC=C(C=C2)N)C,HEL,3.302379,1.9846942,3.501035,3.9583776,3.5230212,3.5447652
niridazole,C1CN(C(=O)N1)C2=NC=C(S2)[N+](=O)[O-],HEL,2.6850758,-0.7724244,2.7479482,3.9971616,3.997099,3.4555948
amprolium,CCCC1=NC=C(C(=N1)N)C[N+]2=CC=CC=C2C.[Cl-],HEL,-1.1040148,-1.4736905,-2.5602758,0.74438214,0.2832479,-2.513738
methylphenidate,COC(=O)C(C1CCCCN1)C2=CC=CC=C2,HEL,2.1185038,0.6968039,2.5847447,3.5291512,0.67525345,3.1065662
fulvestrant,CC12CCC3C(C1CCC2O)C(CC4=C3C=CC(=C4)O)CCCCCCCCCS(=O)CCCC(C(F)(F)F)(F)F,HEL,3.0517375,2.1213613,2.9667687,3.4872534,3.4717917,3.2115138
estramustine-phosphate,CC12CCC3C(C1CCC2OP(=O)(O)O)CCC4=C3C=CC(=C4)OC(=O)N(CCCl)CCCl,HEL,4.0367703,3.2532358,3.7910903,4.3432345,4.6566176,4.1396737
masitinib,CC1=C(C=C(C=C1)NC(=O)C2=CC=C(C=C2)CN3CCN(CC3)C)NC4=NC(=CS4)C5=CN=CC=C5,HEL,2.9448626,2.122096,3.067032,3.6942217,2.856845,2.9841185
cinnarazine,C1CN(CCN1C=CCC2=CC=CC=C2)C(C3=CC=CC=C3)C4=CC=CC=C4,HEL,3.2117953,2.8958914,2.693243,3.9867198,3.029427,3.453696
belinostat,C1=CC=C(C=C1)NS(=O)(=O)C2=CC=CC(=C2)C=CC(=O)NO,HEL,3.6608481,2.6066463,3.943369,4.30445,3.3815298,4.0682464
romidepsin,CC=C1C(=O)NC(C(=O)OC2CC(=O)NC(C(=O)NC(CSSCCC=C2)C(=O)N1)C(C)C)C(C)C,HEL,3.743869,2.4437077,3.6369984,3.991195,4.5077696,4.1396737
metoxibutropate,CC(C)CC1=CC=C(C=C1)C(C)C(=O)OC2=CC=CC=C2OC,HEL,3.7084718,2.3927457,4.060635,4.5699716,3.0904145,4.428592
dihydroartemisinin,CC1CCC2C(C(OC3C24C1CCC(O3)(OO4)C)O)C,HEL,0.13063344,-2.425178,1.4890585,2.0346317,-2.625506,2.180161
octopamine,C1=CC(=CC=C1C(CN)O)O,HEL,4.825482,5.0329285,4.415314,4.880244,4.7194157,5.079508
PF-3845,C1CN(CCC1CC2=CC(=CC=C2)OC3=NC=C(C=C3)C(F)(F)F)C(=O)NC4=CN=CC=C4,HEL,4.4593115,3.2671673,4.730962,5.115931,4.514275,4.6682243
UNC2250,CCCCNC1=NC=C(C(=N1)NC2CCC(CC2)O)C3=NC=C(C=C3)CN4CCOCC4,HEL,3.5254433,2.4537566,3.689571,4.355168,3.4498358,3.6788847
flufenamic-acid,C1=CC=C(C(=C1)C(=O)O)NC2=CC=CC(=C2)C(F)(F)F,HEL,3.5024898,2.5868132,3.7348921,3.9628532,3.2563014,3.9715896
puromycin,CN(C)C1=NC=NC2=C1N=CN2C3C(C(C(O3)CO)NC(=O)C(CC4=CC=C(C=C4)OC)N)O,HEL,-1.1975234,-0.46022755,-2.307231,1.4097798,-2.9319172,-1.698021
AZD3463,COC1=C(C=CC(=C1)N2CCC(CC2)N)NC3=NC=C(C(=N3)C4=CNC5=CC=CC=C54)Cl,HEL,4.6362104,3.4218078,4.9108467,5.074164,4.985343,4.7888904
9-aminoacridine,C1=CC=C2C(=C1)C(=C3C=CC=CC3=N2)N,HEL,2.2338169,1.8906074,2.4606354,2.9259346,1.2298155,2.662091
GZD824,CC1=C(C=C(C=C1)C(=O)NC2=CC(=C(C=C2)CN3CCN(CC3)C)C(F)(F)F)C#CC4=CC5=C(NN=C5)N=C4,HEL,2.5586858,2.5469162,2.4871235,3.217521,2.1516871,2.3901806
LDN-57444,CC(=O)ON=C1C2=C(C=CC(=C2)Cl)N(C1=O)CC3=C(C=CC(=C3)Cl)Cl,HEL,4.139347,3.0191858,4.578229,4.913061,3.4449568,4.7413034
cycloheximide,CC1CC(C(=O)C(C1)C(CC2CC(=O)NC(=O)C2)O)C,HEL,3.3565354,1.8551836,3.3505688,4.0836797,3.5775037,3.9157412
4-hydroxy-phenazone,CC1=C(C(=O)N(N1C)C2=CC=CC=C2)O,HEL,2.6402571,1.1423674,3.0961955,4.1433473,1.6631914,3.1561832
BAY-K-8644-(s)-(-),CC1=C(C(C(=C(N1)C)[N+](=O)[O-])C2=CC=CC=C2C(F)(F)F)C(=O)OC,HEL,3.3642209,2.767721,3.3324406,3.9046767,3.2790704,3.5371957
AG-14361,CN(C)CC1=CC=C(C=C1)C2=NC3=CC=CC4=C3N2CCNC4=O,HEL,4.025998,3.4858928,3.932492,4.519254,4.1841283,4.0082245
RGFP966,C1=CC=C(C=C1)C=CCN2C=C(C=N2)C=CC(=O)NC3=C(C=C(C=C3)F)N,HEL,4.3234353,2.716871,5.0058804,5.2084165,3.8206415,4.8653684
NSC-319726,CC(=NNC(=S)N1CCC1)C2=CC=CC=N2,HEL,3.8511086,2.6066463,4.0453296,4.8026757,3.5677457,4.2331476
A-803467,COC1=CC(=CC(=C1)NC(=O)C2=CC=C(O2)C3=CC=C(C=C3)Cl)OC,HEL,2.9818335,1.0992919,3.2599266,4.1224637,2.6110945,3.8163908
ONX-0914,CC(C(=O)NC(CC1=CC=C(C=C1)OC)C(=O)NC(CC2=CC=CC=C2)C(=O)C3(CO3)C)NC(=O)CN4CCOCC4,HEL,2.873488,2.480314,2.612097,3.5869832,2.6101785,3.0778673
nitrocaramiphen,CCN(CC)CCOC(=O)C1(CCCC1)C2=CC=C(C=C2)[N+](=O)[O-],HEL,1.577842,-0.18707556,1.9400152,3.0672572,0.57527405,2.493739
azomycin-(2-nitroimidazole),C1=CN=C(N1)[N+](=O)[O-],HEL,2.7509391,1.6247971,2.6148324,3.9762778,2.9395719,2.5992167
AZ960,CC1=CC(=NN1)NC2=C(C=C(C(=N2)NC(C)C3=CC=C(C=C3)F)C#N)F,HEL,1.8626856,-1.0545053,2.7497716,3.4178016,1.298866,2.9014943
isoflupredone-acetate,CC(=O)OCC(=O)C1(CCC2C1(CC(C3(C2CCC4=CC(=O)C=CC43C)F)O)C)O,HEL,3.441297,1.2250683,3.9306793,4.310417,3.6108437,4.1294765
PI-828,C1COCCN1C2=CC(=O)C3=C(O2)C(=CC=C3)C4=CC=C(C=C4)N,HEL,2.750718,2.2779016,2.5026505,3.4985418,2.619339,2.855158
oxymatrine,C1CC2C3CCC[N+]4(C3C(CCC4)CN2C(=O)C1)[O-],HEL,-3.5644093,-5.499132,-3.8908708,-0.83339816,-4.16026,-3.4383852
demecarium,CN(CCCCCCCCCCN(C)C(=O)OC1=CC=CC(=C1)[N+](C)(C)C)C(=O)OC2=CC=CC(=C2)[N+](C)(C)C,HEL,3.136505,1.2517501,3.4484627,3.9762778,3.225401,3.7806327
doxorubicin,C[C@H]1[C@H]([C@H](C[C@@H](O1)O[C@H]2C[C@@](CC3=C2C(=C4C(=C3O)C(=O)C5=C(C4=O)C(=CC=C5)OC)O)(C(=O)CO)O)N)O,HEL,1.4511278,-0.79625326,1.5929704,2.4261575,1.8409894,2.191775
bortezomib,B(C(CC(C)C)NC(=O)C(CC1=CC=CC=C1)NC(=O)C2=NC=CN=C2)(O)O,HEL,-3.749947,-5.212118,-4.007854,-1.7273276,-4.267083,-3.5353522
astemizole,COC1=CC=C(C=C1)CCN2CCC(CC2)NC3=NC4=CC=CC=C4N3CC5=CC=C(C=C5)F,HEL,3.2427807,1.5997708,3.2961838,3.953903,3.92554,3.438506
estramustine,CC12CCC3C(C1CCC2O)CCC4=C3C=CC(=C4)OC(=O)N(CCCl)CCCl,HEL,4.63362,3.1348176,4.927817,5.0144963,4.987667,5.103301
ixabepilone,CC1CCCC2(C(O2)CC(NC(=O)CC(C(C(=O)C(C1O)C)(C)C)O)C(=CC3=CSC(=N3)C)C)C,HEL,1.3036435,0.27553815,1.9815001,2.514896,-0.5945389,2.3408213
azathioprine,CN1C=NC(=C1SC2=NC=NC3=C2NC=N3)[N+](=O)[O-],HEL,-0.7329825,-0.79876167,-2.2358592,1.3988339,0.16924256,-2.1983683
disulfiram,CCN(CC)C(=S)SSC(=S)N(CC)CC,HEL,3.0732205,-0.045253396,3.6478755,4.140364,3.795433,3.8276827
rimexolone,CCC(=O)C1(C(CC2C1(CC(C3C2CCC4=CC(=O)C=CC34C)O)C)C)C,HEL,2.3303158,-0.2615242,2.8172414,3.3887286,2.5833852,3.1237478
primaquine,CC(CCCN)NC1=C2C(=CC(=C1)OC)C=CC=N2,HEL,5.826822,5.4907527,5.8985176,5.9184623,5.5470057,6.2793684
pralatrexate,C#CCC(CC1=CN=C2C(=N1)C(=NC(=N2)N)N)C3=CC=C(C=C3)C(=O)NC(CCC(=O)O)C(=O)O,HEL,1.7280557,0.28136593,1.9059055,2.5214605,1.8936571,2.0378897
piroxicam,CN1C(=C(C2=CC=CC=C2S1(=O)=O)O)C(=O)NC3=CC=CC=N3,HEL,5.371648,4.696701,5.406379,5.787193,5.17126,5.796705
quinidine,COC1=CC2=C(C=CN=C2C=C1)C(C3CC4CCN3CC4C=C)O,HEL,-0.45738363,-1.9891651,-2.0266109,1.9470148,0.7342341,-0.9523915
tedizolid,CN1N=C(N=N1)C2=NC=C(C=C2)C3=C(C=C(C=C3)N4CC(OC4=O)CO)F,HEL,2.4481685,-0.45463592,2.8610055,3.791351,2.7896328,3.2534893
mefexamide,CCN(CC)CCNC(=O)COC1=CC=C(C=C1)OC,HEL,3.8232887,2.689008,3.9469812,4.495387,3.6482491,4.3368177
oxonic-acid,C1(=NC(=O)NC(=O)N1)C(=O)O,HEL,5.1236815,4.09815,5.386015,5.417253,5.14802,5.568969
dehydrocholate-acid,CC(CCC(=O)O)C1CCC2C1(C(=O)CC3C2C(=O)CC4C3(CCC(=O)C4)C)C,HEL,0.604414,-1.9690397,1.0142134,2.7813628,-1.1394807,2.335014
7-nitroindazole,C1=CC2=C(C(=C1)[N+](=O)[O-])NN=C2,HEL,2.8980596,1.7865875,2.7753007,3.479178,3.3140364,3.1351957
RITA,C1=C(SC(=C1)C2=CC=C(O2)C3=CC=C(S3)CO)CO,HEL,1.3190075,-1.0695546,1.2115736,2.9925349,0.94642067,2.5140631
UH-232-(+),CCCN(CCC)C1CCC2=C(C1C)C=CC=C2OC,HEL,2.9609609,1.2437034,3.4194572,3.9240687,2.5575528,3.660024
KI-8751,COC1=CC2=C(C=CN=C2C=C1OC)OC3=CC(=C(C=C3)NC(=O)NC4=C(C=C(C=C4)F)F)F,HEL,3.2319794,2.4925163,3.430334,4.068763,2.7468944,3.421388
D-4476,C1COC2=C(O1)C=CC(=C2)C3=C(NC(=N3)C4=CC=C(C=C4)C(=O)N)C5=CC=CC=N5,HEL,3.5493934,1.6587033,3.9034865,4.2686496,3.9352984,3.980829
caffeic-acid,C1=CC(=C(C=C1C=CC(=O)O)O)O,HEL,5.0709205,4.3175335,5.111096,5.2263165,4.9981246,5.7015314
nutlin-3,CC(C)OC1=C(C=CC(=C1)OC)C2=NC(C(N2C(=O)N3CCNC(=O)C3)C4=CC=C(C=C4)Cl)C5=CC=C(C=C5)Cl,HEL,3.8405862,3.4036965,3.8019671,4.3760514,3.6775231,3.943693
TW-37,CC(C)C1=CC=CC=C1CC2=CC(=C(C(=C2O)O)O)C(=O)NC3=CC=C(C=C3)S(=O)(=O)C4=CC=CC=C4C(C)(C)C,HEL,2.2742944,1.5613,2.3372438,3.3451192,1.2485167,2.8792915
bromosporine,CCOC(=O)NC1=CC(=NN2C1=NN=C2C)C3=CC(=C(C=C3)C)NS(=O)(=O)C,HEL,1.0090625,-0.08785832,0.67177105,2.5871055,0.049123406,1.8251716
EPZ-5676,CC(C)N(CC1C(C(C(O1)N2C=NC3=C(N=CN=C32)N)O)O)C4CC(C4)CCC5=NC6=C(N5)C=C(C=C6)C(C)(C)C,HEL,4.5879593,3.779833,4.578229,4.6982574,5.2628393,4.620638
FLI-06,CC1=C(C(C2=C(N1)CC(CC2=O)(C)C)C3=CC=C(C=C3)[N+](=O)[O-])C(=O)OC4CCCCC4,HEL,0.03464997,-0.50356245,-1.6203423,2.2453163,1.3261986,-1.2743603
PP242,CC(C)N1C2=NC=NC(=C2C(=N1)C3=CC4=C(N3)C=CC(=C4)O)N,HEL,1.8906187,1.5254998,1.8939209,2.449251,1.8492527,1.735169
estradiol-benzoate,CC12CCC3C(C1CCC2O)CCC4=C3C=CC(=C4)OC(=O)C5=CC=CC=C5,HEL,4.6722283,3.363295,4.9312115,4.922011,5.003935,5.1406903
FR-122047,CN1CCN(CC1)C(=O)C2=NC(=C(S2)C3=CC=C(C=C3)OC)C4=CC=C(C=C4)OC,HEL,3.1011693,1.4705374,3.303435,3.991195,3.0806565,3.660024
lanatoside-c,CC1C(C(CC(O1)OC2CCC3(C(C2)CCC4C3CC(C5(C4(CCC5C6=CC(=O)OC6)O)C)O)C)O)OC7CC(C(C(O7)C)OC8CC(C(C(O8)C)OC9C(C(C(C(O9)CO)O)O)O)OC(=O)C)O,HEL,-0.56679285,-1.6686754,-1.9941692,1.665025,-1.5350827,0.6989379
oleoylethanolamide,CCCCCCCCC=CCCCCCCCC(=O)NCCO,HEL,3.326402,1.1217614,3.5336664,4.0329623,4.2817087,3.6619103
AZ3146,CN1CCC(CC1)OC2=CC(=C(C=C2)NC3=NC=C4C(=N3)N(C(=O)N4C)C5CCCC5)OC,HEL,3.4100857,2.4243276,3.6442497,4.1373806,3.3490028,3.4954689
parbendazole,CCCCC1=CC2=C(C=C1)N=C(N2)NC(=O)OC,HEL,3.0988402,1.4639902,3.586239,4.2328486,2.6568966,3.5542276
TAME,CC1=CC=C(C=C1)S(=O)(=O)NC(CCCN=C(N)N)C(=O)OC,HEL,3.750893,2.8631523,3.5064738,3.9270523,4.7506113,3.7071757
D-64131,COC1=CC2=C(C=C1)NC(=C2)C(=O)C3=CC=CC=C3,HEL,2.0060077,1.6848233,2.1769378,3.0233984,0.6133957,2.5314841
SB-228357,COC1=C(C=C2C(=C1)CCN2C(=O)NC3=CC(=CC(=C3)C4=CN=CC=C4)F)C(F)(F)F,HEL,2.770524,2.685525,2.7224195,3.2627456,2.3470433,2.8348863
NMS-E973,CN1CCC(CC1)NC(=O)C2=NOC(=C2)C3=C(C=C(C=C3OC4=CC=C(C=C4)[N+](=O)[O-])O)O,HEL,3.138035,2.3748012,3.021464,3.7770755,3.1660395,3.350795
mepivacaine,CC1=C(C(=CC=C1)C)NC(=O)C2CCCCN2C,HEL,0.10281841,-0.20240322,-1.7670689,2.1229236,1.0248218,-0.6641813
atorvastatin,CC(C)C1=C(C(=C(N1CCC(CC(CC(=O)O)O)O)C2=CC=C(C=C2)F)C3=CC=CC=C3)C(=O)NC4=CC=CC=C4,HEL,3.746038,2.4401188,3.9415565,4.4536195,3.5937667,4.301128
tacrolimus,CC1CC(C2C(CC(C(O2)(C(=O)C(=O)N3CCCCC3C(=O)OC(C(C(CC(=O)C(C=C(C1)C)CC=C)O)C)C(=CC4CCC(C(C4)OC)O)C)O)C)OC)OC,HEL,1.8116547,0.28966197,1.9676719,2.834968,1.1967288,2.7692432
lasalocid,CCC(C1C(CC(O1)(CC)C2CCC(C(O2)C)(CC)O)C)C(=O)C(C)C(C(C)CCC3=C(C(=C(C=C3)C)O)C(=O)O)O,HEL,0.501579,-2.2388458,2.1585023,2.763443,-2.9347944,2.75959
clofazimine,CC(C)N=C1C=C2C(=NC3=CC=CC=C3N2C4=CC=C(C=C4)Cl)C=C1NC5=CC=C(C=C5)Cl,HEL,2.7191093,1.3862481,2.7534187,3.4920976,3.153029,2.8107526
erlotinib,COCCOC1=C(C=C2C(=C1)C(=NC=N2)NC3=CC=CC(=C3)C#C)OCCOC,HEL,2.7542005,1.9749961,2.7370074,3.306355,3.043251,2.7093923
tamibarotene,CC1(CCC(C2=C1C=CC(=C2)NC(=O)C3=CC=C(C=C3)C(=O)O)(C)C)C,HEL,3.3004956,2.1852891,3.4955964,4.0359454,2.869905,3.9157412
tacalcitol,CC(C)C(CCC(C)C1CCC2C1(CCCC2=CC=C3CC(CC(C3=C)O)O)C)O,HEL,0.8447607,0.75056386,1.5171759,2.383218,-2.7621684,2.335014
protirelin,C1CC(N(C1)C(=O)C(CC2=CN=CN2)NC(=O)C3CCC(=O)N3)C(=O)N,HEL,1.5790024,1.2331157,1.8379838,2.5493596,0.17859316,2.0959597
regorafenib,CNC(=O)C1=NC=CC(=C1)OC2=CC(=C(C=C2)NC(=O)NC3=CC(=C(C=C3)Cl)C(F)(F)F)F,HEL,2.6982396,0.85019237,3.2291086,3.7786648,2.3625712,3.2706606
cyclosporin-a,CC[C@H]1C(=O)N(CC(=O)N([C@H](C(=O)N[C@H](C(=O)N([C@H](C(=O)N[C@H](C(=O)N[C@@H](C(=O)N([C@H](C(=O)N([C@H](C(=O)N([C@H](C(=O)N([C@H](C(=O)N1)[C@@H]([C@H](C)C/C=C/C)O)C)C(C)C)C)CC(C)C)C)CC(C)C)C)C)C)CC(C)C)C)C(C)C)CC(C)C)C)C,HEL,2.0309052,1.6005738,2.4341452,2.8772023,0.6133957,2.6292086
saxagliptin,C1C2CC2N(C1C#N)C(=O)C(C34CC5CC(C3)CC(C5)(C4)O)N,HEL,0.2985077,-0.73605376,-1.0571127,2.3848696,-0.22725856,1.1280938
tilmicosin,CCC1C(C=C(C=CC(=O)C(CC(C(C(C(CC(=O)O1)O)C)OC2C(C(C(C(O2)C)O)N(C)C)O)CCN3CC(CC(C3)C)C)C)C)COC4C(C(C(C(O4)C)O)OC)OC,HEL,-1.6500956,-2.3858733,-2.1563776,1.3712504,-3.8791475,-1.2003297
chlorquinaldol,CC1=NC2=C(C=C1)C(=CC(=C2O)Cl)Cl,HEL,2.189387,1.4664507,2.6950667,3.324122,0.2688623,3.1924343
sevelamer,C=CCN.C1C(O1)CCl,HEL,1.7176644,-1.6856132,2.4524143,2.9909103,1.8714077,2.9592023
clonazepam,C1C(=O)NC2=C(C=C(C=C2)[N+](=O)[O-])C(=N1)C3=CC=CC=C3Cl,HEL,3.9499755,2.9899294,3.8708556,4.48047,3.9987254,4.4098973
thiocolchicoside,CC(=O)NC1CCC2=CC(=C(C(=C2C3=CC=C(C(=O)C=C13)SC)OC)OC)OC4C(C(C(C(O4)CO)O)O)O,HEL,-0.9455246,-1.1433206,-2.0282328,1.7703454,-2.2068868,-1.1195282
estrone,CC12CCC3C(C1CCC2=O)CCC4=C3C=CC(=C4)O,HEL,5.710111,4.2477875,6.3533216,6.0735974,5.484315,6.391536
naltrexone,C1CC1CN2CCC34C5C(=O)CCC3(C2CC6=C4C(=C(C=C6)O)O5)O,HEL,5.019801,4.6180778,4.883694,4.85936,5.410239,5.3276377
cabozantinib,COC1=CC2=C(C=CN=C2C=C1OC)OC3=CC=C(C=C3)NC(=O)C4(CC4)C(=O)NC5=CC=C(C=C5)F,HEL,2.6345592,1.5126917,2.892005,3.5661244,2.231267,2.9707077
nilutamide,CC1(C(=O)N(C(=O)N1)C2=CC(=C(C=C2)[N+](=O)[O-])C(F)(F)F)C,HEL,3.4259338,2.4042299,3.1927993,3.9971616,3.7303796,3.8050988
teniposide,COC1=CC(=CC(=C1O)OC)C2C3C(COC3=O)C(C4=CC5=C(C=C24)OCO5)OC6C(C(C7C(O6)COC(O7)C8=CC=CS8)O)O,HEL,-2.1603615,-2.372754,-3.2179768,-0.008247808,-2.7722383,-2.4305909
camylofine-chlorhydrate,CCN(CC)CCNC(C1=CC=CC=C1)C(=O)OCCC(C)C,HEL,3.5328698,2.7377684,3.3904517,3.9837368,3.5189552,4.0334377
mesoridazine,CN1CCCCC1CCN2C3=CC=CC=C3SC4=C2C=C(C=C4)S(=O)C,HEL,4.1636543,2.6638143,4.2710667,4.8325095,4.3044777,4.746402
oseltamivir-phosphate,CCC(CC)OC1C=C(CC(C1NC(=O)C)N)C(=O)OCC,HEL,2.0724707,0.9819987,2.070923,2.8008556,1.8958143,2.6127615
oxprenolol,CC(C)NCC(COC1=CC=CC=C1OCC=C)O,HEL,2.291378,0.18006152,1.2164485,3.2756667,3.7011056,3.0836072
nizatidine,CNC(=C[N+](=O)[O-])NCCSCC1=CSC(=N1)CN(C)C,HEL,-0.9606722,-1.725492,-2.6738212,1.2311432,1.0586277,-2.693819
narasin,CCC(C1C(CC(C(O1)C(C)C(C(C)C(=O)C(CC)C2C(CC(C3(O2)C=CC(C4(O3)CCC(O4)(C)C5CCC(C(O5)C)(CC)O)O)C)C)O)C)C)C(=O)O,HEL,1.4827217,-1.3599436,2.6467438,3.1739116,-0.3425675,3.2954643
tepoxalin,CN(C(=O)CCC1=NN(C(=C1)C2=CC=C(C=C2)Cl)C3=CC=C(C=C3)OC)O,HEL,3.8061752,1.3574467,4.345736,5.1427817,3.3994193,4.785491
temozolomide,CN1C(=O)N2C=NC(=C2N=N1)C(=O)N,HEL,4.9872007,3.1975095,5.4946246,5.8379107,4.9525557,5.4534016
bicalutamide,CC(CS(=O)(=O)C1=CC=C(C=C1)F)(C(=O)NC2=CC(=C(C=C2)C#N)C(F)(F)F)O,HEL,3.7729468,2.8798702,3.7294536,4.194065,4.0068574,4.054488
hexachlorophene,C1=C(C(=C(C(=C1Cl)Cl)CC2=C(C(=CC(=C2Cl)Cl)Cl)O)O)Cl,HEL,1.3609072,1.2888069,0.16845843,2.0793452,1.1003458,2.1675794
triamterene,C1=CC=C(C=C1)C2=NC3=C(N=C(N=C3N=C2N)N)N,HEL,3.0630202,1.2942576,3.546356,4.217932,2.9420114,3.3145437
cimetidine,CC1=C(N=CN1)CSCCNC(=NC)NC#N,HEL,1.693835,-2.8519087,2.3536997,3.2530544,4.044263,1.6700666
nitisinone,C1CC(=O)C(C(=O)C1)C(=O)C2=C(C=C(C=C2)C(F)(F)F)[N+](=O)[O-],HEL,2.6169536,2.3819792,2.2174823,2.8723292,2.8920012,2.7209764
sertindole,C1CN(CCC1C2=CN(C3=C2C=C(C=C3)Cl)C4=CC=C(C=C4)F)CCN5CCNC5=O,HEL,3.0150988,0.69723594,3.7784002,4.0866632,2.8475113,3.6656826
chlorambucil,C1=CC(=CC=C1CCCC(=O)O)N(CCCl)CCCl,HEL,3.2877603,1.8281941,3.0907276,3.894235,3.8751235,3.750521
fludarabine-phosphate,C1=NC2=C(N=C(N=C2N1C3C(C(C(O3)COP(=O)(O)O)O)O)F)N,HEL,-0.52659774,-0.17685711,-1.7385151,2.5592062,-2.9736352,-0.30318758
eptifibatide,C1CC2C(=O)NC(CSSCCC(=O)NC(C(=O)NCC(=O)NC(C(=O)NC(C(=O)N2C1)CC3=CNC4=CC=CC=C43)CC(=O)O)CCCCN=C(N)N)C(=O)N,HEL,2.44879,0.41612542,2.3482144,3.196524,3.4173093,2.865777
vidarabine,C1=NC(=C2C(=N1)N(C=N2)C3C(C(C(O3)CO)O)O)N,HEL,-2.100491,-1.5534728,-2.785745,-0.28400412,-3.559555,-2.3196785
docetaxel,CC1=C2C(C(=O)C3(C(CC4C(C3C(C(C2(C)C)(CC1OC(=O)C(C(C5=CC=CC=C5)NC(=O)OC(C)(C)C)O)O)OC(=O)C6=CC=CC=C6)(CO4)OC(=O)C)O)C)O,HEL,-4.199552,-5.0978703,-4.5769596,-3.1708264,-4.25865,-3.8934548
gimeracil,C1=C(C(=CNC1=O)Cl)O,HEL,2.436767,0.62039137,2.6740963,3.198139,3.143271,2.5479372
clofarabine,C1=NC2=C(N=C(N=C2N1C3C(C(C(O3)CO)O)F)Cl)N,HEL,0.054828428,-0.116256624,-0.34449333,2.9145637,-3.9494257,1.769754
raclopride,CCN1CCCC1CNC(=O)C2=C(C(=CC(=C2OC)Cl)Cl)O,HEL,3.581799,2.2857974,3.6859453,4.1284304,3.6181622,4.1906595
olaparib,C1CC1C(=O)N2CCN(CC2)C(=O)C3=C(C=CC(=C3)CC4=NNC(=O)C5=CC=CC=C54)F,HEL,4.053624,2.8847463,4.456043,4.853393,3.4295068,4.644431
etoposide,CC1OCC2C(O1)C(C(C(O2)OC3C4COC(=O)C4C(C5=CC6=C(C=C35)OCO6)C7=CC(=C(C(=C7)OC)O)OC)O)O,HEL,-3.0618834,-6.0202146,-3.5083625,-1.3573316,-1.8803352,-2.5431745
clotrimazole,C1=CC=C(C=C1)C(C2=CC=CC=C2)(C3=CC=CC=C3Cl)N4C=CN=C4,HEL,4.0122857,3.3145347,4.0127544,4.7549415,3.7409506,4.238246
bosutinib,CN1CCN(CC1)CCCOC2=C(C=C3C(=C2)N=CC(=C3NC4=CC(=C(C=C4Cl)Cl)OC)C#N)OC,HEL,1.8202236,0.7307277,1.8146671,2.5985932,1.8563303,2.100799
metoprolol,CC(C)NCC(COC1=CC=C(C=C1)CCOC)O,HEL,3.270024,2.949528,2.8190649,3.5259292,3.5962067,3.4593923
cabazitaxel,CC1=C2C(C(=O)C3(C(CC4C(C3C(C(C2(C)C)(CC1OC(=O)C(C(C5=CC=CC=C5)NC(=O)OC(C)(C)C)O)O)OC(=O)C6=CC=CC=C6)(CO4)OC(=O)C)OC)C)OC,HEL,-4.1347084,-5.008701,-4.497917,-3.0924199,-4.25865,-3.8158524
eprosartan,CCCCC1=NC=C(N1CC2=CC=C(C=C2)C(=O)O)C=C(CC3=CC=CS3)C(=O)O,HEL,2.1997921,0.5245787,2.0211413,3.138378,2.6788812,2.6359808
hydroxyurea,C(=O)(N)NO,HEL,3.967062,2.8262336,4.1997914,4.7161574,3.5506692,4.5424595
trometamol,C(C(CO)(CO)N)O,HEL,-2.891933,-3.5085132,-4.086897,-0.4067793,-3.3030639,-3.1544113
melphalan,C1=CC(=CC=C1CC(C(=O)O)N)N(CCCl)CCCl,HEL,1.1797609,0.76276517,0.25613528,2.7373705,0.036895752,2.105638
josamycin,CC1CC=CC=CC(C(CC(C(C(C(CC(=O)O1)OC(=O)C)OC)OC2C(C(C(C(O2)C)OC3CC(C(C(O3)C)OC(=O)CC(C)C)(C)O)N(C)C)O)CC=O)C)O,HEL,-1.4054759,-1.6665583,-1.8717022,1.3156453,-4.0281377,-0.77662647
deoxycorticosterone-acetate,CC(=O)OCC(=O)[C@H]1CC[C@@H]2[C@@]1(CC[C@H]3[C@H]2CCC4=CC(=O)CC[C@]34C)C,HEL,3.9449296,3.1877575,4.4271936,4.3462176,3.3416843,4.421794
mercaptopurine,C1=NC2=C(N1)C(=S)N=CN2,HEL,3.2069783,1.0909452,3.676881,4.8414598,2.3939672,4.0316396
nelarabine,COC1=NC(=NC2=C1N=CN2C3C(C(C(O3)CO)O)O)N,HEL,-0.9489334,-0.34521776,-2.0233667,1.7284632,-2.8988304,-1.2057152
estradiol-cypionate,CC12CCC3C(C1CCC2OC(=O)CCC4CCCC4)CCC5=C3C=CC(=C5)O,HEL,4.579941,2.9230578,4.839571,5.0025625,4.905449,5.229066
oxcarbazepine,C1C2=CC=CC=C2N(C3=CC=CC=C3C1=O)C(=O)N,HEL,0.72295916,-1.5101523,1.4685493,3.353195,-2.2486048,2.5518086
sulconazole,C1=CC(=CC=C1CSC(CN2C=CN=C2)C3=C(C=C(C=C3)Cl)Cl)Cl,HEL,5.093318,4.046157,5.569294,5.727525,4.6566176,5.466998
suxibuzone,CCCCC1(C(=O)N(N(C1=O)C2=CC=CC=C2)C3=CC=CC=C3)COC(=O)CCC(=O)O,HEL,1.4648203,-0.6013209,0.54727757,3.128687,1.8679881,2.38147
xylazine,CC1=C(C(=CC=C1)C)NC2=NCCCS2,HEL,0.7401345,0.7736724,-1.8579143,2.0346317,3.9710774,-1.2207949
riboflavin,CC1=CC2=C(C=C1C)N(C3=NC(=O)NC(=O)C3=N2)CC(C(C(CO)O)O)O,HEL,-0.5238848,-0.28177416,-1.6151798,1.8566741,-1.9091064,-0.6700377
cyromazine,C1CC1NC2=NC(=NC(=N2)N)N,HEL,0.25217035,1.0716162,-1.1644225,1.6676068,0.8982291,-1.2121779
secnidazole,CC1=NC=C(N1CC(C)O)[N+](=O)[O-],HEL,-0.9014009,-0.59594584,-3.352143,0.29831493,2.4357047,-3.2929351
capecitabine,CCCCCOC(=O)NC1=NC(=O)N(C=C1F)C2C(C(C(O2)C)O)O,HEL,-0.59037733,-0.81505686,-1.7442782,1.610567,-1.3264924,-0.6766262
flutamide,CC(C)C(=O)NC1=CC(=C(C=C1)[N+](=O)[O-])C(F)(F)F,HEL,3.4727142,2.8875325,3.1472313,3.7405095,3.9320455,3.6562521
posaconazole,CCC(C(C)O)N1C(=O)N(C=N1)C2=CC=C(C=C2)N3CCN(CC3)C4=CC=C(C=C4)OCC5CC(OC5)(CN6C=NC=N6)C7=C(C=C(C=C7)F)F,HEL,1.3025334,-1.2369659,1.2662926,2.5624886,2.5140786,1.4067732
palmitoylethanolamide,CCCCCCCCCCCCCCCC(=O)NCCO,HEL,3.5704021,1.6590002,3.916176,4.3999186,3.923914,3.9530025
vinorelbine,CCC1=CC2CC(C3=C(CN(C2)C1)C4=CC=CC=C4N3)(C5=C(C=C6C(=C5)C78CCN9C7C(C=CC9)(C(C(C8N6C)(C(=O)OC)O)OC(=O)C)CC)OC)C(=O)OC,HEL,-3.4654553,-3.9414446,-3.7388394,-2.5869834,-3.7549534,-3.3050563
paclitaxel,CC1=C2C(C(=O)C3(C(CC4C(C3C(C(C2(C)C)(CC1OC(=O)C(C(C5=CC=CC=C5)NC(=O)C6=CC=CC=C6)O)O)OC(=O)C7=CC=CC=C7)(CO4)OC(=O)C)O)C)OC(=O)C,HEL,-3.7943363,-3.9637487,-4.3271856,-3.086683,-3.8284154,-3.7656484
pyrimethamine,CCC1=C(C(=NC(=N1)N)N)C2=CC=C(C=C2)Cl,HEL,3.142386,2.429352,2.8883579,3.5645201,3.7116766,3.118024
ibrutinib,C=CC(=O)N1CCCC(C1)N2C3=NC=NC(=C3C(=N2)C4=CC=C(C=C4)OC5=CC=CC=C5)N,HEL,3.823091,2.7537897,3.8835452,4.513287,3.919035,4.0457993
artemisinin,CC1CCC2C(C(=O)OC3C24C1CCC(O3)(OO4)C)C,HEL,0.087332964,-1.881686,1.6223295,2.0877702,-3.6503043,2.2585554
imiquimod,CC(C)CN1C=NC2=C1C3=CC=CC=C3N=C2N,HEL,3.3908684,-0.43080515,4.293128,5.1397986,2.8863091,5.0659113
clobetasol-propionate,CCC(=O)OC1(C(CC2C1(CC(C3(C2CCC4=CC(=O)C=CC43C)F)O)C)C)C(=O)CCl,HEL,3.3340993,1.0771074,3.7965286,4.1582646,3.5823827,4.056214
aminoglutethimide,CCC1(CCC(=O)NC1=O)C2=CC=C(C=C2)N,HEL,4.0125413,3.2615948,4.0316997,4.6594734,3.6303596,4.4795775
clomifene,CCN(CC)CCOC1=CC=C(C=C1)C(=C(C2=CC=CC=C2)Cl)C3=CC=CC=C3,HEL,4.4441023,3.2156208,4.798843,5.3516183,3.7035446,5.1508875
mozavaptan,CC1=CC=CC=C1C(=O)NC2=CC=C(C=C2)C(=O)N3CCCC(C4=CC=CC=C43)N(C)C,HEL,3.6970534,3.0359037,3.4684038,4.2686496,3.6986656,4.013645
genz-644282,CNCCN1C2=C(C=NC3=CC4=C(C=C32)OCO4)C5=CC(=C(C=C5C1=O)OC)OC,HEL,1.1561403,-2.6569154,0.7832438,2.5674121,3.4286933,1.6582682
FK-888,CN1C=C(C2=CC=CC=C21)C(=O)N3CC(CC3C(=O)NC(CC4=CC5=CC=CC=C5C=C4)C(=O)N(C)CC6=CC=CC=C6)O,HEL,2.6449778,2.1558971,2.3454716,3.04614,3.053009,2.6243713
triptolide,CC(C)C12C(O1)C3C4(O3)C5(CCC6=C(C5CC7C4(C2O)O7)COC6=O)C,HEL,2.8193364,0.48303998,2.862829,3.8023357,3.226214,3.7222645
SB-743921,CC1=CC=C(C=C1)C(=O)N(CCCN)C(C2=C(C(=O)C3=C(O2)C=C(C=C3)Cl)CC4=CC=CC=C4)C(C)C,HEL,2.7472298,2.178676,2.575627,3.6670594,2.170052,3.1447356
favipiravir,C1=C(N=C(C(=O)N1)C(=O)N)F,HEL,4.9219236,3.2170138,5.416561,5.470954,5.146858,5.3582287
flumatinib,CC1=C(C=C(C=N1)NC(=O)C2=CC(=C(C=C2)CN3CCN(CC3)C)C(F)(F)F)NC4=NC=CC(=N4)C5=CN=CC=C5,HEL,2.8483129,2.0467768,3.0579185,3.5001528,2.7979684,2.8387475
SNX-2112,CC1(CC2=C(C(=O)C1)C(=NN2C3=CC(=C(C=C3)C(=O)N)NC4CCC(CC4)O)C(F)(F)F)C,HEL,0.8868576,-0.32219768,1.4721383,2.3716576,-0.93089044,1.8435802
GDC-0068,CC1CC(C2=C1C(=NC=N2)N3CCN(CC3)C(=O)C(CNC(C)C)C4=CC=C(C=C4)Cl)O,HEL,3.414027,3.173826,3.1034863,3.8069835,3.718995,3.266845
gambogic-acid,CC(=CCCC1(C=CC2=C(C3=C(C(=C2O1)CC=C(C)C)OC45C6CC(C=C4C3=O)C(=O)C5(OC6(C)C)CC=C(C)C(=O)O)O)C)C,HEL,-4.0211067,-3.6973596,-4.9848185,-3.2109857,-3.9662924,-4.246077
spiradoline,CN(C1CCC2(CCCO2)CC1N3CCCC3)C(=O)CC4=CC(=C(C=C4)Cl)Cl,HEL,3.8762155,4.3213387,3.0105278,4.009095,4.5256596,3.5144565
R406,CC1(C(=O)NC2=C(O1)C=CC(=N2)NC3=NC(=NC=C3F)NC4=CC(=C(C(=C4)OC)OC)OC)C.C1=CC=C(C=C1)S(=O)(=O)O,HEL,2.5174494,0.80003077,2.7169487,3.598215,2.64682,2.8252327
BMS-690514,COC1=CC=CC(=C1)NC2=NC=NN3C2=C(C=C3)CN4CCC(C(C4)O)N,HEL,-1.6778374,-2.517379,-2.501881,1.603623,-2.9060235,-2.0675263
foretinib,COC1=CC2=C(C=CN=C2C=C1OCCCN3CCOCC3)OC4=C(C=C(C=C4)NC(=O)C5(CC5)C(=O)NC6=CC=C(C=C6)F)F,HEL,1.9201162,1.013895,1.7083715,2.4096422,2.6156745,1.852998
tanaproget,CC1(C2=C(C=CC(=C2)C3=CC=C(N3C)C#N)NC(=S)O1)C,HEL,1.2046974,-0.24984598,1.7829444,2.9681687,-0.40164936,1.9238687
tezacaftor,CC(C)(CO)C1=CC2=CC(=C(C=C2N1CC(CO)O)F)NC(=O)C3(CC3)C4=CC5=C(C=C4)OC(O5)(F)F,HEL,-1.2909849,-1.7338712,-2.5197237,1.5567517,-1.7364801,-2.0216014
CX-5461,CC1=CN=C(C=N1)CNC(=O)C2=C3N(C4=CC=CC=C4S3)C5=C(C2=O)C=CC(=N5)N6CCCN(CC6)C,HEL,2.3522003,2.0394075,2.3052466,2.8089774,2.5472198,2.06015
BW-180C,CC(C)CC(C(=O)O)NC(=O)C(CC1=CC=CC=C1)NC(=O)CNC(=O)C(C)NC(=O)C(CC2=CC=C(C=C2)O)N,HEL,-1.5179026,-1.9244602,-2.0022795,1.6001511,-4.0984154,-1.1645088
dalcetrapib,CCC(CC)CC1(CCCCC1)C(=O)NC2=CC=CC=C2SC(=O)C(C)C,HEL,2.2020478,1.5957565,2.521819,3.2675912,0.697551,2.927522
apatinib,CS(=O)(=O)O.C1CCC(C1)(C#N)C2=CC=C(C=C2)NC(=O)C3=C(N=CC=C3)NCC4=CC=NC=C4,HEL,4.267941,2.883353,4.4747105,5.050297,4.354894,4.5764503
MK-3207,C1CCC2(C1)C(=O)N(C(CN2)C3=CC(=CC(=C3)F)F)CC(=O)NC4=CC5=C(CC6(C5)C7=C(NC6=O)N=CC=C7)C=C4,HEL,0.5535368,-1.6559722,0.07493651,2.1579888,0.6608679,1.5298628
palomid-529,CC(C1=CC2=C(C=C1)C3=CC(=C(C=C3OC2=O)OCC4=CC=C(C=C4)OC)OC)O,HEL,2.346201,2.4989765,1.9547656,3.1722963,1.4815623,2.6234038
meglitinide,COC1=C(C=C(C=C1)Cl)C(=O)NCCC2=CC=C(C=C2)C(=O)O,HEL,4.455601,3.3925512,4.3847675,4.8235593,4.956219,4.720909
tipifarnib,CN1C=NC=C1C(C2=CC=C(C=C2)Cl)(C3=CC4=C(C=C3)N(C(=O)C=C4C5=CC(=CC=C5)Cl)C)N,HEL,3.324845,1.2643837,3.666004,4.319367,3.5693717,3.8050988
Ro-4987655,C1CC(=O)N(OC1)CC2=CC(=C(C(=C2F)F)NC3=C(C=C(C=C3)I)F)C(=O)NOCCO,HEL,2.5474985,2.6511104,2.1308455,2.6199281,2.9851093,2.3504994
danusertib,CN1CCN(CC1)C2=CC=C(C=C2)C(=O)NC3=NNC4=C3CN(C4)C(=O)C(C5=CC=CC=C5)OC,HEL,2.5474792,0.8542922,2.826359,3.5388172,2.5261564,2.9917715
brequinar,CC1=C(C2=C(C=CC(=C2)F)N=C1C3=CC=C(C=C3)C4=CC=CC=C4F)C(=O)O,HEL,4.2305846,3.2504494,4.5408945,5.008529,3.6474361,4.705614
AZD7762,C1CC(CNC1)NC(=O)C2=C(C=C(S2)C3=CC(=CC=C3)F)NC(=O)N,HEL,0.18240671,-2.02694,-0.61487585,2.3584454,-0.26663888,1.4620429
tirapazamine,C1=CC=C2C(=C1)[N+](=C(N=[N+]2[O-])N)[O-],HEL,-1.5972972,-0.7107792,-2.2537024,-0.12981954,-2.5881033,-2.3040814
P276-00,CN1CCC(C1CO)C2=C(C=C(C3=C2OC(=CC3=O)C4=CC=CC=C4Cl)O)O.Cl,HEL,2.1301763,1.3800671,1.8146671,3.2514393,1.5252409,2.679467
berberine,COC1=C(C2=C[N+]3=C(C=C2C=C1)C4=CC5=C(C=C4CC3)OCO5)OC,HEL,-2.9273856,-2.4959116,-3.8181014,-1.8734992,-2.7305198,-3.7188962
dapivirine,CC1=CC(=C(C(=C1)C)NC2=NC(=NC=C2)NC3=CC=C(C=C3)C#N)C,HEL,1.996762,1.3586895,1.8547719,2.668931,2.1264362,1.974981
midostaurin,CC12C(C(CC(O1)N3C4=CC=CC=C4C5=C6C(=C7C8=CC=CC=C8N2C7=C53)CNC6=O)N(C)C(=O)C9=CC=CC=C9)OC,HEL,-2.4019608,-3.3045082,-2.443486,-0.6045761,-3.6616306,-1.9956032
tosedostat,CC(C)CC(C(C(=O)NO)O)C(=O)NC(C1=CC=CC=C1)C(=O)OC2CCCC2,HEL,3.3200786,1.4615474,3.3215635,3.89871,3.899519,4.0190535
BMS-626529,CC1=NN(C=N1)C2=NC=C(C3=C2NC=C3C(=O)C(=O)N4CCN(CC4)C(=O)C5=CC=CC=C5)OC,HEL,0.8806268,0.7938046,-0.41465545,2.3485363,0.2882828,1.3871654
GDC-0941,CS(=O)(=O)N1CCN(CC1)CC2=CC3=C(S2)C(=NC(=N3)C4=C5C=NNC5=CC=C4)N6CCOCC6,HEL,2.6379466,2.114748,2.623038,3.0786169,2.883463,2.4898674
pacritinib,C1CCN(C1)CCOC2=C3COCC=CCOCC4=CC(=CC=C4)C5=NC(=NC=C5)NC(=C3)C=C2,HEL,2.985696,1.6440601,3.1290042,3.7245657,3.1888084,3.2420413
UNBS-5162,CN(C)CCN1C(=O)C2=CC=CC3=CC(=CC(=C32)C1=O)NC(=O)N,HEL,3.2912498,2.6904008,3.4375856,3.8448985,2.838429,3.6449358
ganetespib,CC(C)C1=C(C=C(C(=C1)C2=NNC(=O)N2C3=CC4=C(C=C3)N(C=C4)C)O)O,HEL,2.590626,1.1968769,2.5792742,3.2724366,2.8362408,3.0683012
PF-562271,CN(C1=C(C=CC=N1)CNC2=NC(=NC=C2C(F)(F)F)NC3=CC4=C(C=C3)NC(=O)C4)S(=O)(=O)C,HEL,2.194352,1.697154,2.01561,2.3898242,2.9033856,1.9657863
2-methoxyestradiol,CC12CCC3C(C1CCC2O)CCC4=CC(=C(C=C34)OC)O,HEL,4.899737,3.915541,5.0567913,5.23825,5.1236186,5.164484
BAY-87-2243,CC1=CC(=NN1CC2=CC(=NC=C2)N3CCN(CC3)C4CC4)C5=NC(=NO5)C6=CC=C(C=C6)OC(F)(F)F,HEL,2.434903,-0.15932918,2.744301,3.4484897,3.5360317,2.6050217
orantinib,CC1=C(NC(=C1CCC(=O)O)C)C=C2C3=CC=CC=C3NC2=O,HEL,2.2565734,-0.9346337,2.830006,3.792933,1.9213362,3.6732266
CEP-37440,CNC(=O)C1=CC=CC=C1NC2=NC(=NC=C2Cl)NC3=C(C4=C(CC(CCC4)N5CCN(CC5)CCO)C=C3)OC,HEL,0.30953854,-1.3845332,0.036791697,2.1621635,0.7953726,-0.062101893
LY2334737,CCCC(CCC)C(=O)NC1=NC(=O)N(C=C1)C2C(C(C(O2)CO)O)(F)F,HEL,1.855766,0.7258769,2.224796,3.0850775,0.4767332,2.7663472
SC-12267,COC1=CC=CC(=C1)C2=CC(=C(C=C2)NC(=O)C3=C(CCC3)C(=O)O)F,HEL,3.9019463,2.394899,4.1556687,4.629639,3.7547746,4.574751
TAK-715,CCC1=NC(=C(S1)C2=CC(=NC=C2)NC(=O)C3=CC=CC=C3)C4=CC=CC(=C4)C,HEL,2.7894635,1.780561,2.5902152,3.6670594,2.873705,3.0357761
VX-702,C1=CC(=C(C(=C1)F)N(C2=NC(=C(C=C2)C(=O)N)C3=C(C=C(C=C3)F)F)C(=O)N)F,HEL,3.8796906,3.634621,3.7167637,3.9046767,4.2247868,3.917605
buthionine-sulfoximine,CCCCS(=N)(=O)CCC(C(=O)O)N,HEL,0.50137156,-0.9214538,1.8482431,2.5772588,-3.2915554,2.2943652
lerisetron,C1CN(CCN1)C2=NC3=CC=CC=C3N2CC4=CC=CC=C4,HEL,3.6727746,3.1139205,3.4937835,4.2447824,3.5287132,3.9826736
anguidine,CC1=CC2C(CC1)(C3(C(C(C(C34CO4)O2)O)OC(=O)C)C)COC(=O)C,HEL,0.42004848,-0.9645043,1.6158301,2.4952023,-3.5680914,2.5218058
iododexetimide,C1CN(CCC1C2(CCC(=O)NC2=O)C3=CC=CC=C3)CC4=CC=C(C=C4)I,HEL,4.0080113,3.591646,3.2653654,4.6117387,4.273577,4.297729
AZD2014,CC1COCCN1C2=NC(=NC3=C2C=CC(=N3)C4=CC(=CC=C4)C(=O)NC)N5CCOCC5C,HEL,3.5051017,2.1015215,3.9487863,4.2984834,3.249796,3.9269223
emetine,CCC1CN2CCC3=CC(=C(C=C3C2CC1CC4C5=CC(=C(C=C5CCN4)OC)OC)OC)OC,HEL,3.5815704,2.0032876,3.3378792,4.2596993,4.6375313,3.6694543
harringtonine,CC(C)(CCC(CC(=O)OC)(C(=O)OC1C2C3=CC4=C(C=C3CCN5C2(CCC5)C=C1OC)OCO4)O)O,HEL,0.113058135,-1.725492,-1.2780173,2.0548942,0.014957786,1.498948
DPI-201106,C1CN(CCN1CC(COC2=CC=CC3=C2C=C(N3)C#N)O)C(C4=CC=CC=C4)C5=CC=CC=C5,HEL,1.4778694,1.413804,0.6628564,2.7341115,0.52132833,2.0572464
ilomastat,CC(C)CC(CC(=O)NO)C(=O)NC(CC1=CNC2=CC=CC=C21)C(=O)NC,HEL,4.160113,3.2574153,4.167548,4.49837,4.462232,4.414996
BIIB021,CC1=CN=C(C(=C1OC)C)CN2C=NC3=C2N=C(N=C3Cl)N,HEL,2.3078814,2.2518861,1.7156513,3.2514393,2.7311263,1.5893027
gossypol,CC1=CC2=C(C(=C(C(=C2C(C)C)O)O)C=O)C(=C1C3=C(C4=C(C=C3C)C(=C(C(=C4C=O)O)O)C(C)C)O)O,HEL,-1.5679506,-1.7527242,-2.1239357,0.16763416,-2.5607705,-1.5699569
AMG-232,CC(C)C(CS(=O)(=O)C(C)C)N1C(C(CC(C1=O)(C)CC(=O)O)C2=CC(=CC=C2)Cl)C3=CC=C(C=C3)Cl,HEL,3.0382,2.1639798,3.0597413,3.577356,2.8773642,3.5125577
evacetrapib,CC1=CC(=C2C(=C1)C(CCCN2CC3CCC(CC3)C(=O)O)N(CC4=CC(=CC(=C4)C(F)(F)F)C(F)(F)F)C5=NN(N=N5)C)C,HEL,2.852218,1.3012805,3.2871196,3.6734507,2.7896328,3.209606
canertinib,C=CC(=O)NC1=C(C=C2C(=C1)C(=NC=N2)NC3=CC(=C(C=C3)F)Cl)OCCCN4CCOCC4,HEL,2.6367276,1.8379405,2.6731846,3.1722963,2.790824,2.7093923
MK-1775,CC(C)(C1=NC(=CC=C1)N2C3=NC(=NC=C3C(=O)N2CC=C)NC4=CC=C(C=C4)N5CCN(CC5)C)O,HEL,1.1725593,-0.7310372,1.8323878,2.7064097,0.21096057,1.8440758
broxyquinoline,C1=CC2=C(C(=C(C=C2Br)Br)O)N=C1,HEL,0.6660573,-0.42515314,-1.4451144,2.2304528,1.0183482,1.9517529
ARRY-334543,CC1COC(=N1)NC2=CC3=C(C=C2)N=CN=C3NC4=CC(=C(C=C4)OCC5=NC=CS5)Cl,HEL,3.3523757,3.1334245,3.0706775,3.83888,3.6946,3.0242965
tazemetostat,CCN(C1CCOCC1)C2=CC(=CC(=C2C)C(=O)NCC3=C(C=C(NC3=O)C)C)C4=CC=C(C=C4)CN5CCOCC5,HEL,2.7888317,1.4056146,3.1472313,3.702211,2.4890356,3.2000663
FR-139317,CC(C)CC(C(=O)NC(CC1=CN(C2=CC=CC=C21)C)C(=O)NC(CC3=CC=CC=N3)C(=O)O)NC(=O)N4CCCCCC4,HEL,2.5776665,0.48563012,2.862829,3.598215,2.766395,3.1752627
nisoxetine,CNCCC(C1=CC=CC=C1)OC2=CC=CC=C2OC,HEL,3.3641198,1.0424027,3.8200955,4.519254,3.115623,4.323222
ABT-751,COC1=CC=C(C=C1)S(=O)(=O)NC2=C(N=CC=C2)NC3=CC=C(C=C3)O,HEL,4.509056,2.0838861,5.1416426,5.4649873,4.754861,5.099902
indibulin,C1=CC=C2C(=C1)C(=CN2CC3=CC=C(C=C3)Cl)C(=O)C(=O)NC4=CC=NC=C4,HEL,3.0464365,2.5004117,3.030578,3.8192506,2.399764,3.4821775
PF-04136309,C1CN(C[C@H]1NC2CCC(CC2)(C3=NC=C(C=C3)C4=NC=CC=N4)O)C(=O)CNC(=O)C5=CC(=CC=C5)C(F)(F)F,HEL,3.3868904,2.385568,3.5699232,3.8972185,3.4839888,3.5977533
VX-765,CCOC1C(CC(=O)O1)NC(=O)C2CCCN2C(=O)C(C(C)(C)C)NC(=O)C3=CC(=C(C=C3)N)Cl,HEL,-1.2405922,-1.9791462,-1.7024271,1.8712047,-3.8255901,-0.5670026
SCH-900776,CN1C=C(C=N1)C2=C3N=C(C(=C(N3N=C2)N)Br)C4CCCNC4,HEL,2.192941,-0.036123753,2.5391572,3.2675912,2.7003407,2.493739
pterostilbene,COC1=CC(=CC(=C1)C=CC2=CC=C(C=C2)O)OC,HEL,4.4638824,3.8686206,4.2473087,4.880244,4.6295195,4.693717
BMS-387032,CC(C)(C)C1=CN=C(O1)CSC2=CN=C(S2)NC(=O)C3CCNCC3,HEL,-1.6039073,-1.8134727,-1.9455068,1.9461634,-4.261461,-1.9452602
cinromide,CCNC(=O)C=CC1=CC(=CC=C1)Br,HEL,2.8085668,0.76102227,2.7278895,3.8718598,3.3522553,3.3298075
GSK1292263,CC(C)C1=NOC(=N1)N2CCC(CC2)COC3=CN=C(C=C3)C4=CC=C(C=C4)S(=O)(=O)C,HEL,4.237385,2.41069,4.713991,5.1248813,4.2589397,4.678421
BIBX-1382,CN1CCC(CC1)NC2=NC=C3C(=N2)C(=NC=N3)NC4=CC(=C(C=C4)F)Cl,HEL,3.1594727,3.830577,2.47251,3.128687,3.948309,2.41728
elesclomol,CN(C(=S)C1=CC=CC=C1)NC(=O)CC(=O)NN(C)C(=S)C2=CC=CC=C2,HEL,1.1344148,-1.0707121,1.067701,3.0282714,0.44148868,2.2053246
roquinimex,CN1C2=CC=CC=C2C(=C(C1=O)C(=O)N(C)C3=CC=CC=C3)O,HEL,0.44781035,-1.5964873,-0.79729974,2.786236,0.012440324,1.8341624
ecamsule-triethanolamine,CC1(C2CCC1(C(=O)C2=CC3=CC=C(C=C3)C=C4C5CCC(C4=O)(C5(C)C)CS(=O)(=O)O)CS(=O)(=O)O)C,HEL,1.2563922,-0.70951146,1.5344713,2.6542652,0.79968834,2.003048
doxercalciferol,CC(C)C(C)C=CC(C)C1CCC2C1(CCCC2=CC=C3CC(CC(C3=C)O)O)C,HEL,0.8804654,0.7408701,1.5649924,2.4178998,-2.6283827,2.3069472
dexrazoxane,CC(CN1CC(=O)NC(=O)C1)N2CC(=O)NC(=O)C2,HEL,5.1636143,4.1717005,5.338498,5.646974,5.0341463,5.626753
carmofur,CCCCCCNC(=O)N1C=C(C(=O)NC1=O)F,HEL,4.368431,2.9321134,4.680051,5.1994658,4.2280397,4.8024864
alogliptin,CN1C(=O)C=C(N(C1=O)CC2=CC=CC=C2C#N)N3CCCC(C3)N,HEL,1.7817653,1.5725052,1.6302296,2.8772023,0.85003763,1.9788522
cinacalcet,CC(C1=CC=CC2=CC=CC=C21)NCCCC3=CC(=CC=C3)C(F)(F)F,HEL,3.130711,2.2965639,3.374136,3.8448985,2.6614766,3.4764812
pentamidine,C1=CC(=CC=C1C(=N)N)OCCCCCOC2=CC=C(C=C2)C(=N)N,HEL,2.6899314,2.3877213,2.4615488,3.3208916,2.5575528,2.7219417
leucovorin,C1C(N(C2=C(N1)N=C(NC2=O)N)C=O)CNC3=CC=C(C=C3)C(=O)NC(CCC(=O)O)C(=O)O,HEL,2.520719,1.7835741,2.8591821,3.445259,1.6353226,2.880257
everolimus,CC1CCC2CC(C(=CC=CC=CC(CC(C(=O)C(C(C(=CC(C(=O)CC(OC(=O)C3CCCCN3C(=O)C(=O)C1(O2)O)C(C)CC4CCC(C(C4)OC)OCCO)C)C)O)OC)C)C)C)OC,HEL,-2.0897632,-1.4046521,-3.214743,-1.2797955,-2.145029,-2.404596
oxazepam,C1=CC=C(C=C1)C2=NC(C(=O)NC3=C2C=C(C=C3)Cl)O,HEL,3.7668483,1.6645408,4.5018625,4.8862104,3.278257,4.503371
terconazole,CC(C)N1CCN(CC1)C2=CC=C(C=C2)OCC3COC(O3)(CN4C=NC=N4)C5=C(C=C(C=C5)Cl)Cl,HEL,4.167706,3.1403902,4.075908,4.8354926,4.3581467,4.428592
eprobemide,C1COCCN1CCCNC(=O)C2=CC=C(C=C2)Cl,HEL,3.828427,3.1585014,3.8581655,4.540138,3.3538818,4.231448
prednisolone-acetate,CC(=O)OCC(=O)C1(CCC2C1(CC(C3C2CCC4=CC(=O)C=CC34C)O)C)O,HEL,2.6930673,0.19573475,3.1144226,3.6814394,3.073338,3.4004018
acetophenazine,CC(=O)C1=CC2=C(C=C1)SC3=CC=CC=C3N2CCCN4CCN(CC4)CCO,HEL,3.2928529,2.7656314,3.2599266,4.238816,2.653232,3.5466576
candesartan,CCOC1=NC2=CC=CC(=C2N1CC3=CC=C(C=C3)C4=CC=CC=C4C5=NNN=N5)C(=O)O,HEL,2.2497785,1.4944196,2.7971828,3.5629156,0.7004281,2.693947
sulfanilamide,C1=CC(=CC=C1N)S(=O)(=O)N,HEL,3.95294,3.0414762,4.0877876,4.495387,3.7165556,4.4234934
parachlorophenol,C1=CC(=CC=C1O)Cl,HEL,4.413664,3.53326,4.3033104,4.966762,4.2296658,5.0353203
piperacetazine,CC(=O)C1=CC2=C(C=C1)SC3=CC=CC=C3N2CCCN4CCC(CC4)CCO,HEL,3.2336555,2.5995882,3.2581139,4.2000318,2.6321635,3.47838
sodium-glucoheptonate,C(C(C(C(C(C(C(=O)[O-])O)O)O)O)O)O.[Na+],HEL,1.5367694,0.18170759,1.4680364,2.4952023,1.3132515,2.2256494
quinethazone,CCC1NC2=CC(=C(C=C2C(=O)N1)S(=O)(=O)N)Cl,HEL,3.6087196,2.9620664,3.40858,4.194065,3.4815493,3.9973378
phenelzine,C1=CC=C(C=C1)CCNN,HEL,4.8843894,4.931363,4.5205297,4.8862104,5.0655193,5.018325
mephenytoin,CCC1(C(=O)N(C(=O)N1)C)C2=CC=CC=C2,HEL,2.6759017,0.20068556,2.7753007,4.0359454,2.6339955,3.7335808
levocarnitine,C[N+](C)(C)CC(CC(=O)[O-])O,HEL,2.5880919,2.1691234,2.5519216,2.9389298,2.5305486,2.7499363
riociguat,CN(C1=C(N=C(N=C1N)C2=NN(C3=C2C=CC=N3)CC4=CC=CC=C4F)N)C(=O)OC,HEL,3.0757337,2.17243,2.851888,4.0657797,3.140018,3.1485515
dabrafenib,CC(C)(C)C1=NC(=C(S1)C2=NC(=NC=C2)N)C3=C(C(=CC=C3)NS(=O)(=O)C4=C(C=CC=C4F)F)F,HEL,2.7053106,2.1004193,2.4652028,3.141608,3.171732,2.6475909
riluzole,C1=CC2=C(C=C1OC(F)(F)F)SC(=N2)N,HEL,3.032001,1.2084181,4.040226,4.2567163,1.5642573,4.090388
alectinib,CCC1=CC2=C(C=C1N3CCC(CC3)N4CCOCC4)C(C5=C(C2=O)C6=C(N5)C=C(C=C6)C#N)(C)C,HEL,2.198712,1.1165493,1.9621406,2.8853242,2.9277806,2.1017666
itraconazole,CCC(C)N1C(=O)N(C=N1)C2=CC=C(C=C2)N3CCN(CC3)C4=CC=C(C=C4)OCC5COC(O5)(CN6C=NC=N6)C7=C(C=C(C=C7)Cl)Cl,HEL,1.9100304,0.35988662,1.7697841,2.8170998,2.8280344,1.7753466
fenoprofen,CC(C1=CC(=CC=C1)OC2=CC=CC=C2)C(=O)O,HEL,4.09518,3.1362107,4.4119205,4.8265424,3.4839888,4.6172385
nafcillin,CCOC1=C(C2=CC=CC=C2C=C1)C(=O)NC3C4N(C3=O)C(C(S4)(C)C)C(=O)O,HEL,-0.268271,-0.58106005,-1.5811232,1.9819245,-0.06416261,-1.0969336
famotidine,C1=C(N=C(S1)N=C(N)N)CSCCC(=NS(=O)(=O)N)N,HEL,1.7081143,-1.0173547,2.233024,3.118996,2.3822598,1.8236462
phenylbutazone,CCCCC1C(=O)N(N(C1=O)C2=CC=CC=C2)C3=CC=CC=C3,HEL,3.680331,2.7454307,3.513725,4.555055,3.4579673,4.1294765
tiludronate,C1=CC(=CC=C1SC(P(=O)(O)O)P(=O)(O)O)Cl,HEL,1.596974,2.4422722,-1.3918945,3.2417483,2.3338013,1.3589423
colchicine,CC(=O)NC1CCC2=CC(=C(C(=C2C3=CC=C(C(=O)C=C13)OC)OC)OC)OC,HEL,1.6376969,0.47526658,1.495724,2.9031928,1.1089771,2.2053246
busulfan,CS(=O)(=O)OCCCCOS(=O)(=O)C,HEL,3.3787198,1.9496317,3.5499818,3.9016933,3.6157227,3.876569
abiraterone-acetate,CC(=O)OC1CCC2(C3CCC4(C(C3CC=C2C1)CC=C4C5=CN=CC=C5)C)C,HEL,-2.6775222,-3.5965166,-2.769524,-0.8084264,-3.9887815,-2.224363
ciclesonide,CC(C)C(=O)OCC(=O)C12C(CC3C1(CC(C4C3CCC5=CC(=O)C=CC45C)O)C)OC(O2)C6CCCCC6,HEL,3.3804183,0.10335323,4.165851,4.1194806,4.0117364,4.5016713
papaverine,COC1=C(C=C(C=C1)CC2=NC=CC3=CC(=C(C=C32)OC)OC)OC,HEL,0.5378879,1.148849,-1.5590439,1.7712002,2.3112903,-0.98285615
daunorubicin,CC1C(C(CC(O1)OC2CC(CC3=C2C(=C4C(=C3O)C(=O)C5=C(C4=O)C(=CC=C5)OC)O)(C(=O)C)O)N)O,HEL,-0.8046538,-1.8529112,-1.7032732,1.2959428,-1.4005779,-0.3624496
chlorhexidine,C1=CC(=CC=C1NC(=NC(=NCCCCCCN=C(N)N=C(N)NC2=CC=C(C=C2)Cl)N)N)Cl,HEL,3.012554,1.4369562,3.1472313,3.9136271,3.3839693,3.1809866
amsacrine,COC1=C(C=CC(=C1)NS(=O)(=O)C)NC2=C3C=CC=CC3=NC4=CC=CC=C42,HEL,2.566284,1.6998885,2.5245569,2.8983197,3.1278205,2.5808346
palbociclib,CC1=C(C(=O)N(C2=NC(=NC=C12)NC3=NC=C(C=C3)N4CCNCC4)C5CCCC5)C(=O)C,HEL,2.5774145,1.5995703,2.7971828,3.295049,2.5283525,2.6669176
daclatasvir,CC(C)C(C(=O)N1CCCC1C2=NC=C(N2)C3=CC=C(C=C3)C4=CC=C(C=C4)C5=CN=C(N5)C6CCCN6C(=O)C(C(C)C)NC(=O)OC)NC(=O)OC,HEL,-2.0971322,-3.3902452,-2.3753583,0.10996604,-2.7520986,-2.0779243
ciprofibrate,CC(C)(C(=O)O)OC1=CC=C(C=C1)C2CC2(Cl)Cl,HEL,4.158096,3.308962,4.238823,4.468537,4.1467223,4.6274357
idarubicin,CC1C(C(CC(O1)OC2CC(CC3=C2C(=C4C(=C3O)C(=O)C5=CC=CC=C5C4=O)O)(C(=O)C)O)N)O,HEL,0.4200437,-1.6348,-0.021977827,2.0852473,-0.2867787,1.9585277
creatine,CN(CC(=O)O)C(=N)N,HEL,4.6094503,3.9180772,4.342342,4.310417,5.4071074,5.06931
thiram,CN(C)C(=S)SSC(=S)N(C)C,HEL,2.6994715,1.4261899,2.4158661,3.0558865,3.914156,2.685259
iproniazid,CC(C)NNC(=O)C1=CC=NC=C1,HEL,-2.3265252,-5.3235803,-2.6786876,2.016795,-4.267083,-1.3800696
buphenine,CC(CCC1=CC=CC=C1)NC(C)C(C2=CC=C(C=C2)O)O,HEL,2.7783446,-0.34093374,3.1016636,4.155281,3.2327194,3.7429929
prednisolone,CC12CC(C3C(C1CCC2(C(=O)CO)O)CCC4=CC(=O)C=CC34C)O,HEL,4.313448,3.7785501,4.0521345,4.3462176,4.94645,4.4438877
colistin-b-sulfate,CC(C)CCCCC(=O)NC(CC[NH3+])C(=O)NC(C(C)O)C(=O)NC(CC[NH3+])C(=O)NC1CCNC(=O)C(NC(=O)C(NC(=O)C(NC(=O)C(NC(=O)C(NC(=O)C(NC1=O)CC[NH3+])CC(C)C)CC(C)C)CC[NH3+])CC[NH3+])C(C)O.CC(C)CCCCC(=O)NC(CC[NH3+])C(=O)NC(C(C)O)C(=O)NC(CC[NH3+])C(=O)NC1CCNC(=O)C(NC(=O)C(NC(=O)C(NC(=O)C(NC(=O)C(NC(=O)C(NC1=O)CC[NH3+])CC(C)C)CC(C)C)CC[NH3+])CC[NH3+])C(C)O.[O-]S(=O)(=O)[O-].[O-]S(=O)(=O)[O-].[O-]S(=O)(=O)[O-].[O-]S(=O)(=O)[O-].[O-]S(=O)(=O)[O-],HEL,0.28948322,-1.6007688,0.39946568,2.229627,-0.25108457,0.67017686
ajmaline,CCC1C2CC3C4C5(CC(C2C5O)N3C1O)C6=CC=CC=C6N4C,HEL,-2.0392025,-3.3760629,-3.4826293,-1.7263299,0.80400395,-2.414994
oxyquinoline,C1=CC2=C(C(=C1)O)N=CC=C2,HEL,2.9050136,0.5003079,3.3179379,4.080696,2.7683315,3.8577948
cefpiramide,CC1=CC(=O)C(=CN1)C(=O)NC(C2=CC=C(C=C2)O)C(=O)NC3C4N(C3=O)C(=C(CS4)CSC5=NN=NN5C)C(=O)O,HEL,1.7803738,-0.33230358,1.8650311,2.8901975,2.6294153,1.8495283
methylprednisolone,CC1CC2C3CCC(C3(CC(C2C4(C1=CC(=O)C=C4)C)O)C)(C(=O)CO)O,HEL,2.2386613,-2.0071166,2.9230046,3.6606684,3.1668525,3.4498985
epinephrine,CNCC(C1=CC(=C(C=C1)O)O)O,HEL,3.268081,1.741683,2.9339457,3.8069835,4.1223273,3.7354648
tiletamine,CCNC1(CCCCC1=O)C2=CC=CS2,HEL,3.0834088,2.2857974,2.9995916,3.718188,2.9521756,3.4612908
terfenadine,CC(C)(C)C1=CC=C(C=C1)C(CCCN2CCC(CC2)C(C3=CC=CC=C3)(C4=CC=CC=C4)O)O,HEL,3.2327049,1.4081385,3.3705103,4.3462176,3.078217,3.9604409
afatinib,CN(C)CC=CC(=O)NC1=C(C=C2C(=C1)C(=NC=N2)NC3=CC(=C(C=C3)F)Cl)OC4CCOC4,HEL,2.3725293,1.4286959,2.4871235,2.9503005,2.4843981,2.5121276
pilocarpine,CCC1C(COC1=O)CC2=CN=CN2C,HEL,-1.9084127,0.015176445,-2.8863142,-1.4374391,-2.3838286,-2.8496587
ruxolitinib,C1CCC(C1)C(CC#N)N2C=C(C=N2)C3=C4C=CNC4=NC=N3,HEL,4.1147757,2.35901,4.9108467,4.981679,3.7255006,4.596844
mitoxantrone,C1=CC(=C2C(=C1NCCNCCO)C(=O)C3=C(C=CC(=C3C2=O)O)O)NCCNCCO,HEL,0.17024848,-0.4392591,-0.47337377,1.7173516,0.8147931,-0.7682694
minocycline,CN(C)C1C2CC3CC4=C(C=CC(=C4C(=C3C(=O)C2(C(=C(C1=O)C(=O)N)O)O)O)O)N(C)C,HEL,0.98723555,-0.4588297,0.6340214,2.1922193,0.65223664,1.9165301
nadide,C1=CC(=C[N+](=C1)C2C(C(C(O2)COP(=O)([O-])OP(=O)(O)OCC3C(C(C(O3)N4C=NC5=C(N=CN=C54)N)O)O)O)O)C(=O)N,HEL,2.203831,0.83936244,1.8939209,3.169066,2.5833852,2.5334198
clofoctol,CC(C)(C)CC(C)(C)C1=CC(=C(C=C1)O)CC2=C(C=C(C=C2)Cl)Cl,HEL,3.0101905,1.3940256,3.2291086,3.9210856,2.8335052,3.6732266
propranolol,CC(C)NCC(COC1=CC=CC2=CC=CC=C21)O,HEL,3.773671,3.4580295,3.4647782,4.2298656,3.751522,3.96416
beclomethasone-dipropionate,CCC(=O)OCC(=O)C1(C(CC2C1(CC(C3(C2CCC4=CC(=O)C=CC43C)Cl)O)C)C)OC(=O)CC,HEL,2.388534,-0.23962754,2.884711,3.4775627,2.562719,3.2573051
fenbendazole,COC(=O)NC1=NC2=C(N1)C=C(C=C2)SC3=CC=CC=C3,HEL,3.641409,1.891732,4.184518,4.9369283,2.860448,4.333419
naloxone,C=CCN1CCC23C4C(=O)CCC2(C1CC5=C3C(=C(C=C5)O)O4)O,HEL,0.68999153,-0.21481133,-0.31006187,2.0852473,0.70834017,1.1812434
sulfasalazine,C1=CC=NC(=C1)NS(=O)(=O)C2=CC=C(C=C2)N=NC3=CC(=C(C=C3)O)C(=O)O,HEL,1.9131712,-0.28610522,2.4588087,3.029896,1.7127634,2.650493
ethinyl-estradiol,CC12CCC3C(C1CCC2(C#C)O)CCC4=C3C=CC(=C4)O,HEL,5.6371026,4.9627895,5.912094,5.60819,5.4944496,6.2079883
aspirin,CC(=O)OC1=CC=CC=C1C(=O)O,HEL,5.4598384,4.689092,5.4267435,5.638024,5.197985,6.347349
propoxycaine,CCCOC1=C(C=CC(=C1)N)C(=O)OCCN(CC)CC,HEL,3.738617,2.9453485,3.4955964,3.8494043,4.5825815,3.820155
pentagastrin,CC(C)(C)OC(=O)NCCC(=O)NC(CC1=CNC2=CC=CC=C21)C(=O)NC(CCSC)C(=O)NC(CC(=O)O)C(=O)NC(CC3=CC=CC=C3)C(=O)N,HEL,3.949513,2.9523141,3.943369,4.280583,4.4248266,4.146472
noretynodrel,CC12CCC3C(C1CCC2(C#C)O)CCC4=C3CCC(=O)C4,HEL,5.775906,5.2620835,6.1361017,5.6022234,5.4399986,6.4391227
betamethasone,CC1CC2C3CCC4=CC(=O)C=CC4(C3(C(CC2(C1(C(=O)CO)O)C)O)F)C,HEL,2.8861332,0.9932997,2.8938286,3.6654618,3.3921008,3.4859748
piperazine,C1CNCCN1,HEL,4.493465,4.274418,4.1828213,4.5282044,4.915629,4.566253
ramifenazone,CC1=C(C(=O)N(N1C)C2=CC=CC=C2)NC(C)C,HEL,2.3395414,0.9324575,2.7497716,3.7086022,1.6757324,2.6311438
meclizine,CC1=CC(=CC=C1)CN2CCN(CC2)C(C3=CC=CC=C3)C4=CC=C(C=C4)Cl,HEL,4.3113127,3.4928586,4.3779793,4.984662,4.109317,4.591746
phenazone,CC1=CC(=O)N(N1C)C2=CC=CC=C2,HEL,3.6198475,2.071027,4.181124,4.8862104,2.844994,4.115881
clofibrate,CCOC(=O)C(C)(C)OC1=CC=C(C=C1)Cl,HEL,2.1603687,-0.2556851,2.884711,3.6303058,1.241324,3.3011882
remoxipride,CCN1CCCC1CNC(=O)C2=C(C=CC(=C2OC)Br)OC,HEL,3.3731658,2.3087661,3.303435,3.953903,3.5360317,3.7636945
dolutegravir,CC1CCOC2N1C(=O)C3=C(C(=O)C(=CN3C2)C(=O)NCC4=C(C=C(C=C4)F)F)O,HEL,3.2251961,2.975998,2.9521806,3.577356,3.3555083,3.2649367
gefitinib,COC1=C(C=C2C(=C1)N=CN=C2NC3=CC(=C(C=C3)F)Cl)OCCCN4CCOCC4,HEL,2.837314,2.4860563,2.6686258,3.296664,3.1611605,2.5740623
dasatinib,CC1=C(C(=CC=C1)Cl)NC(=O)C2=CN=C(S2)NC3=CC(=NC(=N3)C)N4CCN(CC4)CCO,HEL,1.3999991,-0.84605247,1.4510852,2.4162483,2.2738862,1.7048286
altretamine,CN(C)C1=NC(=NC(=N1)N(C)C)N(C)C,HEL,1.9717652,-0.10285103,1.9160463,2.2411873,4.1028113,1.7016312
streptozotocin,CN(C(=O)NC1C(C(C(OC1O)CO)O)O)N=O,HEL,-0.32165936,-2.328982,-1.0941633,2.1304376,-2.1061883,1.7905992
nadifloxacin,CC1CCC2=C3N1C=C(C(=O)C3=CC(=C2N4CCC(CC4)O)F)C(=O)O,HEL,2.7246366,1.7405255,3.0105278,3.8718598,1.7754003,3.2248697
hexylresorcinol,CCCCCCC1=C(C=C(C=C1)O)O,HEL,2.7843635,1.2062811,2.6740963,3.6734507,3.072525,3.2954643
benzethonium,CC(C)(C)CC(C)(C)C1=CC=C(C=C1)OCCOCC[N+](C)(C)CC2=CC=CC=C2,HEL,2.733555,0.55269,3.2254827,3.9822447,2.4878764,3.419481
iobenguane,C1=CC(=CC(=C1)I)CN=C(N)N,HEL,4.3082404,2.8352892,4.3389482,4.7549415,4.8367314,4.775294
lovastatin,CCC(C)C(=O)OC1CC(C=C2C1C(C(C=C2)C)CCC3CC(CC(=O)O3)O)C,HEL,3.0157952,0.92427045,3.5372922,3.5597062,3.2319064,3.8258007
octenidine,CCCCCCCCN=C1C=CN(C=C1)CCCCCCCCCCN2C=CC(=NCCCCCCCC)C=C2,HEL,3.463019,2.3640347,3.6243086,4.2686496,3.2473564,3.8107445
isoxsuprine,CC(COC1=CC=CC=C1)NC(C)C(C2=CC=C(C=C2)O)O,HEL,3.3602014,1.1065366,3.4647782,4.3402505,3.790554,4.0988855
pyritinol,CC1=NC=C(C(=C1O)CO)CSSCC2=CN=C(C(=C2CO)O)C,HEL,-3.5034637,-1.5534728,-4.8109255,-3.86501,-2.126328,-5.161584
lacitol,C(C1C(C(C(C(O1)OC(C(CO)O)C(C(CO)O)O)O)O)O)O,HEL,-1.2564827,-1.7694824,-2.0379655,1.4277117,-3.2570305,-0.64564705
dexamethasone-acetate,CC1CC2C3CCC4=CC(=O)C=CC4(C3(C(CC2(C1(C(=O)COC(=O)C)O)C)O)F)C,HEL,2.0405927,-0.24400687,2.112408,3.0947683,2.54102,2.6987736
enzalutamide,CC1(C(=O)N(C(=S)N1C2=CC(=C(C=C2)C(=O)NC)F)C3=CC(=C(C=C3)C#N)C(F)(F)F)C,HEL,2.0818172,0.545674,2.1870754,3.1949086,1.879309,2.6021192
triamcinolone-acetonide,CC1(OC2CC3C4CCC5=CC(=O)C=CC5(C4(C(CC3(C2(O1)C(=O)CO)C)O)F)C)C,HEL,2.7463405,0.37134838,2.851888,3.7261598,3.0054383,3.7768688
bumetanide,CCCCNC1=C(C(=CC(=C1)C(=O)O)S(=O)(=O)N)OC2=CC=CC=C2,HEL,3.8051941,3.0066473,3.7131379,4.1373806,4.0784163,4.090388
famciclovir,CC(=O)OCC(CCN1C=NC2=CN=C(N=C21)N)COC(=O)C,HEL,2.026832,1.549938,1.9888753,2.9389298,2.158574,1.4978439
fluticasone-propionate,CCC(=O)OC1(C(CC2C1(CC(C3(C2CC(C4=CC(=O)C=CC43C)F)F)O)C)C)C(=O)SCF,HEL,2.8059573,0.27222615,3.3904517,3.814658,2.8622494,3.690201
nomegestrol-acetate,CC1=CC2C(CCC3(C2CCC3(C(=O)C)OC(=O)C)C)C4C1=CC(=O)CC4,HEL,1.3487165,-0.15048194,2.4021528,3.1561446,-1.5724849,2.9082518
tyloxapol,CC(C)(C)CC(C)(C)C1=CC=C(C=C1)O.C=O.C1CO1,HEL,3.4633598,1.1034653,4.137001,4.540138,3.1993794,4.3368177
istradefylline,CCN1C2=C(C(=O)N(C1=O)CC)N(C(=N2)C=CC3=CC(=C(C=C3)OC)OC)C,HEL,-0.4637975,-2.2772017,-1.5987868,1.7985519,-0.010576487,-0.23097464
selamectin,CC1CCC2(CC3CC(O2)CC=C(C(C(C=CC=C4COC5C4(C(C=C(C5=NO)C)C(=O)O3)O)C)OC6CC(C(C(O6)C)O)OC)C)OC1C7CCCCC7,HEL,-2.555034,-4.0807834,-2.1904411,-0.8316145,-3.8903923,-1.7819382
niacin,C1=CC(=CN=C1)C(=O)O,HEL,6.181802,4.6941648,6.794549,6.8940296,5.5263,6.9999638
vemurafenib,CCCS(=O)(=O)NC1=C(C(=C(C=C1)F)C(=O)C2=CNC3=C2C=C(C=N3)C4=CC=C(C=C4)Cl)F,HEL,3.7738438,2.6080577,3.898048,4.238816,4.195513,3.9287853
tiagabine,CC1=C(SC=C1)C(=CCCN2CCCC(C2)C(=O)O)C3=C(C=CS3)C,HEL,4.685846,3.4106624,5.117884,5.145765,4.294719,5.4602
idelalisib,CCC(C1=NC2=C(C(=CC=C2)F)C(=O)N1C3=CC=CC=C3)NC4=NC=NC5=C4NC=N5,HEL,4.3197174,3.3758337,4.4271936,5.0025625,4.14347,4.6495295
adefovir-dipivoxil,CC(C)(C)C(=O)OCOP(=O)(COCCN1C=NC2=C(N=CN=C21)N)OCOC(=O)C(C)(C)C,HEL,3.1612515,1.9608219,3.2019129,4.1164966,3.0847225,3.4423034
dorzolamide,CCNC1CC(S(=O)(=O)C2=C1C=C(S2)S(=O)(=O)N)C,HEL,5.4133277,4.169164,5.5659,5.972163,5.2873845,6.0720267
naproxen,CC(C1=CC2=C(C=C1)C=C(C=C2)OC)C(=O)O,HEL,4.0894494,2.5804212,4.6664743,5.03538,3.4270673,4.7379045
chloropyramine,CN(C)CCN(CC1=CC=C(C=C1)Cl)C2=CC=CC=N2,HEL,2.8067594,0.34522495,3.161813,3.9046767,3.0054383,3.6166446
omeprazole,CC1=CN=C(C(=C1OC)C)CS(=O)C2=NC3=C(N2)C=C(C=C3)OC,HEL,0.41311368,0.028510451,-1.221667,1.9385,2.54102,-1.2207949
paricalcitol,CC(C=CC(C)C(C)(C)O)C1CCC2C1(CCCC2=CC=C3CC(CC(C3)O)O)C,HEL,1.6153936,1.4516094,1.8650311,2.488638,-0.20172417,2.4734142
D-Serine,C(C(C(=O)O)N)O,HEL,0.931229,-0.5215169,1.8771558,2.4541743,-1.6609563,2.5072882
decitabine,C1C(C(OC1N2C=NC(=NC2=O)N)CO)O,HEL,5.3861723,4.6485124,5.576082,5.8856444,5.0783014,5.74232
cyproterone-acetate,CC(=O)C1(CCC2C1(CCC3C2C=C(C4=CC(=O)C5CC5C34C)Cl)C)OC(=O)C,HEL,0.6519763,-0.75988275,1.5293844,2.1579888,-1.5768007,1.9091917
mycophenolate-mofetil,CC1=C2COC(=O)C2=C(C(=C1OC)CC=C(C)CCC(=O)OCCN3CCOCC3)O,HEL,-1.8556175,-2.1062353,-2.8149426,1.3870124,-3.8340573,-1.909865
ulipristal,CC(=O)C1(CCC2C1(CC(C3=C4CCC(=O)C=C4CCC23)C5=CC=C(C=C5)N(C)C)C)O,HEL,1.5444558,-1.8898826,1.9787345,2.8869488,2.291452,2.4550254
benzocaine,CCOC(=O)C1=CC=C(C=C1)N,HEL,2.7245803,0.0057641864,3.6388113,4.3313007,1.6478636,3.9991622
digitoxin,CC1C(C(CC(O1)OC2C(OC(CC2O)OC3C(OC(CC3O)OC4CCC5(C(C4)CCC6C5CCC7(C6(CCC7C8=CC(=O)OC8)O)C)C)C)C)O)O,HEL,2.1763217,0.6433297,2.3957536,2.927559,1.5851588,3.3298075
cyclophosphamide,C1CNP(=O)(OC1)N(CCCl)CCCl,HEL,4.4903827,3.5318668,4.4339814,5.1576986,4.6550436,4.6733227
methotrexate,CN(CC1=CN=C2C(=N1)C(=NC(=N2)N)N)C3=CC=C(C=C3)C(=O)NC(CCC(=O)O)C(=O)O,HEL,1.9746029,1.1230645,1.9888753,2.5247428,2.0774636,2.1588688
chloramphenicol-palmitate,CCCCCCCCCCCCCCCC(=O)OCC(C(C1=CC=C(C=C1)[N+](=O)[O-])O)NC(=O)C(Cl)Cl,HEL,1.3576916,-0.122214705,1.3803923,2.4853556,1.0118748,2.0330505
fluoromethylcholine,C[N+](C)(C)CCOCF,HEL,2.162063,1.7034044,2.5810976,2.9308076,0.94354355,2.6514606
prednisolone-tebutate,CC12CC(C3C(C1CCC2(C(=O)COC(=O)CC(C)(C)C)O)CCC4=CC(=O)C=CC34C)O,HEL,3.3485684,2.369059,3.245424,3.7405095,3.822268,3.565582
lanoconazole,C1C(SC(=C(C#N)N2C=CN=C2)S1)C3=CC=CC=C3Cl,HEL,6.0718102,3.972606,7.011769,7.1028657,5.458794,6.813017
proscillaridin-a,CC1C(C(C(C(O1)OC2CCC3(C4CCC5(C(CCC5(C4CCC3=C2)O)C6=COC(=O)C=C6)C)C)O)O)O,HEL,-0.22843497,-2.5799913,-1.8514261,1.8643669,0.24188948,1.1829861
carbachol,C[N+](C)(C)CCOC(=O)N.[Cl-],HEL,2.0787084,0.79425144,2.3829544,3.0152767,1.6840931,2.5169666
thioproperazine,CN1CCN(CC1)CCCN2C3=CC=CC=C3SC4=C2C=C(C=C4)S(=O)(=O)N(C)C,HEL,3.4556153,0.7973662,3.8055928,4.4774866,3.928793,4.268837
exemestane,CC12CCC3C(C1CCC2=O)CC(=C)C4=CC(=O)C=CC34C,HEL,4.735549,3.733825,4.927817,5.023446,4.872362,5.120296
hydrocortisone,CC12CCC(=O)C=C1CCC3C2C(CC4(C3CCC4(C(=O)CO)O)C)O,HEL,2.588285,-2.512012,3.4248958,4.170198,3.6506886,4.207655
mycophenolic-acid,CC1=C2COC(=O)C2=C(C(=C1OC)CC=C(C)CCC(=O)O)O,HEL,-3.3373802,-2.7266836,-4.1912327,-2.0799553,-4.2558384,-3.4331906
BTS-54505,CC(C)CC(C1(CCC1)C2=CC=C(C=C2)Cl)N.Cl,HEL,3.1983,1.7890358,3.5554206,4.0538464,2.8351464,3.758049
naftidrofuryl,CCN(CC)CCOC(=O)C(CC1CCCO1)CC2=CC=CC3=CC=CC=C32,HEL,0.08352373,-0.65429205,-0.24592374,2.2461421,-2.7679224,1.8396147
pitavastatin,C1CC1C2=NC3=CC=CC=C3C(=C2C=CC(CC(CC(=O)O)O)O)C4=CC=C(C=C4)F,HEL,3.1687477,2.4516032,3.294371,3.6526792,2.8039227,3.6411633
capsaicin,CC(C)C=CCCCCC(=O)NCC1=CC(=C(C=C1)O)OC,HEL,3.0090036,0.9511058,3.1235363,3.817725,3.6742706,3.47838
etofylline-clofibrate,CC(C)(C(=O)OCCN1C=NC2=C1C(=O)N(C(=O)N2C)C)OC3=CC=C(C=C3)Cl,HEL,2.3148968,0.29791126,2.9448867,3.8972185,0.8442834,3.590184
isometheptene-mucate,CC(CCC=C(C)C)NC,HEL,-3.5567703,-1.4024167,-6.002885,-3.9853446,-1.8565992,-4.536607
practolol,CC(C)NCC(COC1=CC=C(C=C1)NC(=O)C)O,HEL,2.336989,0.73293257,2.3436434,3.0656328,2.7146072,2.8281288
clebopride,COC1=CC(=C(C=C1C(=O)NC2CCN(CC2)CC3=CC=CC=C3)Cl)N,HEL,4.6463256,3.4914653,4.7513256,5.2442164,4.6311216,5.1134977
clocortolone-pivalate,CC1CC2C3CC(C4=CC(=O)C=CC4(C3(C(CC2(C1C(=O)COC(=O)C(C)(C)C)C)O)Cl)C)F,HEL,1.7594509,0.60023,1.8603678,2.862583,1.1003458,2.3737276
epirubicin,C[C@H]1[C@@H]([C@H](C[C@@H](O1)O[C@H]2C[C@@](CC3=C2C(=C4C(=C3O)C(=O)C5=C(C4=O)C(=CC=C5)OC)O)(C(=O)CO)O)N)O,HEL,1.4784415,-0.7711702,1.6370302,2.4443243,1.8679881,2.2140353
raloxifene,C1CCN(CC1)CCOC2=CC=C(C=C2)C(=O)C3=C(SC4=C3C=CC(=C4)O)C5=CC=C(C=C5)O,HEL,1.6841625,1.2337509,1.5599056,2.776479,0.7169715,2.1337051
monobenzone,C1=CC=C(C=C1)COC2=CC=C(C=C2)O,HEL,4.3172293,3.3075688,4.445861,4.9488616,4.2394238,4.644431
mebendazole,COC(=O)NC1=NC2=C(N1)C=C(C=C2)C(=O)C3=CC=CC=C3,HEL,2.3629706,2.1507535,2.3527853,3.4904838,1.1017843,2.7190459
dacarbazine,CN(C)N=NC1=C(NC=N1)C(=O)N,HEL,3.1752658,2.1849217,3.1034863,3.6238878,3.8173885,3.1466434
methocarbamol,COC1=CC=CC=C1OCC(COC(=O)N)O,HEL,2.0000114,-0.96805793,2.032204,3.5725427,2.008758,3.354611
ketoconazole,CC(=O)N1CCN(CC1)C2=CC=C(C=C2)OCC3COC(O3)(CN4C=CN=C4)C5=C(C=C(C=C5)Cl)Cl,HEL,4.371751,3.4970381,4.288037,4.9428945,4.5305386,4.6002436
cladribine,C1C(C(OC1N2C=NC3=C(N=C(N=C32)Cl)N)CO)O,HEL,5.5760345,4.142534,6.2990165,6.362986,5.081787,5.993849
monensin,CCC1(CCC(O1)C2(CCC3(O2)CC(C(C(O3)C(C)C(C(C)C(=O)O)OC)C)O)C)C4C(CC(O4)C5C(CC(C(O5)(CO)O)C)C)C,HEL,0.7655717,-1.8549836,1.8929992,2.7894847,-1.7630931,2.7634513
ranitidine,CNC(=C[N+](=O)[O-])NCCSCC1=CC=C(O1)CN(C)C,HEL,-1.0145315,-1.2828214,-2.467817,1.6486725,-0.55569804,-2.414994
rabeprazole,CC1=C(C=CN=C1CS(=O)C2=NC3=CC=CC=C3N2)OCCCOC,HEL,2.293087,-0.39662665,2.3052466,3.2498245,4.0019784,2.3050115
lidamidine,CC1=C(C(=CC=C1)C)NC(=O)NC(=NC)N,HEL,2.5526037,1.6639471,2.1455958,3.029896,3.3717713,2.5518086
norethindrone,CC12CCC3C(C1CCC2(C#C)O)CCC4=CC(=O)CCC34,HEL,5.366832,4.9862485,5.484442,5.2472005,5.377348,5.738921
aripiprazole,C1CC(=O)NC2=C1C=CC(=C2)OCCCCN3CCN(CC3)C4=C(C(=CC=C4)Cl)Cl,HEL,4.711008,4.12478,4.730962,5.0562634,4.840549,4.8024864
ubenimex,CC(C)CC(C(=O)O)NC(=O)C(C(CC1=CC=CC=C1)N)O,HEL,-2.074922,-2.2656949,-2.7906115,-0.36200684,-3.0110378,-1.9452602
levonorgestrel,CC[C@]12CC[C@H]3[C@H]([C@@H]1CC[C@]2(C#C)O)CCC4=CC(=O)CC[C@H]34,HEL,3.888023,3.2964237,4.2829456,4.2149487,3.4075508,4.238246
PD-98059,COC1=CC=CC(=C1N)C2=CC(=O)C3=CC=CC=C3O2,HEL,3.5347602,1.611306,3.6931965,4.602789,3.3498158,4.4166956
hesperadin,CCS(=O)(=O)NC1=CC2=C(C=C1)NC(=C2C(=NC3=CC=C(C=C3)CN4CCCCC4)C5=CC=CC=C5)O,HEL,2.5230632,1.7010605,2.7898886,3.6238878,1.5182736,2.9822052
IDRA-21,CC1NC2=C(C=C(C=C2)Cl)S(=O)(=O)N1,HEL,4.3522897,3.1264586,4.4237995,4.8563766,4.698485,4.6563272
ACDPP,CN(C)C1=NC(=C(N=C1Cl)C(=O)NC2=CN=CC=C2)N,HEL,3.7597084,2.2584217,3.9125504,4.5252204,4.0995584,4.002793
pepstatin,CC(C)CC(C(CC(=O)O)O)NC(=O)C(C)NC(=O)CC(C(CC(C)C)NC(=O)C(C(C)C)NC(=O)C(C(C)C)NC(=O)CC(C)C)O,HEL,-2.0222638,-1.8425486,-2.8003438,-1.426142,-1.960894,-2.0813904
SIB-1757,CC1=NC(=C(C=C1)O)N=NC2=CC=CC=C2,HEL,2.3407242,1.3256965,2.503564,3.461411,1.4441599,2.9687898
homosalate,CC1CC(CC(C1)(C)C)OC(=O)C2=CC=CC=C2O,HEL,3.0176272,1.9899163,3.1253588,3.7945123,2.6733851,3.5049627
SB-525334,CC1=NC(=CC=C1)C2=C(N=C(N2)C(C)(C)C)C3=CC4=NC=CN=C4C=C3,HEL,3.106015,2.286515,3.2635527,3.6926239,3.1083045,3.1790786
embelin,CCCCCCCCCCCC1=C(C(=O)C=C(C1=O)O)O,HEL,0.81602085,-1.6007688,0.68318033,3.041267,0.26598525,1.6904405
SKF-96365,COC1=CC=C(C=C1)CCCOC(CN2C=CN=C2)C3=CC=C(C=C3)OC.Cl,HEL,4.632914,3.3159277,4.9787283,5.3546023,4.5207806,4.9945316
ouabain,CC1C(C(C(C(O1)OC2CC(C3(C4C(CCC3(C2)O)C5(CCC(C5(CC4O)C)C6=CC(=O)OC6)O)CO)O)O)O)O,HEL,2.0605218,-0.97986823,2.2577078,3.0087788,2.6861835,3.3298075
taurine,C(CS(=O)(=O)O)N,HEL,3.8321266,2.7175674,3.9052994,4.1343975,4.428079,3.9752903
anastrozole,CC(C)(C#N)C1=CC(=CC(=C1)CN2C=NC=N2)C(C)(C)C#N,HEL,3.8146973,2.7760801,3.9668183,4.4118524,3.9694514,3.9492831
isoetharine,CCC(C(C1=CC(=C(C=C1)O)O)O)NC(C)C,HEL,2.220487,0.16389291,1.9879534,2.961671,3.2766309,2.7122884
thiostrepton,CCC(C)C1C(=O)NC(C(=O)NC(=C)C(=O)NC(C(=O)NC23CCC(=NC2C4=CSC(=N4)C(C(OC(=O)C5=NC6=C(C=CC(C6O)N1)C(=C5)C(C)O)C)NC(=O)C7=CSC(=N7)C(NC(=O)C8CSC(=N8)C(=CC)NC(=O)C(NC(=O)C9=CSC3=N9)C(C)O)C(C)(C(C)O)O)C1=NC(=CS1)C(=O)NC(=C)C(=O)NC(=C)C(=O)N)C)C,HEL,1.8494326,-1.0313528,2.2659357,2.8365924,2.5554862,2.6205013
GSK256066,CC1=CC(=CC2=C(C(=CN=C12)C(=O)N)NC3=CC(=CC=C3)OC)S(=O)(=O)C4=CC=CC(=C4)C(=O)N(C)C,HEL,3.0764632,2.1930046,3.2164185,3.8100564,2.7967777,3.3660588
radezolid,CC(=O)NCC1CN(C(=O)O1)C2=CC(=C(C=C2)C3=CC=C(C=C3)CNCC4=NNN=C4)F,HEL,4.3463163,3.2058685,4.585017,5.160682,4.0166154,4.763397
BMS-707035,CN1C(=O)C(=C(N=C1N2CCCCS2(=O)=O)C(=O)NCC3=CC=C(C=C3)F)O,HEL,5.0303593,3.9561207,5.33171,5.584323,4.754861,5.5247817
AT-7519,C1CNCCC1NC(=O)C2=C(C=NN2)NC(=O)C3=C(C=CC=C3Cl)Cl,HEL,1.55494,-1.4714782,2.2750776,3.306355,0.79896903,2.865777
AT-9283,C1CC1NC(=O)NC2=C(NN=C2)C3=NC4=C(N3)C=C(C=C4)CN5CCOCC5,HEL,3.1583226,2.5462022,3.2146058,3.6606684,3.225401,3.1447356
R547,COC1=C(C(=C(C=C1)F)F)C(=O)C2=CN=C(N=C2N)NC3CCN(CC3)S(=O)(=O)C,HEL,3.0836897,2.6447585,2.8865345,3.4969308,3.5360317,2.854193
tacedinaline,CC(=O)NC1=CC=C(C=C1)C(=O)NC2=CC=CC=C2N,HEL,4.447806,3.2838852,4.466225,5.080131,4.584208,4.82458
sobetirome,CC1=CC(=CC(=C1CC2=CC(=C(C=C2)O)C(C)C)C)OCC(=O)O,HEL,2.1145737,0.9661154,2.2027426,3.0770004,1.4901936,2.8368168
CX-4945,C1=CC(=CC(=C1)Cl)NC2=NC3=C(C=CC(=C3)C(=O)O)C4=C2C=CN=C4,HEL,4.1910753,3.236518,4.444164,4.719141,3.906024,4.6495295
semaxanib,CC1=CC(=C(N1)C=C2C3=CC=CC=C3NC2=O)C,HEL,2.4279552,0.31841487,2.211037,4.047879,2.316587,3.245857
AVN-944,CCC(CC#N)OC(=O)NC(C)C1=CC(=CC=C1)NC(=O)NC2=CC(=C(C=C2)C3=CN=CO3)OC,HEL,2.4590414,0.6760407,2.5345957,3.5178738,2.5596194,3.0070772
SB-242235,COC1=NC=CC(=N1)C2=C(N=CN2C3CCNCC3)C4=CC=C(C=C4)F,HEL,4.8506765,2.7057257,5.3656507,5.831944,4.8252783,5.5247817
forskolin,CC(=O)OC1C(C2C(CCC(C2(C3(C1(OC(CC3=O)(C)C=C)C)O)C)O)(C)C)O,HEL,0.36031187,0.055178463,-0.90086865,2.0574236,-1.6048526,2.1946785
AST-1306,C=CC(=O)NC1=CC2=C(C=C1)N=CN=C2NC3=CC(=C(C=C3)OCC4=CC(=CC=C4)F)Cl,HEL,3.4777865,2.721747,3.5554206,4.235832,3.3538818,3.5220516
fdcyd,C1C(C(OC1N2C=C(C(=NC2=O)N)F)CO)O,HEL,5.6289134,4.4633675,6.278652,6.2078505,4.840549,6.354147
odanacatib,CC(C)(CC(C(=O)NC1(CC1)C#N)NC(C2=CC=C(C=C2)C3=CC=C(C=C3)S(=O)(=O)C)C(F)(F)F)F,HEL,2.7457423,0.24315083,3.2000902,3.8733513,3.1261945,3.2859244
bardoxolone,CC1(CCC2(CCC3(C(C2C1)C(=O)C=C4C3(CCC5C4(C=C(C(=O)C5(C)C)C#N)C)C)C)C(=O)O)C,HEL,1.566132,-0.66343725,2.0358913,2.9730418,1.1046615,2.3805025
serdemetan,C1=CC=C2C(=C1)C(=CN2)CCNC3=CC=C(C=C3)NC4=CC=NC=C4,HEL,3.2267537,2.3870034,3.2961838,3.9837368,3.0359325,3.4309106
telotristat-ethyl,CCOC(=O)C(CC1=CC=C(C=C1)C2=CC(=NC(=N2)N)OC(C3=C(C=C(C=C3)Cl)N4C=CC(=N4)C)C(F)(F)F)N,HEL,2.6622968,0.35419512,3.3813875,3.8539078,2.3750143,3.346979
CUDC-101,COC1=C(C=C2C(=C1)N=CN=C2NC3=CC=CC(=C3)C#C)OCCCCCCC(=O)NO,HEL,3.5776641,2.8763874,3.4665914,4.140364,3.9645724,3.4404047
resminostat,CN(C)CC1=CC=C(C=C1)S(=O)(=O)N2C=CC(=C2)C=CC(=O)NO,HEL,4.2090354,1.7651825,4.8497534,5.074164,4.3581467,4.997931
hypericin,CC1=CC(=O)C2=C(C3=C(C=C(C4=C3C5=C2C1=C6C(=CC(=O)C7=C(C8=C(C=C(C4=C8C5=C67)O)O)O)C)O)O)O,HEL,-0.39645198,-2.1908731,-1.1783838,1.8361603,-0.65127194,0.20210871
acivicin,C1C(ON=C1Cl)C(C(=O)O)N,HEL,0.6572238,-3.5290267,1.1702447,2.5231016,0.88743997,2.2343597
MK-2206,C1CC(C1)(C2=CC=C(C=C2)C3=C(C=C4C(=N3)C=CN5C4=NNC5=O)C6=CC=CC=C6)N,HEL,3.066322,2.2793372,3.028755,3.631908,3.4400778,2.9515321
cyt387,C1COCCN1C2=CC=C(C=C2)NC3=NC=CC(=N3)C4=CC=C(C=C4)C(=O)NCC#N,HEL,4.526693,2.8547933,4.8226013,5.2531667,4.8647275,4.8381763
MRS-1220,C1=CC=C(C=C1)CC(=O)NC2=NC3=C(C=C(C=C3)Cl)C4=NC(=NN42)C5=CC=CO5,HEL,2.4274182,1.8596818,2.3683271,3.013652,2.282669,2.6127615
bucladesine,CCCC(=O)NC1=C2C(=NC=N1)N(C=N2)C3C(C4C(O3)COP(=O)(O4)O)OC(=O)CCC,HEL,-1.4355599,-1.7296817,-3.1807916,-0.3334057,0.2713798,-2.2053
zolantidine,C1CCN(CC1)CC2=CC(=CC=C2)OCCCNC3=NC4=CC=CC=C4S3,HEL,3.654368,1.907846,4.064029,4.5968223,3.5872612,4.115881
AM-404,CCCCCC=CCC=CCC=CCC=CCCCC(=O)NC1=CC=C(C=C1)O,HEL,3.7839513,2.2540648,3.8074062,4.0985966,4.7605267,3.9991622
CGP-54626,CC(C1=CC(=C(C=C1)Cl)Cl)NCC(CP(=O)(CC2CCCCC2)O)O.Cl,HEL,2.6219535,2.4537566,1.7151659,2.9308076,3.3750243,2.6350133
AT7867,C1CNCCC1(C2=CC=C(C=C2)C3=CNN=C3)C4=CC=C(C=C4)Cl,HEL,4.7523875,4.3467007,4.4950747,5.077147,5.2257767,4.6172385
SCS,C1=CC=C(C(=C1)C=NNC(=O)C2=CC=CC=C2O)O,HEL,1.5930198,-0.18561578,0.98380864,2.8512118,2.0774636,2.238231
clobutinol,CC(CN(C)C)C(C)(CC1=CC=C(C=C1)Cl)O,HEL,1.1108023,0.17682755,0.67111075,2.427809,0.4227875,1.8554765
dimethisoquin,CCCCC1=CC2=CC=CC=C2C(=N1)OCCN(C)C,HEL,3.3734775,2.4508853,3.6805067,4.262683,2.8510103,3.6223028
nitarsone,C1=CC(=CC=C1[N+](=O)[O-])[As](=O)(O)O,HEL,2.6003067,1.9701471,1.8211957,3.3483493,3.5742507,2.2875905
lomefloxacin,CCN1C=C(C(=O)C2=CC(=C(C(=C21)F)N3CCNC(C3)C)F)C(=O)O,HEL,2.958689,2.975998,2.7479482,3.35804,2.9460769,2.765382
eprinomectin,CC1C=CC=C2COC3C2(C(C=C(C3O)C)C(=O)OC4CC(CC=C(C1OC5CC(C(C(O5)C)OC6CC(C(C(O6)C)NC(=O)C)OC)OC)C)OC7(C4)C=CC(C(O7)C(C)C)C)O,HEL,-2.9577134,-3.7874744,-3.1565409,-1.3634938,-4.1405826,-2.3404748
defactinib,CNC(=O)C1=CC=C(C=C1)NC2=NC=C(C(=N2)NCC3=NC=CN=C3N(C)S(=O)(=O)C)C(F)(F)F,HEL,1.9979124,1.046576,2.12808,2.794358,1.9603976,2.06015
NMS-1286937,CN1CCN(CC1)C2=CC(=C(C=C2)OC(F)(F)F)NC3=NC=C4CCC5=C(C4=N3)N(N=C5C(=O)N)CCO,HEL,2.1900992,1.5482702,2.4542413,3.128687,1.5210606,2.2982366
mubritinib,C1=CC(=CC=C1CCCCN2C=CN=N2)OCC3=COC(=N3)C=CC4=CC=C(C=C4)C(F)(F)F,HEL,4.9772954,4.2389107,5.09752,5.2442164,5.2569146,5.0489163
refametinib,COC1=CC(=C(C(=C1NS(=O)(=O)C2(CC2)CC(CO)O)NC3=C(C=C(C=C3)I)F)F)F,HEL,2.4375482,1.96679,2.1667993,2.7585542,2.8066978,2.4888995
cromakalim,CC1(C(C(C2=C(O1)C=CC(=C2)C#N)N3CCCC3=O)O)C,HEL,1.7489344,1.7168818,1.9354059,2.60844,0.8111967,1.6727477
sangivamycin,C1=C(C2=C(N=CN=C2N1C3C(C(C(O3)CO)O)O)N)C(=O)N,HEL,0.13569269,-0.75612026,-0.2210487,2.862583,-3.0599484,1.852998
hypoestoxide,CC(=O)OC1CC2(C(O2)CCC3(C(O3)CC4CC(=O)C(=C)C1C4(C)C)C)C,HEL,-1.1268873,-1.3029404,-1.7125806,1.597547,-4.1911826,-0.025279783
GDC-0980,CC1=C(SC2=C1N=C(N=C2N3CCOCC3)C4=CN=C(N=C4)N)CN5CCN(CC5)C(=O)C(C)O,HEL,-0.73324376,-1.09618,-1.9438846,1.4953939,0.31597492,-2.4375231
VTP-27999,CNC(CC1CCCOC1)CNC(=O)N2CCCC(C2)C(C3=CC(=CC=C3)Cl)OCCNC(=O)OC,HEL,3.7164726,2.5226374,3.9650214,4.3909683,3.6303596,4.0733757
PFK-015,C1=CC=C2C(=C1)C=CC(=N2)C=CC(=O)C3=CC=NC=C3,HEL,3.017212,2.267089,3.028755,3.530762,3.082283,3.1771708
RU-58841,CC1(C(=O)N(C(=O)N1CCCCO)C2=CC(=C(C=C2)C#N)C(F)(F)F)C,HEL,3.012722,2.3654702,2.80083,3.5468705,3.091228,3.259213
fexinidazole,CN1C(=CN=C1COC2=CC=C(C=C2)SC)[N+](=O)[O-],HEL,4.5381665,3.7205093,4.6121693,5.2859845,4.322367,4.749801
KP-1212,C1C(C(OC1N2CN=C(NC2=O)N)CO)O,HEL,4.3950973,3.6580849,4.683445,5.008529,4.014989,4.6104403
alpelisib,CC1=C(SC(=N1)NC(=O)N2CCCC2C(=O)N)C3=CC(=NC=C3)C(C)(C)C(F)(F)F,HEL,3.0778055,2.4429898,2.8117707,3.343504,3.6555676,3.1351957
imiloxan,CCN1C=CN=C1CC2COC3=CC=CC=C3O2,HEL,3.5021043,1.0005133,3.7856517,5.032397,3.1936874,4.4982724
sonidegib,CC1CN(CC(O1)C)C2=NC=C(C=C2)NC(=O)C3=CC=CC(=C3C)C4=CC=C(C=C4)OC(F)(F)F,HEL,2.5317934,0.8226809,2.7880652,3.6606684,2.2943792,3.0931733
latrepirdine,CC1=CC2=C(C=C1)N(C3=C2CN(CC3)C)CCC4=CN=C(C=C4)C,HEL,2.231071,2.2040267,2.4231799,3.3338127,0.70834017,2.485996
3-amino-benzamide,C1=CC(=CC(=C1)N)C(=O)N,HEL,3.8243,2.7175674,3.711325,4.0419126,4.5110226,4.1396737
epothilone-d,CC1CCCC(=CCC(OC(=O)CC(C(C(=O)C(C1O)C)(C)C)O)C(=CC2=CSC(=N2)C)C)C,HEL,1.4009606,-0.14008889,1.7171072,2.4129455,0.757251,2.2575877
golvatinib,CN1CCN(CC1)C2CCN(CC2)C(=O)NC3=NC=CC(=C3)OC4=CC(=C(C=C4)NC(=O)C5(CC5)C(=O)NC6=CC=C(C=C6)F)F,HEL,2.2923865,-0.7322913,2.9230046,3.353195,2.9712853,2.9467382
AVL-292,COCCOC1=CC=C(C=C1)NC2=NC=C(C(=N2)NC3=CC(=CC=C3)NC(=O)C=C)F,HEL,2.152663,0.91744787,2.5199938,3.2482092,1.4987655,2.5788996
mocetinostat,C1=CC=C(C(=C1)N)NC(=O)C2=CC=C(C=C2)CNC3=NC=CC(=N3)C4=CN=CC=C4,HEL,3.148969,2.5697668,3.1016636,3.7707183,3.2286534,3.074041
k-strophanthidin,CC12CCC3C(C1(CCC2C4=CC(=O)OC4)O)CCC5(C3(CCC(C5)O)C=O)O,HEL,-0.38623026,-3.317031,-1.6375512,1.9895877,-0.7379447,1.7717878
JNJ-26481585,CN1C=C(C2=CC=CC=C21)CNCC3CCN(CC3)C4=NC=C(C=N4)C(=O)NO,HEL,4.706056,3.6193717,5.0669737,5.1427817,4.8952684,4.8058853
MLN-8054,C1C2=CN=C(N=C2C3=C(C=C(C=C3)Cl)C(=N1)C4=C(C=CC=C4F)F)NC5=CC=C(C=C5)C(=O)O,HEL,1.022748,0.3948089,1.2724837,2.0557373,0.3051858,1.0855243
NVP-BEZ235,CC(C)(C#N)C1=CC=C(C=C1)N2C3=C4C=C(C=CC4=NC=C3N(C2=O)C)C5=CC6=CC=CC=C6N=C5,HEL,-0.9975398,-2.583569,-1.9519951,1.8729141,-0.9596616,-1.3653868
MLN0128,CC(C)N1C2=NC=NC(=C2C(=N1)C3=CC4=C(C=C3)OC(=N4)N)N,HEL,2.4251056,1.8381279,2.384783,2.794358,2.653232,2.4550254
obatoclax,CC1=CC(=C(N1)C=C2C(=CC(=C3C=C4C=CC=CC4=N3)N2)OC)C,HEL,4.673549,3.5165422,5.104308,5.2113996,4.37441,5.161085
BMS-599626,CC1=C2C(=NC=NN2C=C1NC(=O)OCC3COCCN3)NC4=CC5=C(C=C4)N(N=C5)CC6=CC(=CC=C6)F,HEL,0.07706501,-0.6291997,-1.4733758,1.8925214,1.5280278,-0.93264854
PF-03814735,CC(=O)NCC(=O)N1C2CCC1C3=C2C=CC(=C3)NC4=NC=C(C(=N4)NC5CCC5)C(F)(F)F,HEL,4.6384454,2.7948878,5.270617,5.2949343,4.8032656,5.0285225
narlaprevir,CCCCC(C(=O)C(=O)NC1CC1)NC(=O)C2C3C(C3(C)C)CN2C(=O)C(C(C)(C)C)NC(=O)NC4(CCCCC4)CS(=O)(=O)C(C)(C)C,HEL,-2.6250346,-2.6032474,-3.0094163,-1.19231,-4.0871706,-2.2330284
Y-39983,CC(C1=CC=C(C=C1)C(=O)NC2=C3C=CNC3=NC=C2)N.Cl,HEL,4.2230797,3.033117,4.5544705,4.66544,4.4524746,4.4098973
volasertib,CCC1C(=O)N(C2=CN=C(N=C2N1C(C)C)NC3=C(C=C(C=C3)C(=O)NC4CCC(CC4)N5CCN(CC5)CC6CC6)OC)C,HEL,1.3043429,0.8443218,1.4232615,2.4030364,0.4256646,1.4254296
AZD5438,CC1=NC=C(N1C(C)C)C2=NC(=NC=C2)NC3=CC=C(C=C3)S(=O)(=O)C,HEL,2.7876217,1.6814594,2.8281825,3.4581807,3.159534,2.8107526
AP26113,CN(C)C1CCN(CC1)C2=CC(=C(C=C2)NC3=NC=C(C(=N3)NC4=CC=CC=C4P(=O)(C)C)Cl)OC,HEL,2.336041,0.008901596,2.7333603,3.5388172,2.5217643,2.877361
PHA-848125,CC1(CC2=CN=C(N=C2C3=C1C(=NN3C)C(=O)NC)NC4=CC=C(C=C4)N5CCN(CC5)C)C,HEL,-0.29540905,-1.6326826,0.1627236,1.8643669,-1.2934058,-0.57804745
picolinic-acid,C1=CC=NC(=C1)C(=O)O,HEL,4.5782185,3.897787,4.523924,4.7549415,4.8252783,4.8891616
GDC-0152,CC(C(=O)NC(C1CCCCC1)C(=O)N2CCCC2C(=O)NC3=C(N=NS3)C4=CC=CC=C4)NC,HEL,3.5406792,3.138997,3.2000902,4.0866632,3.6628866,3.6147585
navitoclax,CC1(CCC(=C(C1)CN2CCN(CC2)C3=CC=C(C=C3)C(=O)NS(=O)(=O)C4=CC(=C(C=C4)NC(CCN5CCOCC5)CSC6=CC=CC=C6)S(=O)(=O)C(F)(F)F)C7=CC=C(C=C7)Cl)C,HEL,1.9544706,0.17359391,2.2878764,2.675449,2.42527,2.2101638
12-O-tetradecanoylphorbol-13-acetate,CCCCCCCCCCCCCC(=O)OC1C(C2(C(C=C(CC3(C2C=C(C3=O)C)O)CO)C4C1(C4(C)C)OC(=O)C)O)C,HEL,-3.007578,-2.1497562,-3.6879318,-1.9150506,-4.2502165,-3.0349345
adarotene,C1C2CC3CC1CC(C2)(C3)C4=C(C=CC(=C4)C5=CC=C(C=C5)C=CC(=O)O)O,HEL,4.9113464,3.5346532,5.2434645,5.2800174,5.2899237,5.208671
XL888,CCC(C)NC1=C(C=C(C(=C1)C(=O)NC2CC3CCC(C2)N3C4=NC=C(C=C4)C(=O)C5CC5)C)C(=O)N,HEL,3.0940456,1.7229369,3.2327342,3.6446903,3.6449966,3.2248697
ENMD-2076,CC1=CC(=NN1)NC2=CC(=NC(=N2)C=CC3=CC=CC=C3)N4CCN(CC4)C,HEL,2.2082164,0.4899471,2.2394235,3.1157653,2.6896257,2.5063205
SGI-1776,CN1CCC(CC1)CNC2=NN3C(=NC=C3C4=CC(=CC=C4)OC(F)(F)F)C=C2,HEL,4.084534,4.242715,3.6007416,4.0896463,4.9391236,3.550443
RG2833,CC1=CC=C(C=C1)C(=O)NCCCCCC(=O)NC2=CC=CC=C2N,HEL,4.5898976,3.583328,4.6087756,5.1099644,4.7378635,4.909556
PF-04691502,CC1=C2C=C(C(=O)N(C2=NC(=N1)N)C3CCC(CC3)OCCO)C4=CN=C(C=C4)OC,HEL,2.3635135,1.2750754,2.4158661,3.2223666,2.5140786,2.3901806
CYC116,CC1=C(SC(=N1)N)C2=NC(=NC=C2)NC3=CC=C(C=C3)N4CCOCC4,HEL,2.4913785,1.0525067,2.6777432,3.3418887,2.8997264,2.485028
ADL5859,CCN(CC)C(=O)C1=CC=C(C=C1)C2=CC3(CCNCC3)OC4=CC=CC(=C42)O,HEL,4.3700786,3.0609803,4.669869,5.032397,4.1028113,4.984335
mericitabine,CC(C)C(=O)OCC1C(C(C(O1)N2C=CC(=NC2=O)N)(C)F)OC(=O)C(C)C,HEL,4.3753815,3.236518,4.9040585,4.892177,4.0263734,4.8177814
KX2-391,C1COCCN1CCOC2=CC=C(C=C2)C3=CN=C(C=C3)CC(=O)NCC4=CC=CC=C4,HEL,3.465549,2.865242,3.3324406,4.2447824,3.3083444,3.5769367
SNS-314,C1=CC(=CC(=C1)Cl)NC(=O)NC2=NC=C(S2)CCNC3=NC=NC4=C3SC=C4,HEL,2.6611443,1.2663753,2.7114782,3.615865,2.8993196,2.8126833
barasertib-HQPA,CCN(CCCOC1=CC2=C(C=C1)C(=NC=N2)NC3=NNC(=C3)CC(=O)NC4=CC(=CC=C4)F)CCO,HEL,2.4760215,1.1269736,2.700537,3.595006,2.0705771,2.8870144
AZD9668,CC1=C(C=C(C(=O)N1C2=CC=CC(=C2)C(F)(F)F)C(=O)NCC3=NC=C(C=C3)S(=O)(=O)C)C4=CC=NN4C,HEL,3.5345275,2.3295815,3.767523,4.2596993,3.4392648,3.876569
filanesib,CN(C(=O)N1C(SC(=N1)C2=C(C=CC(=C2)F)F)(CCCN)C3=CC=CC=C3)OC,HEL,4.958573,2.9655492,5.5014124,5.6231065,4.9366813,5.7661133
AZD8055,CC1COCCN1C2=NC(=NC3=C2C=CC(=N3)C4=CC(=C(C=C4)OC)CO)N5CCOCC5C,HEL,3.2921784,2.016563,3.5662975,4.044896,3.2221484,3.6109865
PF-477736,CN1C=C(C=N1)C2=C3C=NNC(=O)C4=C3C(=CC(=C4)NC(=O)C(C5CCCCC5)N)N2,HEL,1.3695071,-0.33950573,1.8538392,2.4476097,0.97591096,1.909681
FG-4592,CC1=C2C=C(C=CC2=C(C(=N1)C(=O)NCC(=O)O)O)OC3=CC=CC=C3,HEL,4.196266,2.6917942,4.635928,4.814609,4.0654054,4.7735944
tandutinib,CC(C)OC1=CC=C(C=C1)NC(=O)N2CCN(CC2)C3=NC=NC4=CC(=C(C=C43)OC)OCCCN5CCCCC5,HEL,3.8195488,3.434346,3.6261213,4.2059984,4.1938863,3.6373913
peruvoside,CC1C(C(C(C(O1)OC2CCC3(C(C2)CCC4C3CCC5(C4(CCC5C6=CC(=O)OC6)O)C)C=O)O)OC)O,HEL,2.3962688,-0.091649055,2.4469335,3.2530544,2.860448,3.5125577
GSK2110183,CN1C(=C(C=N1)Cl)C2=C(SC(=C2)C(=O)NC(CC3=CC(=CC=C3)F)CN)Cl,HEL,3.1920695,2.0231953,3.3179379,3.631908,3.5108237,3.4764812
voreloxin,CNC1CN(CC1OC)C2=NC3=C(C=C2)C(=O)C(=CN3C4=NC=CS4)C(=O)O,HEL,3.2947516,2.6405237,3.2617395,3.7086022,3.3807163,3.4821775
tanshinone-i,CC1=C2C=CC3=C(C2=CC=C1)C(=O)C(=O)C4=C3OC=C4C,HEL,1.2503464,-0.82497555,1.9289526,3.2110603,-0.7196032,2.656298
GW-501516,CC1=C(C=CC(=C1)SCC2=C(N=C(S2)C3=CC=C(C=C3)C(F)(F)F)C)OCC(=O)O,HEL,3.8149056,2.481032,4.2591877,4.6594734,3.4042983,4.2705364
asymmetrical-dimethylarginine,CN(C)C(=NCCCC(C(=O)O)N)N,HEL,3.2205024,1.4026787,3.8237212,3.9613612,3.0757775,3.8389745
OSI-930,C1=CC=C2C(=C1)C(=CC=N2)CNC3=C(SC=C3)C(=O)NC4=CC=C(C=C4)OC(F)(F)F,HEL,3.8646805,2.554057,4.1420927,4.713174,3.6962266,4.2178516
bardoxolone-methyl,CC1(CCC2(CCC3(C(C2C1)C(=O)C=C4C3(CCC5C4(C=C(C(=O)C5(C)C)C#N)C)C)C)C(=O)OC)C,HEL,1.5609024,-0.67887986,2.0690792,2.9925349,1.0248218,2.3969555
exatecan-mesylate,CCC1(C2=C(COC1=O)C(=O)N3CC4=C5C(CCC6=C5C(=CC(=C6C)F)N=C4C3=C2)N)O,HEL,2.420506,-1.2917631,3.0178187,3.5291512,3.5327792,3.3145437
barasertib,CCN(CCCOC1=CC2=C(C=C1)C(=NC=N2)NC3=NNC(=C3)CC(=O)NC4=CC(=CC=C4)F)CCOP(=O)(O)O,HEL,2.158773,1.1137259,2.3802118,3.3887286,1.3477769,2.56342
pevonedistat,C1CC2=CC=CC=C2C1NC3=C4C=CN(C4=NC=N3)C5CC(C(C5)O)COS(=O)(=O)N,HEL,0.3017963,-2.0626228,1.1242207,2.3295438,-1.2711083,1.388948
epothilone-b,CC1CCCC2(C(O2)CC(OC(=O)CC(C(C(=O)C(C1O)C)(C)C)O)C(=CC3=CSC(=N3)C)C)C,HEL,0.72047955,-0.0107072,1.2606642,2.0961795,-1.6465706,1.9028317
AT13387,CC(C)C1=CC(=C(C=C1O)O)C(=O)N2CC3=C(C2)C=C(C=C3)CN4CCN(CC4)C,HEL,2.9881756,1.6771061,3.3197505,3.9971616,2.2943792,3.65248
CGS-20625,COC1=CC=C(C=C1)N2C(=O)C3=CN=C4CCCCCC4=C3N2,HEL,4.228185,2.1243005,4.9379992,5.047313,4.172744,4.85857
ZK-93426,CCOC(=O)C1=NC=C2C(=C1C)C3=C(N2)C=CC=C3OC(C)C,HEL,1.3409767,-0.86936873,1.9142025,2.7096689,0.8205473,2.1298337
entinostat,C1=CC=C(C(=C1)N)NC(=O)C2=CC=C(C=C2)CNC(=O)OCC3=CN=CC=C3,HEL,1.7460302,-0.13710988,1.9289526,2.7031507,1.9736992,2.261459
PF-04217903,C1=CC2=C(C=CC(=C2)CN3C4=NC(=CN=C4N=N3)C5=CN(N=C5)CCO)N=C1,HEL,1.966518,1.218462,2.0248287,2.4046876,2.4635296,1.7210823
rucinol,CCCCC1=C(C=C(C=C1)O)O,HEL,2.961148,2.103726,2.5738037,3.5049856,3.3945403,3.2286856
HMN-214,CC(=O)N(C1=CC=CC=C1C=CC2=CC=[N+](C=C2)[O-])S(=O)(=O)C3=CC=C(C=C3)OC,HEL,-0.7931261,-1.9062235,-2.7322164,1.6813675,0.92628086,-1.9348387
delanzomib,B(C(CC(C)C)NC(=O)C(C(C)O)NC(=O)C1=CC=CC(=N1)C2=CC=CC=C2)(O)O,HEL,-0.6289181,-2.2445993,-0.7195424,2.150475,-3.7323494,1.4014256
CP-724714,CC1=NC=C(C=C1)OC2=C(C=C(C=C2)NC3=NC=NC4=C3C=C(C=C4)C=CCNC(=O)COC)C,HEL,3.1149628,2.1985157,3.2889323,3.9076602,2.9395719,3.2401335
lonafarnib,C1CN(CCC1CC(=O)N2CCC(CC2)C3C4=C(CCC5=C3N=CC(=C5)Br)C=C(C=C4Br)Cl)C(=O)N,HEL,5.2987633,3.3939445,6.0037336,5.894595,5.353853,5.8476906
quizartinib,CC(C)(C)C1=CC(=NO1)NC(=O)NC2=CC=C(C=C2)C3=CN4C5=C(C=C(C=C5)OCCN6CCOCC6)SC4=N3,HEL,2.6569946,1.0027561,2.7643597,3.445259,3.278257,2.794342
isofloxythepin,CC(C)C1=CC2=C(C=C1)SC3=C(CC2N4CCN(CC4)CCO)C=CC(=C3)F,HEL,3.8855636,2.6994565,4.445861,4.811626,3.0269876,4.4438877
birinapant,CCC(C(=O)N1CC(CC1CC2=C(NC3=C2C=CC(=C3)F)C4=C(C5=C(N4)C=C(C=C5)F)CC6CC(CN6C(=O)C(CC)NC(=O)C(C)NC)O)O)NC(=O)C(C)NC,HEL,0.039636623,-2.4959116,-0.59786654,1.9052933,0.48752233,0.89914554
AZD5363,C1CN(CCC1(C(=O)NC(CCO)C2=CC=C(C=C2)Cl)N)C3=NC=NC4=C3C=CN4,HEL,3.1645665,2.4882095,3.1545222,3.8069835,3.08147,3.2916481
AZD4547,CC1CN(CC(N1)C)C2=CC=C(C=C2)C(=O)NC3=NNC(=C3)CCC4=CC(=CC(=C4)OC)OC,HEL,3.103564,1.8353164,3.348756,4.104563,2.783084,3.446101
teroxirone,C1C(O1)CN2C(=O)N(C(=O)N(C2=O)CC3CO3)CC4CO4,HEL,-4.4745665,-5.671897,-5.263048,-2.8208663,-4.0871706,-4.5298505
PF-03758309,CC1=NC2=C(C(=N1)NC3=NNC4=C3CN(C4(C)C)C(=O)NC(CN(C)C)C5=CC=CC=C5)SC=C2,HEL,2.0919538,1.1232817,2.0995014,2.7813628,2.1118975,2.3437247
LGX818,CC(C)N1C=C(C(=N1)C2=C(C(=CC(=C2)Cl)NS(=O)(=O)C)F)C3=NC(=NC=C3)NCC(C)NC(=O)OC,HEL,3.8778236,2.3683412,4.260885,4.519254,4.106064,4.1345754
linifanib,CC1=CC(=C(C=C1)F)NC(=O)NC2=CC=C(C=C2)C3=C4C(=CC=C3)NN=C4N,HEL,2.7214684,1.0245407,2.8537114,3.5355952,2.9838896,3.209606
BVD-523,CC(C)NC1=NC=C(C(=C1)C2=CNC(=C2)C(=O)NC(CO)C3=CC(=CC=C3)Cl)Cl,HEL,2.5084844,1.6905129,2.4469335,2.8447144,3.068459,2.491803
BMS-754807,CC1(CCCN1C2=NN3C=CC=C3C(=N2)NC4=NNC(=C4)C5CC5)C(=O)NC6=CN=C(C=C6)F,HEL,2.4272106,2.282926,2.013766,2.4984846,3.244917,2.0959597
vatalanib,C1=CC=C2C(=C1)C(=NN=C2NC3=CC=C(C=C3)Cl)CC4=CC=NC=C4,HEL,2.945222,2.2728667,3.0014143,3.8283482,2.551353,3.0721276
GW-842166,C1COCCC1CNC(=O)C2=CN=C(N=C2C(F)(F)F)NC3=C(C=C(C=C3)Cl)Cl,HEL,2.2646637,1.835129,2.4569814,2.8414657,1.8527915,2.3369498
KD-023,CCCCCCCCCCCCCCOC1=CC=C(O1)C(=O)O,HEL,3.489664,1.8600566,3.722202,4.3223505,3.3156629,4.2280483
KD025,CC(C)NC(=O)COC1=CC=CC(=C1)C2=NC3=CC=CC=C3C(=N2)NC4=CC5=C(C=C4)NN=C5,HEL,2.4744945,2.3575747,2.0119224,2.9031928,2.7860608,2.313722
TAK-733,CN1C2=C(C(=C(C1=O)F)NC3=C(C=C(C=C3)I)F)C(=O)N(C=N2)CC(CO)O,HEL,-0.27429205,-2.5048563,-1.2834411,1.511542,1.7399938,-0.8346987
WP1066,CC(C1=CC=CC=C1)NC(=O)C(=CC2=NC(=CC=C2)Br)C#N,HEL,2.6982608,1.3692508,2.8081238,3.5388172,2.5368867,3.2382255
SB-939,CCCCC1=NC2=C(N1CCN(CC)CC)C=CC(=C2)C=CC(=O)NO,HEL,3.5753064,1.8255701,4.1200314,4.5759387,3.1473365,4.207655
MK-5108,C1CC(CCC1OC2=C(C(=CC=C2)Cl)F)(CC3=NC(=CC=C3)NC4=NC=CS4)C(=O)O,HEL,4.259557,3.0721257,4.7886605,4.7847753,3.948309,4.7039137
YM-155,CC1=[N+](C2=C(N1CCOC)C(=O)C3=CC=CC=C3C2=O)CC4=NC=CN=C4.[Br-],HEL,-2.3236723,-3.2025392,-3.4053051,2.0970204,-4.157449,-2.9500885
zaldaride,CC1(C2=CC=CN2C3=CC=CC=C3CO1)CN4CCC(CC4)N5C6=CC=CC=C6NC5=O,HEL,-2.368716,-2.1300237,-3.302047,-0.43461457,-2.9506183,-3.0262766
LY2784544,CC1=CC(=NN1)NC2=NN3C(=C(N=C3C(=C2)CN4CCOCC4)C)CC5=C(C=C(C=C5)Cl)F,HEL,2.4057426,1.8887331,1.8929992,3.0233984,2.9456706,2.2779121
FK-866,C1CN(CCC1CCCCNC(=O)C=CC2=CN=CC=C2)C(=O)C3=CC=CC=C3,HEL,3.3002515,2.5782907,3.1545222,3.991195,3.2457304,3.5315185
alvocidib,CN1CCC(C(C1)O)C2=C(C=C(C3=C2OC(=CC3=O)C4=CC=CC=C4Cl)O)O,HEL,1.6606977,0.9279091,1.3873456,2.8560853,0.84068704,2.2914617
uprosertib,CN1C(=C(C=N1)Cl)C2=C(OC(=C2)C(=O)NC(CC3=CC(=C(C=C3)F)F)CN)Cl,HEL,3.0622373,2.72314,2.80083,3.0672572,3.7588406,2.96112
crenolanib,CC1(COC1)COC2=CC3=C(C=C2)N(C=N3)C4=NC5=C(C=CC=C5N6CCC(CC6)N)C=C4,HEL,1.9728439,0.081964,1.9851878,2.6232102,3.039185,2.1346729
marimastat,CC(C)CC(C(C(=O)NO)O)C(=O)NC(C(=O)NC)C(C)(C)C,HEL,2.6618369,-0.19510436,2.9704156,3.3741918,3.7059846,3.453696
bitopertin,CC(C(F)(F)F)OC1=C(C=C(C=C1)S(=O)(=O)C)C(=O)N2CCN(CC2)C3=C(C=C(C=N3)C(F)(F)F)F,HEL,4.245562,2.6799524,4.450952,4.6803565,4.8112082,4.605342
warfarin,CC(=O)CC(C1=CC=CC=C1)C2=C(C3=CC=CC=C3OC2=O)O,HEL,2.1435287,-0.9645043,1.9418591,3.4807928,2.9277806,3.3317153
halofuginone,C1CC(C(NC1)CC(=O)CN2C=NC3=CC(=C(C=C3C2=O)Cl)Br)O,HEL,0.60865194,0.851559,-0.9917886,2.3510134,1.9128288,-1.0803529
brilliant-green,CCN(CC)C1=CC=C(C=C1)C(=C2C=CC(=[N+](CC)CC)C=C2)C3=CC=CC=C3,HEL,3.8321729,0.928364,4.7547197,5.1845493,3.220522,5.0727096
chlorpyrifos,CCOP(=S)(OCC)OC1=NC(=C(C=C1Cl)Cl)Cl,HEL,2.6077123,-0.59323937,2.9448867,3.9524112,3.131073,3.6034307
carvedilol,COC1=CC=CC=C1OCCNCC(COC2=CC=CC3=C2C4=CC=CC=C4N3)O,HEL,0.5925088,-1.0394561,-1.1950744,2.4952023,1.0269797,1.6748925
estradiol,CC12CCC3C(C1CCC2O)CCC4=C3C=CC(=C4)O,HEL,6.282486,4.5825706,7.371539,6.6314917,5.5685363,7.2582912
7-aminocephalosporanic-acid,CC(=O)OCC1=C(N2C(C(C2=O)N)SC1)C(=O)O,HEL,1.9573902,0.60198313,3.1144226,3.761183,-1.0891314,3.398494
digoxin,CC1C(C(CC(O1)OC2C(OC(CC2O)OC3C(OC(CC3O)OC4CCC5(C(C4)CCC6C5CC(C7(C6(CCC7C8=CC(=O)OC8)O)C)O)C)C)C)O)O,HEL,1.930731,0.19903529,2.2375948,2.7210753,1.366478,3.129472
taltirelin,CN1C(=O)CC(NC1=O)C(=O)NC(CC2=CN=CN2)C(=O)N3CCCC3C(=O)N,HEL,3.9775302,3.8166277,3.6931965,4.2000318,4.2117763,3.9660194
spironolactone,CC(=O)SC1CC2=CC(=O)CCC2(C3C1C4CCC5(C4(CC3)C)CCC(=O)O5)C,HEL,2.3222835,-0.7082439,2.9084165,3.382268,2.626667,3.40231
ibutilide,CCCCCCCN(CC)CCCC(C1=CC=C(C=C1)NS(=O)(=O)C)O,HEL,2.8012471,0.8303454,3.2581139,3.6526792,2.9009461,3.3641508
dronedarone,CCCCC1=C(C2=C(O1)C=CC(=C2)NS(=O)(=O)C)C(=O)C3=CC=C(C=C3)OCCCN(CCCC)CCCC,HEL,2.3121758,1.4615157,2.6595082,3.2902036,1.3031816,2.84647
mibefradil,CC(C)C1C2=C(CCC1(CCN(C)CCCC3=NC4=CC=CC=C4N3)OC(=O)COC)C=C(C=C2)F,HEL,0.81341857,0.19490965,-0.5479053,2.3592708,0.6213078,1.4395099
baicalin,C1=CC=C(C=C1)C2=CC(=O)C3=C(C(=C(C=C3O2)OC4C(C(C(C(O4)C(=O)O)O)O)O)O)O,HEL,1.5382912,-0.5918861,1.9114368,2.8804512,0.94642067,2.545034
trovafloxacin,C1C2C(C2N)CN1C3=C(C=C4C(=O)C(=CN(C4=N3)C5=C(C=C(C=C5)F)F)C(=O)O)F,HEL,1.2465909,-2.304051,2.006391,2.7552953,1.519667,2.255652
ramatroban,C1CC2=C(CC1NS(=O)(=O)C3=CC=C(C=C3)F)C4=CC=CC=C4N2CCC(=O)O,HEL,3.1123981,1.6018784,3.5318534,4.1880984,2.5461864,3.6939733
5-fluorouracil,C1=C(C(=O)NC(=O)N1)F,HEL,3.641687,1.8167198,3.8762937,4.4625697,3.709237,4.343616
theophylline,CN1C2=C(C(=O)N(C1=O)C)NC=N2,HEL,-2.7677798,-5.655178,-2.8165643,-1.4436013,-1.5588187,-2.3647368
fluorometholone,CC1CC2C3CCC(C3(CC(C2(C4(C1=CC(=O)C=C4)C)F)O)C)(C(=O)C)O,HEL,2.1508863,-1.8632433,2.8117707,3.639897,2.8247519,3.3412552
norethindrone-acetate,CC(=O)OC1(CCC2C1(CCC3C2CCC4=CC(=O)CCC34)C)C#C,HEL,2.6605291,0.49771768,2.994121,3.5436502,2.971692,3.2954643
nicotine,CN1CCCC1C2=CN=CC=C2,HEL,5.5486245,3.7205093,6.3125925,6.583757,4.857092,6.2691708
menadione,CC1=CC(=O)C2=CC=CC=C2C1=O,HEL,2.963731,2.2449582,2.9011223,3.9121354,2.308642,3.4517972
racecadotril,CC(=O)SCC(CC1=CC=CC=C1)C(=O)NCC(=O)OCC2=CC=CC=C2,HEL,3.903125,3.0623734,3.970407,4.3760514,3.8702445,4.2365465
torasemide,CC1=CC(=CC=C1)NC2=C(C=NC=C2)S(=O)(=O)NC(=O)NC(C)C,HEL,4.428932,2.977391,4.527318,4.9906287,4.892723,4.756599
chlorpropamide,CCCNC(=O)NS(=O)(=O)C1=CC=C(C=C1)Cl,HEL,3.2621956,1.0395408,3.666004,4.062796,3.684842,3.8577948
iodipamide,C1=C(C(=C(C(=C1I)NC(=O)CCCCC(=O)NC2=C(C=C(C(=C2I)C(=O)O)I)I)I)C(=O)O)I,HEL,-0.037796073,-1.1902468,-1.746748,1.7865855,1.1880975,-0.2266685
butamben,CCCCOC(=O)C1=CC=C(C=C1)N,HEL,2.4165177,-0.3480739,3.4593399,4.1761646,1.0276989,3.7674587
terbutaline,CC(C)(C)NCC(C1=CC(=CC(=C1)O)O)O,HEL,4.087535,2.7642384,3.8799195,4.3909683,4.958661,4.4438877
dicycloverine,CCN(CC)CCOC(=O)C1(CCCCC1)C2CCCCC2,HEL,2.0605795,1.0876505,2.3884397,3.217521,0.6702185,2.939068
butylscopolamine-bromide,CCCC[N+]1(C2CC(CC1C3C2O3)OC(=O)C(CO)C4=CC=CC=C4)C,HEL,-3.5724843,-3.363543,-4.5801215,-2.0760458,-4.2502165,-3.5924933
fludarabine,C1=NC2=C(N=C(N=C2N1C3C(C(C(O3)CO)O)O)F)N,HEL,0.5864349,-0.24400687,1.2419701,3.0753791,-3.4568253,2.3156574
thonzonium,CCCCCCCCCCCCCCCC[N+](C)(C)CCN(CC1=CC=C(C=C1)OC)C2=NC=CC=N2,HEL,2.2204947,0.80669224,2.2988472,3.228827,2.2366235,2.5314841
amisulpride,CCN1CCCC1CNC(=O)C2=CC(=C(C=C2OC)N)S(=O)(=O)CC,HEL,3.3161645,2.623585,3.0378687,3.9285438,3.5181422,3.4726837
sarafloxacin,C1CN(CCN1)C2=C(C=C3C(=C2)N(C=C(C3=O)C(=O)O)C4=CC=C(C=C4)F)F,HEL,-0.41814452,0.7649437,-1.7768067,1.5324341,-1.1545855,-1.4567081
diclazuril,C1=CC(=CC=C1C(C#N)C2=C(C=C(C=C2Cl)N3C(=O)NC(=O)C=N3)Cl)Cl,HEL,3.1211743,2.269978,2.8755937,3.9628532,3.0741515,3.4232945
thioguanine,C1=NC2=C(N1)C(=S)N=C(N2)N,HEL,3.491576,1.0821593,4.064029,5.050297,3.0367455,4.22465
anagrelide,C1C2=C(C=CC(=C2Cl)Cl)N=C3N1CC(=O)N3,HEL,4.02491,2.80046,4.5069537,4.963779,3.2327194,4.620638
levobunolol,CC(C)(C)NCC(COC1=CC=CC2=C1CCCC2=O)O,HEL,4.5445495,4.0005045,4.277855,4.8026757,4.8698177,4.7718954
azithromycin,CCC1C(C(C(N(CC(CC(C(C(C(C(C(=O)O1)C)OC2CC(C(C(O2)C)O)(C)OC)C)OC3C(C(CC(O3)C)N(C)C)O)(C)O)C)C)C)O)(C)O,HEL,-0.6559822,-4.041772,0.08750902,2.28743,-3.4482317,1.8351537
atenolol-(+/-),CC(C)NCC(COC1=CC=C(C=C1)CC(=O)N)O,HEL,3.6060684,3.538833,3.030578,3.7834327,4.0702844,3.6072142
loxistatin-acid,CC(C)CCNC(=O)C(CC(C)C)NC(=O)C1C(O1)C(=O)O,HEL,-1.2046108,-2.1121824,-1.6186213,1.5341712,-3.2699776,-0.55644405
trimebutine,CCC(COC(=O)C1=CC(=C(C(=C1)OC)OC)OC)(C2=CC=CC=C2)N(C)C,HEL,2.7096453,0.43015045,2.9667687,3.8599126,2.9997463,3.2916481
ketoprofen,CC(C1=CC(=CC=C1)C(=O)C2=CC=CC=C2)C(=O)O,HEL,3.3586488,3.1264586,3.209167,3.8373759,2.9224954,3.6977453
calcitriol,CC(CCCC(C)(C)O)C1CCC2C1(CCCC2=CC=C3CC(CC(C3=C)O)O)C,HEL,2.4646351,1.7646072,2.542804,3.0963838,1.7956325,3.1237478
clenbuterol,CC(C)(C)NCC(C1=CC(=C(C(=C1)Cl)N)Cl)O,HEL,3.1504319,1.7283716,2.840947,3.6654618,4.153228,3.3641508
maprotiline,CNCCCC12CCC(C3=CC=CC=C31)C4=CC=CC=C24,HEL,4.719541,3.0651598,5.0126686,5.5902896,4.6053505,5.3242383
sufentanil,CCC(=O)N(C1=CC=CC=C1)C2(CCN(CC2)CCC3=CC=CS3)COC,HEL,3.8654754,3.0261514,3.6714425,4.2447824,4.2215343,4.1634674
homoharringtonine,CC(C)(CCCC(CC(=O)OC)(C(=O)OC1C2C3=CC4=C(C=C3CCN5C2(CCC5)C=C1OC)OCO4)O)O,HEL,-0.10538013,-1.811378,-1.5334318,1.9504206,-0.13411218,1.0016006
pindolol,CC(C)NCC(COC1=CC=CC2=C1C=CN2)O,HEL,4.526226,3.8293087,4.342342,4.799692,4.8046155,4.8551717
crizotinib-(S),C[C@@H](C1=C(C=CC(=C1Cl)F)Cl)OC2=C(N=CC(=C2)C3=CN(N=C3)C4CCNCC4)N,HEL,2.560402,1.0014145,2.7643597,3.4888687,2.8099804,2.7373872
methscopolamine,C[N+]1(C2CC(CC1C3C2O3)OC(=O)C(CO)C4=CC=CC=C4)C,HEL,-3.474773,-3.2436845,-4.478947,-1.9338478,-4.2530274,-3.4643586
sorafenib,CNC(=O)C1=NC=CC(=C1)OC2=CC=C(C=C2)NC(=O)NC3=CC(=C(C=C3)Cl)C(F)(F)F,HEL,2.8626232,0.9819987,3.4484627,4.024012,2.3688703,3.4897726
nemonapride,CC1C(CCN1CC2=CC=CC=C2)NC(=O)C3=CC(=C(C=C3OC)NC)Cl,HEL,1.837651,0.9374607,2.0746105,2.9210613,0.9133339,2.341789
latanoprost,CC(C)OC(=O)CCCC=CCC1C(CC(C1CCC(CCC2=CC=CC=C2)O)O)O,HEL,3.0332267,1.6165028,3.021464,3.8283482,3.100173,3.5996459
vandetanib,CN1CCC(CC1)COC2=C(C=C3C(=C2)N=CN=C3NC4=C(C=C(C=C4)Br)F)OC,HEL,3.8860497,3.147356,3.5753617,4.197048,4.733614,3.7768688
bendroflumethiazide,C1=CC=C(C=C1)CC2NC3=C(C=C(C(=C3)C(F)(F)F)S(=O)(=O)N)S(=O)(=O)N2,HEL,3.620013,2.0051405,3.8418498,4.217932,4.0654054,3.9697387
bosentan,CC(C)(C)C1=CC=C(C=C1)S(=O)(=O)NC2=C(C(=NC(=N2)C3=NC=CC=N3)OCCO)OC4=CC=CC=C4OC,HEL,4.3001356,3.0595872,4.34913,4.8712935,4.6629143,4.5577555
midodrine,COC1=CC(=C(C=C1)OC)C(CNC(=O)CN)O,HEL,4.466263,4.278222,4.0911818,4.66544,4.7591105,4.537361
lomitapide,C1CN(CCC1NC(=O)C2=CC=CC=C2C3=CC=C(C=C3)C(F)(F)F)CCCCC4(C5=CC=CC=C5C6=CC=CC=C64)C(=O)NCC(F)(F)F,HEL,1.2686541,-1.8570561,1.4798293,2.5903878,2.1715822,1.9585277
benfotiamine,CC1=NC=C(C(=N1)N)CN(C=O)C(=C(CCOP(=O)(O)O)SC(=O)C2=CC=CC=C2)C,HEL,-0.18873778,0.9932997,-1.7678804,1.8353056,-0.14975649,-1.8546573
albendazole,CCCSC1=CC2=C(C=C1)N=C(N2)NC(=O)OC,HEL,2.9962351,1.5140641,3.386826,4.0538464,2.5575528,3.4688861
trolox,CC1=C(C2=C(CCC(O2)(C)C(=O)O)C(=C1O)C)C,HEL,2.661078,0.25565606,3.2998095,3.718188,2.0417185,3.9900172
vismodegib,CS(=O)(=O)C1=CC(=C(C=C1)C(=O)NC2=CC(=C(C=C2)Cl)C3=CC=CC=N3)Cl,HEL,4.5033884,3.3256798,4.6155634,5.1875324,4.4004316,4.987734
chromocarb,C1=CC=C2C(=C1)C(=O)C=C(O2)C(=O)O,HEL,1.9384083,1.4651973,2.1704865,2.8154752,0.6716571,2.569225
bisacodyl,CC(=O)OC1=CC=C(C=C1)C(C2=CC=C(C=C2)OC(=O)C)C3=CC=CC=N3,HEL,4.051252,2.8708146,4.383071,4.8862104,3.5108237,4.605342
axitinib,CNC(=O)C1=CC=CC=C1SC2=CC3=C(C=C2)C(=NN3)C=CC4=CC=CC=N4,HEL,2.5952442,-0.418047,3.0579185,4.1224637,2.5368867,3.6769989
salinomycin,CCC(C1CCC(C(O1)C(C)C(C(C)C(=O)C(CC)C2C(CC(C3(O2)C=CC(C4(O3)CCC(O4)(C)C5CCC(C(O5)C)(CC)O)O)C)C)O)C)C(=O)O,HEL,1.5675224,-1.2828214,2.6102736,3.1642206,0.10199022,3.2439492
florfenicol,CS(=O)(=O)C1=CC=C(C=C1)C(C(CF)NC(=O)C(Cl)Cl)O,HEL,1.3237547,-0.5837665,2.1234705,2.7959824,-0.2977476,2.5808346
tropisetron,CN1C2CCC1CC(C2)OC(=O)C3=CNC4=CC=CC=C43,HEL,3.420321,2.0647812,3.8182828,4.2567163,3.111557,3.8502667
panobinostat,CC1=C(C2=CC=CC=C2N1)CCNCC3=CC=C(C=C3)C=CC(=O)NO,HEL,3.35348,2.6729515,3.4684038,4.140364,2.9371324,3.5485504
imidapril,CCOC(=O)C(CCC1=CC=CC=C1)NC(C)C(=O)N2C(CN(C2=O)C)C(=O)O,HEL,0.06188655,-2.1732848,-0.091490924,2.8772023,-2.3176556,2.0146618
bephenium-hydroxynaphthoate,C[N+](C)(CCOC1=CC=CC=C1)CC2=CC=CC=C2,HEL,1.5393804,1.9209104,1.071754,2.9714177,-0.7260765,2.4588969
sunitinib,CCN(CC)CCNC(=O)C1=C(NC(=C1C)/C=C\2/C3=C(C=CC(=C3)F)NC2=O)C,HEL,3.2882843,0.4404363,4.1319103,4.358151,3.1945004,4.316424
deflazacort,CC1=N[C@@]2([C@H](O1)C[C@@H]3[C@@]2(C[C@@H]([C@H]4[C@H]3CCC5=CC(=O)C=C[C@]45C)O)C)C(=O)COC(=O)C,HEL,3.8453178,3.0219722,4.3559184,4.2298656,3.2514224,4.3674097
fludroxycortide,CC1(OC2CC3C4CC(C5=CC(=O)CCC5(C4C(CC3(C2(O1)C(=O)CO)C)O)C)F)C,HEL,2.007686,-0.5458755,2.038657,3.15776,2.2526927,3.1351957
ifosfamide,C1CN(P(=O)(OC1)NCCCl)CCCl,HEL,3.2699265,2.324557,3.023287,4.4387026,3.1074915,3.4555948
mitomycin-c,CC1=C(C(=O)C2=C(C1=O)N3CC4C(C3(C2COC(=O)N)OC)N4)N,HEL,-1.0758423,-4.108649,-1.6871966,2.317983,-0.7818204,-1.1195282
teprenone,CC(=CCCC(=CCCC(=CCCC(=CCCC(=O)C)C)C)C)C,HEL,0.816084,0.48303998,2.0580165,2.8658316,-4.0281377,2.7016697
avanafil,COC1=C(C=C(C=C1)CNC2=NC(=NC=C2C(=O)NCC3=NC=CC=N3)N4CCCC4CO)Cl,HEL,3.1949177,3.3284662,2.7534187,3.383883,3.732819,2.7760005
diazooxonorleucine,C(CC(=O)C=[N+]=[N-])C(C(=O)O)N,HEL,-0.86888885,-2.0368521,-1.2061745,1.8669311,-1.7206558,-1.247693
thiomersal,CC[Hg]SC1=CC=CC=C1C(=O)[O-].[Na+],HEL,5.2538886,4.0005045,5.5014124,5.578356,5.045766,6.143407
trapidil,CCN(CC)C1=CC(=NC2=NC=NN12)C,HEL,4.159917,2.95928,4.4356785,4.8354926,3.8686185,4.700515
triciribine,CN1C2=NC=NC3=C2C(=CN3C4C(C(C(O4)CO)O)O)C(=N1)N,HEL,-1.9169277,-2.5549462,-3.694299,-1.4466823,1.2916733,-3.1803844
paliperidone,CC1=C(C(=O)N2CCCC(C2=N1)O)CCN3CCC(CC3)C4=NOC5=C4C=CC(=C5)F,HEL,4.5542173,2.7468238,5.1857653,5.059247,4.77452,5.0047293
SN-38,CCC1=C2CN3C(=CC4=C(C3=O)COC(=O)C4(CC)O)C2=NC5=C1C=C(C=C5)O,HEL,-2.978022,-5.103443,-3.3795297,0.92951155,-4.267083,-3.0695653
rifampin,CC1C=CC=C(C(=O)NC2=C(C(=C3C(=C2O)C(=C(C4=C3C(=O)C(O4)(OC=CC(C(C(C(C(C(C1O)C)O)C)OC(=O)C)C)OC)C)C)O)O)C=NN5CCN(CC5)C)C,HEL,-3.0634284,-3.0129125,-3.258395,-1.706376,-4.2698946,-3.0695653
formestane,CC12CCC(=O)C(=C1CCC3C2CCC4(C3CCC4=O)C)O,HEL,2.0140085,-2.819708,3.3795745,4.050863,1.6297488,3.8295648
niclosamide,C1=CC(=C(C=C1[N+](=O)[O-])Cl)NC(=O)C2=C(C=CC(=C2)Cl)O,HEL,1.9988956,0.9129072,1.544645,2.5788996,2.7468944,2.2111318
lenalidomide,C1CC(=O)NC(=O)C1N2CC3=C(C2=O)C=CC=C3N,HEL,4.5711346,3.8813016,4.683445,4.8862104,4.6311216,4.7735944
lafutidine,C1CCN(CC1)CC2=CC(=NC=C2)OCC=CCNC(=O)CS(=O)CC3=CC=CO3,HEL,3.015346,2.343937,2.7880652,3.6574726,3.131073,3.1561832
betamethasone-dipropionate,CCC(=O)OCC(=O)C1(C(CC2C1(CC(C3(C2CCC4=CC(=O)C=CC43C)F)O)C)C)OC(=O)CC,HEL,2.7163954,-0.08861917,3.2871196,3.7866051,3.0180426,3.578829
azacitidine,C1=NC(=NC(=O)N1C2C(C(C(O2)CO)O)O)N,HEL,2.5414512,1.8973548,2.5820093,3.4581807,1.4513526,3.3183596
bendamustine,CN1C2=C(C=C(C=C2)N(CCCl)CCCl)N=C1CCCC(=O)O,HEL,2.118995,-0.33374727,2.2045858,3.2514393,2.7401366,2.7325604
piretanide,C1CCN(C1)C2=C(C(=CC(=C2)C(=O)O)S(=O)(=O)N)OC3=CC=CC=C3,HEL,3.6601365,2.6666374,3.8382242,4.217932,3.4059248,4.1719646
oxymetazoline,CC1=CC(=C(C(=C1CC2=NCCN2)C)O)C(C)(C)C,HEL,-0.48946738,-0.73856205,-1.6838123,1.9674498,-1.6566404,-0.33577204
temoporfin,C1CC2=NC1=C(C3=CC=C(N3)C(=C4C=CC(=N4)C(=C5C=CC(=C2C6=CC(=CC=C6)O)N5)C7=CC(=CC=C7)O)C8=CC(=CC=C8)O)C9=CC(=CC=C9)O,HEL,2.1212692,0.55356705,1.8706272,2.5854642,3.3807163,2.215971
batimastat,CC(C)CC(C(CSC1=CC=CS1)C(=O)NO)C(=O)NC(CC2=CC=CC=C2)C(=O)NC,HEL,3.9687524,3.4106624,3.5717359,4.155281,4.6020975,4.103984
levocetirizine,C1CN(CCN1CCOCC(=O)O)C(C2=CC=CC=C2)C3=CC=C(C=C3)Cl,HEL,4.5344934,3.5262945,4.7173853,5.1726155,4.350015,4.906157
felbamate,C1=CC=C(C=C1)C(COC(=O)N)COC(=O)N,HEL,1.1862885,0.012823403,1.4664981,2.4013846,0.08688545,1.9638507
ivermectin,CCC(C)C1C(CCC2(O1)CC3CC(O2)CC=C(C(C(C=CC=C4COC5C4(C(C=C(C5O)C)C(=O)O3)O)C)OC6CC(C(C(O6)C)OC7CC(C(C(O7)C)O)OC)OC)C)C,HEL,-3.1193442,-4.4931912,-2.9171104,-1.6484842,-4.1939936,-2.3439405
lapatinib,CS(=O)(=O)CCNCC1=CC=C(O1)C2=CC3=C(C=C2)N=CN=C3NC4=CC(=C(C=C4)OCC5=CC(=CC=C5)F)Cl,HEL,3.2641444,2.8958914,3.0360458,3.7245657,3.5653062,3.098913
guanidine,C(=N)(N)N,HEL,6.92698,5.376978,7.833131,7.371371,5.8603907,8.193027
cefditoren-pivoxil,CC1=C(SC=N1)C=CC2=C(N3C(C(C3=O)NC(=O)C(=NOC)C4=CSC(=N4)N)SC2)C(=O)OCOC(=O)C(C)(C)C,HEL,1.5821975,0.25065395,2.0331256,2.6591537,0.76660156,2.2014534
cobicistat,CC(C)C1=NC(=CS1)CN(C)C(=O)NC(CCN2CCOCC2)C(=O)NC(CCC(CC3=CC=CC=C3)NC(=O)OCC4=CN=CS4)CC5=CC=CC=C5,HEL,4.0600443,3.5805557,3.9614213,4.3432345,4.346762,4.0682464
talazoparib,CN1C(=NC=N1)C2C(NC3=CC(=CC4=C3C2=NNC4=O)F)C5=CC=C(C=C5)F,HEL,2.150701,0.15661718,2.178781,3.280512,2.4890356,2.6485584
ACY-1215,C1=CC=C(C=C1)N(C2=CC=CC=C2)C3=NC=C(C=N3)C(=O)NCCCCCCC(=O)NO,HEL,4.3824406,3.2602017,4.5884113,4.9548283,4.5289125,4.5798492
bifemelane,CNCCCCOC1=CC=CC=C1CC2=CC=CC=C2,HEL,4.3500757,4.0410843,4.274461,4.9458785,3.6864681,4.8024864
temsirolimus,CC1CCC2CC(C(=CC=CC=CC(CC(C(=O)C(C(C(=CC(C(=O)CC(OC(=O)C3CCCCN3C(=O)C(=O)C1(O2)O)C(C)CC4CCC(C(C4)OC)OC(=O)C(C)(CO)CO)C)C)O)OC)C)C)C)OC,HEL,-2.1549435,-1.566457,-3.1646245,-1.187044,-2.4571953,-2.3993967
PRT062607,C1CCC(C(C1)N)NC2=NC=C(C(=N2)NC3=CC(=CC=C3)N4N=CC=N4)C(=O)N,HEL,2.8694663,1.6897316,3.1454089,3.577356,2.9468904,2.9879448
tranilast,COC1=C(C=C(C=C1)C=CC(=O)NC2=CC=CC=C2C(=O)O)OC,HEL,3.5539582,3.3006032,3.0943725,3.9971616,3.7157426,3.6619103
toremifene,CN(C)CCOC1=CC=C(C=C1)C(=C(CCCl)C2=CC=CC=C2)C3=CC=CC=C3,HEL,3.8322244,2.5497725,3.9469812,4.7012405,3.4937468,4.4693804
diphemanil,C[N+]1(CCC(=C(C2=CC=CC=C2)C3=CC=CC=C3)CC1)C,HEL,3.7234237,2.6595798,3.8019671,4.689307,3.129447,4.3368177
cyclovirobuxin-d,C[C@@H]([C@H]1[C@@H](C[C@@]2([C@@]1(CC[C@]34[C@H]2CC[C@@H]5[C@]3(C4)CC[C@@H](C5(C)C)NC)C)C)O)NC,HEL,3.4380882,2.6897044,3.9811373,3.883793,2.7780113,3.8577948
norfloxacin,CCN1C=C(C(=O)C2=CC(=C(C=C21)N3CCNCC3)F)C(=O)O,HEL,4.388295,3.138997,4.7682962,4.966762,4.2768297,4.7905893
zaleplon,CCN(C1=CC=CC(=C1)C2=CC=NC3=C(C=NN23)C#N)C(=O)C,HEL,3.8796296,2.8269303,4.0843935,4.543121,3.8686185,4.075084
crizotinib,C[C@H](C1=C(C=CC(=C1Cl)F)Cl)OC2=C(N=CC(=C2)C3=CN(N=C3)C4CCNCC4)N,HEL,2.52594,0.95883805,2.7205956,3.4581807,2.8077922,2.6842935
norepinephrine,C1=CC(=C(C=C1C(CN)O)O)O,HEL,2.9739068,2.911216,2.263193,3.3984194,3.0985465,3.1981585
genipin,COC(=O)C1=COC(C2C1CC=C2CO)O,HEL,-3.6294017,-4.6046524,-4.3588023,-2.247084,-2.9405484,-3.9959214
PSI-7976,CC(C)OC(=O)C(C)NP(=O)(OCC1C(C(C(O1)N2C=CC(=O)NC2=O)(C)F)O)OC3=CC=CC=C3,HEL,4.9072695,3.3396115,5.569294,5.6708407,4.5337915,5.4228106
bexarotene,CC1=CC2=C(C=C1C(=C)C3=CC=C(C=C3)C(=O)O)C(CCC2(C)C)(C)C,HEL,0.3330787,-0.59594584,-0.6203127,2.2197177,-1.1826372,1.8445716
afobazole,CCOC1=CC2=C(C=C1)N=C(N2)SCCN3CCOCC3,HEL,4.7275276,3.200296,5.209524,5.491838,4.693862,5.042118
naftifine,CN(CC=CC1=CC=CC=C1)CC2=CC=CC3=CC=CC=C32,HEL,2.2619257,1.6942241,1.6651785,3.295049,1.8936571,2.7615206
simvastatin,CCC(C)(C)C(=O)OC1CC(C=C2C1C(C(C=C2)C)CCC3CC(CC(=O)O3)O)C,HEL,3.3128128,1.489845,3.8327854,3.8373759,3.3392448,4.0648136
sirolimus,CC1CCC2CC(C(=CC=CC=CC(CC(C(=O)C(C(C(=CC(C(=O)CC(OC(=O)C3CCCCN3C(=O)C(=O)C1(O2)O)C(C)CC4CCC(C(C4)OC)O)C)C)O)OC)C)C)C)OC,HEL,-2.0315344,-1.4292419,-3.1581573,-1.1595731,-2.0702243,-2.3404748
raltitrexed,CC1=NC2=C(C=C(C=C2)CN(C)C3=CC=C(S3)C(=O)NC(CCC(=O)O)C(=O)O)C(=O)N1,HEL,1.0969726,-1.0161834,0.5721573,2.3947787,1.3607237,2.1733863
lidocaine,CCN(CC)CC(=O)NC1=C(C=CC=C1C)C,HEL,3.909449,4.14507,3.281681,3.8192506,4.6167,3.6845431
abiraterone,CC12CCC(CC1=CCC3C2CCC4(C3CC=C4C5=CN=CC=C5)C)O,HEL,2.1455486,-1.2738798,2.895652,3.6654618,2.354988,3.0855203
oxiracetam,C1C(CN(C1=O)CC(=O)N)O,HEL,2.8500667,3.42738,1.6894442,2.9194367,3.5897012,2.6243713
ponatinib,CC1=C(C=C(C=C1)C(=O)NC2=CC(=C(C=C2)CN3CCN(CC3)C)C(F)(F)F)C#CC4=CN=C5N4N=CC=C5,HEL,2.742977,2.7356784,2.7224195,3.4274924,2.1440353,2.685259
4-pyrimidinecarbonitrile,C1=CN=CN=C1C#N,HEL,1.8733879,-5.0226336,2.9813569,4.1284304,5.14221,2.1375763
doxycycline,CC1C2C(C3C(C(=O)C(=C(C3(C(=O)C2=C(C4=C1C=CC=C4O)O)O)O)C(=O)N)N(C)C)O,HEL,-3.895095,-5.1758933,-4.422036,-1.9822191,-4.224916,-3.670413
cefdinir,C=CC1=C(N2C(C(C2=O)NC(=O)C(=NO)C3=CSC(=N3)N)SC1)C(=O)O,HEL,3.4121585,2.2807727,3.769336,4.080696,2.9993396,3.930649
artesunate,CC1CCC2C(C(OC3C24C1CCC(O3)(OO4)C)OC(=O)CCC(=O)O)C,HEL,-0.4564972,-1.9811499,-0.082707345,1.6641643,-3.6304836,1.7476906
methacycline,CN(C)C1C2C(C3C(=C)C4=C(C(=CC=C4)O)C(=C3C(=O)C2(C(=C(C1=O)C(=O)N)O)O)O)O,HEL,0.09602437,0.20896983,-1.098057,2.0574236,-2.1306434,1.4424288
10-deacetylbaccatin,CC1=C2C(C(=O)C3(C(CC4C(C3C(C(C2(C)C)(CC1O)O)OC(=O)C5=CC=CC=C5)(CO4)OC(=O)C)O)C)O,HEL,-4.3887887,-5.6830435,-4.7856317,-3.2320218,-4.2642717,-3.9789736
fluocinolone-acetonide,CC1(OC2CC3C4CC(C5=CC(=O)C=CC5(C4(C(CC3(C2(O1)C(=O)CO)C)O)F)C)F)C,HEL,2.2206643,-0.04829663,2.1474397,3.3112004,2.5272546,3.165723
3-deazaneplanocin-A,C1=CN=C(C2=C1N(C=N2)C3C=C(C(C3O)O)CO)N,HEL,-3.24795,-3.6065145,-4.2260113,-2.0936382,-2.8873224,-3.4262645
vincamine,CCC12CCCN3C1C4=C(CC3)C5=CC=CC=C5N4C(C2)(C(=O)OC)O,HEL,3.341098,0.523698,3.5336664,3.7786648,4.445969,4.4234934
letrozole,C1=CC(=CC=C1C#N)C(C2=CC=C(C=C2)C#N)N3C=NC=N3,HEL,4.316296,3.8711567,4.157366,4.549088,4.791117,4.2127533
ftorafur,C1CC(OC1)N2C=C(C(=O)NC2=O)F,HEL,4.741724,3.4928586,5.44032,5.7603426,3.7588406,5.256258
alvespimycin,CC1CC(C(C(C=C(C(C(C=CC=C(C(=O)NC2=CC(=O)C(=C(C1)C2=O)NCCN(C)C)C)OC)OC(=O)N)C)C)O)OC,HEL,0.8349565,-0.86083823,0.44391233,2.2725663,0.83565205,1.4834905
metronidazole,CC1=NC=C(N1CCO)[N+](=O)[O-],HEL,0.39211124,2.1808803,-2.3721142,2.0363305,2.8993196,-2.78386
bekanamycin,C1C(C(C(C(C1N)OC2C(C(C(C(O2)CO)O)N)O)O)OC3C(C(C(C(O3)CN)O)O)N)N,HEL,0.660799,-2.0229754,1.2930694,2.8138506,-1.2272323,2.4472828
fluvastatin,CC(C)N1C2=CC=CC=C2C(=C1C=CC(CC(CC(=O)O)O)O)C3=CC=C(C=C3)F,HEL,2.8196507,1.0005133,3.308874,3.7197826,2.2526927,3.8163908
chloroxine,C1=CC2=C(C(=C(C=C2Cl)Cl)O)N=C1,HEL,2.0665228,0.47439784,2.0165317,2.8365924,2.1325574,2.8725343
mifepristone,CC#CC1(CCC2C1(CC(C3=C4CCC(=O)C=C4CCC23)C5=CC=C(C=C5)N(C)C)C)O,HEL,1.9306061,-1.6856132,2.4286642,3.169066,2.902166,2.8387475
fenofibrate,CC(C)OC(=O)C(C)(C)OC1=CC=C(C=C1)C(=O)C2=CC=C(C=C2)Cl,HEL,2.4907167,0.5158491,3.0998409,3.89871,1.4038804,3.5353034
rutin,CC1C(C(C(C(O1)OCC2C(C(C(C(O2)OC3=C(OC4=CC(=CC(=C4C3=O)O)O)C5=CC(=C(C=C5)O)O)O)O)O)O)O)O,HEL,1.0677598,-1.1375978,1.5461711,2.732482,-0.17888713,2.376631
halofantrine,CCCCN(CCCC)CCC(C1=C2C=CC(=CC2=C3C=C(C=C(C3=C1)Cl)Cl)C(F)(F)F)O,HEL,2.9581285,1.2257042,3.3850129,3.7723076,2.8231106,3.5845065
chlorogenic-acid,C1C(C(C(CC1(C(=O)O)O)OC(=O)C=CC2=CC(=C(C=C2)O)O)O)O,HEL,1.7060375,0.01360774,0.91917896,2.5592062,2.6770492,2.3611457
imatinib,CC1=C(C=C(C=C1)NC(=O)C2=CC=C(C=C2)CN3CCN(CC3)C)NC4=NC=CC(=N4)C5=CN=CC=C5,HEL,2.9194372,1.7347381,3.2236698,3.7976618,2.8187337,3.0223835
ritodrine,CC(C(C1=CC=C(C=C1)O)O)NCCC2=CC=C(C=C2)O,HEL,3.861789,2.8032467,3.7657106,4.28655,4.2491817,4.2042556
nimorazole,C1COCCN1CCN2C=NC=C2[N+](=O)[O-],HEL,1.5366806,2.689008,0.18125154,2.3584454,2.4728045,-0.01810664
nicorandil,C1=CC(=CN=C1)C(=O)NCCO[N+](=O)[O-],HEL,5.0547247,3.5485847,5.413167,5.724542,4.953777,5.6335506
desonide,CC1(OC2CC3C4CCC5=CC(=O)C=CC5(C4C(CC3(C2(O1)C(=O)CO)C)O)C)C,HEL,3.2462945,1.0698589,3.40858,3.99567,3.5531082,4.2042556
ZK811752,CC1CN(CCN1C(=O)COC2=C(C=C(C=C2)Cl)NC(=O)N)CC3=CC=C(C=C3)F.Cl,HEL,2.3836408,1.6088033,2.5053904,3.3515797,1.3477769,3.1046526
cetrimonium,CCCCCCCCCCCCCCCC[N+](C)(C)C,HEL,0.65520334,-1.3096466,1.1356803,2.3039453,-0.23013556,1.3761731
aztreonam,CC1C(C(=O)N1S(=O)(=O)O)NC(=O)C(=NOC(C)(C)C(=O)O)C2=CSC(=N2)N,HEL,3.3173892,1.6652331,3.7747748,4.044896,3.167666,3.9343758
prazosin,COC1=C(C=C2C(=C1)C(=NC(=N2)N3CCN(CC3)C(=O)C4=CC=CO4)N)OC,HEL,1.2238734,0.7924633,1.1575783,2.449251,0.33647436,1.3836004
AEE788,CCN1CCN(CC1)CC2=CC=C(C=C2)C3=CC4=C(N3)N=CN=C4NC(C)C5=CC=CC=C5,HEL,2.8846402,2.564768,2.7224195,3.2853577,3.0611405,2.7895153
GDC-0349,CCNC(=O)NC1=CC=C(C=C1)C2=NC3=C(CCN(C3)C4COC4)C(=N2)N5CCOCC5C,HEL,4.037443,1.9294894,4.632534,4.7549415,4.3906736,4.4795775
dinaciclib,CCC1=C2N=C(C=C(N2N=C1)NCC3=C[N+](=CC=C3)[O-])N4CCCCC4CCO,HEL,-3.0311072,-4.0445585,-3.2616284,-0.67503035,-4.0337596,-3.140559
licochalcone-a,CC(C)(C=C)C1=C(C=C(C(=C1)C=CC(=O)C2=CC=C(C=C2)O)OC)O,HEL,2.5975044,1.218462,2.580186,3.5436502,2.5195684,3.125656
metatinib,C1=CC(=CC=C1C2=CNC=C(C2=O)C(=O)NC3=CC(=C(C=C3)OC4=C(C(=NC=C4)N)Cl)F)F,HEL,2.2407746,1.7422619,1.891146,2.595311,2.923715,2.0514395
MK-8245,C1CN(CCC1OC2=C(C=CC(=C2)F)Br)C3=NOC(=C3)C4=NN(N=N4)CC(=O)O,HEL,3.8862636,3.2044756,4.1319103,4.6415725,3.1896214,4.2637386
sodium-tanshinone-ii-a-sulfonate,CC1=C(OC2=C1C(=O)C(=O)C3=C2C=CC4=C3CCCC4(C)C)S(=O)(=O)O,HEL,2.205222,-1.2062705,3.1290042,3.718188,1.796897,3.5882914
taselisib,CC1=NN(C(=N1)C2=CN3CCOC4=C(C3=N2)C=CC(=C4)C5=CN(N=C5)C(C)(C)C(=O)N)C(C)C,HEL,2.8897614,2.5290644,2.7607126,3.236903,3.3335528,2.5885746
PRT062070,CCS(=O)(=O)N1CCN(CC1)C2=CC=C(C=C2)NC3=NC=C(C(=N3)NC4CC4)C(=O)N.Cl,HEL,3.9720044,1.6864064,4.5205297,5.008529,4.156481,4.488075
TG-101348,CC1=CN=C(N=C1NC2=CC(=CC=C2)S(=O)(=O)NC(C)(C)C)NC3=CC=C(C=C3)OCCN4CCCC4,HEL,3.5769062,2.5654821,3.8128443,4.370085,3.3197289,3.8163908
nintedanib,CN1CCN(CC1)CC(=O)N(C)C2=CC=C(C=C2)N=C(C3=CC=CC=C3)C4=C(NC5=C4C=CC(=C5)C(=O)OC)O,HEL,2.597638,1.4489498,2.69689,3.5532882,2.3663507,2.9227102
nefiracetam,CC1=C(C(=CC=C1)C)NC(=O)CN2CCCC2=O,HEL,1.8398628,1.1182866,0.65262103,2.6640422,2.9054184,1.8589462
INC-280,CNC(=O)C1=C(C=C(C=C1)C2=NN3C(=CN=C3N=C2)CC4=CC5=C(C=C4)N=CC=C5)F,HEL,0.5599822,0.08988592,-0.7104623,2.28743,1.8272454,-0.6941881
pranidipine,CC1=C(C(C(=C(N1)C)C(=O)OCC=CC2=CC=CC=C2)C3=CC(=CC=C3)[N+](=O)[O-])C(=O)OC,HEL,3.811206,2.6341717,3.910738,4.5610213,3.6132832,4.3368177
IOWH032,C1=CC=C(C=C1)OC2=CC=C(C=C2)CNC(=O)C3=NC(=NO3)C4=CC(=C(C(=C4)Br)O)Br,HEL,2.9323955,2.0397758,2.771654,3.7468796,2.962747,3.1409194
4-methylgenistein,COC1=CC=C(C=C1)C2=COC3=CC(=CC(=C3C2=O)O)O,HEL,3.0819058,1.9298625,3.3541944,3.7086022,2.9346924,3.4821775
palmatine-chloride,COC1=C(C2=C[N+]3=C(C=C2C=C1)C4=CC(=C(C=C4CC3)OC)OC)OC,HEL,-2.0708203,-1.6898477,-3.2567782,-0.99341094,-1.2890903,-3.124975
prednisolone-hemisuccinate,CC12CC(C3C(C1CCC2(C(=O)COC(=O)CCC(=O)O)O)CCC4=CC(=O)C=CC34C)O,HEL,3.4134457,2.0989497,3.3541944,3.8629076,3.9385514,3.8126266
nobiletin,COC1=C(C=C(C=C1)C2=CC(=O)C3=C(O2)C(=C(C(=C3OC)OC)OC)OC)OC,HEL,2.5126886,1.6662226,2.289705,2.9909103,2.9603076,2.656298
RG108,C1=CC=C2C(=C1)C(=O)N(C2=O)C(CC3=CNC4=CC=CC=C43)C(=O)O,HEL,-2.9338253,-2.2388458,-3.59351,-1.6614796,-3.7351751,-3.440117
BMS-265246,CCCCOC1=C(C=NC2=NNC=C12)C(=O)C3=C(C=C(C=C3F)C)F,HEL,2.100111,1.2803164,2.1667993,2.9421785,1.5865523,2.5247092
azalomycin-b,CCC1C(OC(CC1OC2CC(C(C(O2)C)O)O)(C(C)C(C(C)C3C(C=CC=CC(=O)OC(C(C=CC=CC(=O)O3)C)C(C)C(C(C)C4(CC(C(C(O4)C)CC)OC5CC(C(C(O5)C)O)O)O)O)C)O)O)C,HEL,-1.3254513,-2.588936,-1.7100422,1.5402516,-3.9269366,0.05840683
PAC-1,C=CCC1=C(C(=CC=C1)C=NNC(=O)CN2CCN(CC2)CC3=CC=CC=C3)O,HEL,1.9621918,-0.040688574,1.7950809,3.220751,2.402083,2.433733
evodiamine,CN1C2C3=C(CCN2C(=O)C4=CC=CC=C41)C5=CC=CC=C5N3,HEL,-2.1006694,-2.2714484,-3.2179768,0.21029967,-2.5823493,-2.6418726
PF-573228,CS(=O)(=O)C1=CC=CC(=C1)CNC2=NC(=NC=C2C(F)(F)F)NC3=CC4=C(C=C3)NC(=O)CC4,HEL,2.455198,1.541358,2.4871235,2.8674562,2.9066381,2.4734142
SB-366791,COC1=CC=CC(=C1)NC(=O)C=CC2=CC=C(C=C2)Cl,HEL,3.8780613,2.471701,4.0179553,4.578922,4.0036044,4.3181233
azodicarbonamide,C(=O)(N)N=NC(=O)N,HEL,2.5273585,1.783386,2.6376262,3.6974177,1.8234518,2.6949122
se-methylselenocysteine,C[Se]CC(C(=O)O)N,HEL,-1.0900215,-2.7016385,-1.7015809,1.2841212,-1.6170801,-0.7139293
adaprev,C(C1C(C(C(C(O1)O)O)O)O)OP(=O)(O)O,HEL,2.9733825,1.4133921,2.848241,3.631908,3.2888284,3.6845431
benzyldimethylhexadecylammonium,CCCCCCCCCCCCCCCC[N+](C)(C)CC1=CC=CC=C1,HEL,0.33753937,-1.7757668,0.964797,2.5493596,-1.6307465,1.5800537
AEG3482,C1=CC=C(C=C1)C2=CN3C(=N2)SC(=N3)S(=O)(=O)N,HEL,4.812949,1.9802182,5.593052,5.6887417,5.3085437,5.49419
ryuvidine,CC1=CC=C(C=C1)NC2=CC(=O)C3=C(C2=O)N=C(S3)C,HEL,2.3164754,0.81776065,2.6895962,3.7149932,1.5154867,2.8445394
YO-01027,CC(C(=O)NC1C2=CC=CC=C2C3=CC=CC=C3N(C1=O)C)NC(=O)CC4=CC(=CC(=C4)F)F,HEL,-0.8107439,-0.9226518,-1.9536173,2.1638331,-2.684486,-0.6567979
TC1,C1C2C3C4C1C5C2C6C3C4C5(N6CCC7=CC(=CC=C7)F)O,HEL,2.668491,-0.5418157,2.5765388,2.8772023,5.1236186,3.306912
salidroside,C1=CC(=CC=C1CCOC2C(C(C(C(O2)CO)O)O)O)O,HEL,0.92574424,0.33629015,0.29572767,2.8772023,-1.2387408,2.3582423
chlorindanol,C1CC2=C(C=CC(=C2C1)Cl)O,HEL,3.943309,2.3712122,4.4271936,4.662457,3.6962266,4.559455
aminopurvalanol-a,CC(C)C(CO)NC1=NC(=C2C(=N1)N(C=N2)C(C)C)NC3=CC(=CC(=C3)N)Cl,HEL,1.1111596,0.3754236,0.8922912,1.8942244,1.2614636,1.1323954
nanchangmycin,CC1CC(C(OC1C2CC(C3(O2)C(C(CC(O3)C4(CCC5(O4)CC(C(C(O5)C(C)C=C(C)C(=O)C(C)CC(C)C(=O)[O-])C)O)C)OC6CCC(C(O6)C)OC)C)C)(CO)O)C.[Na+],HEL,-1.1458876,-2.719528,-1.364797,1.7754738,-3.8875809,0.46699423
cyproheptadine,CN1CCC(=C2C3=CC=CC=C3C=CC4=CC=CC=C42)CC1,HEL,1.0013087,-0.5797068,-1.7041192,2.9048173,2.418314,1.9672381
repaglinide,CCOC1=C(C=CC(=C1)CC(=O)NC(CC(C)C)C2=CC=CC=C2N3CCCCC3)C(=O)O,HEL,3.5796561,3.6539469,2.91024,3.7309432,4.119075,3.4840763
osimertinib,CN1C=C(C2=CC=CC=C21)C3=NC(=NC=C3)NC4=C(C=C(C(=C4)NC(=O)C=C)N(C)CCN(C)C)OC,HEL,2.6262753,1.855371,2.623038,3.3112004,2.8712564,2.4705107
abemaciclib,CCN1CCN(CC1)CC2=CN=C(C=C2)NC3=NC=C(C(=N3)C4=CC5=C(C(=C4)F)N=C(N5C(C)C)C)F,HEL,2.5245566,1.5148263,2.7625363,3.364501,2.4426608,2.538259
baricitinib,CCS(=O)(=O)N1CC(C1)(CC#N)N2C=C(C=N2)C3=C4C=CNC4=NC=N3,HEL,4.391431,2.2735891,5.1959476,5.3695188,4.2459292,4.8721666
SDZ-WAG-994,COC1C(C(OC1N2C=NC3=C(N=CN=C32)NC4CCCCC4)CO)O,HEL,5.412618,4.6713386,5.705056,5.873711,5.295002,5.5179834
plinabulin,CC(C)(C)C1=C(N=CN1)C=C2C(=O)NC(=CC3=CC=CC=C3)C(=O)N2,HEL,2.767348,-0.7686618,3.2871196,4.2209153,3.248983,3.8483846
BI-2536,CCC1C(=O)N(C2=CN=C(N=C2N1C3CCCC3)NC4=C(C=C(C=C4)C(=O)NC5CCN(CC5)C)OC)C,HEL,2.6162019,1.7135613,2.6066267,3.2530544,2.9908013,2.5169666
bruceantin,CC1=C(C(=O)CC2(C1CC3C45C2C(C(C(C4C(C(=O)O3)OC(=O)C=C(C)C(C)C)(OC5)C(=O)OC)O)O)C)O,HEL,-2.6616755,-3.2544181,-2.7760124,-0.7729698,-4.089982,-2.414994
CI-844,C1=CC=C(C=C1)OC2=CN=CC=C2,HEL,5.1342397,3.16686,5.9528227,5.972163,4.9118114,5.6675415
almorexant,CNC(=O)C(C1=CC=CC=C1)N2CCC3=CC(=C(C=C3C2CCC4=CC=C(C=C4)C(F)(F)F)OC)OC,HEL,3.4127498,2.7328923,3.5227892,4.09263,3.0497565,3.6656826
CUDC-907,CN(CC1=CC2=C(S1)C(=NC(=N2)C3=CN=C(C=C3)OC)N4CCOCC4)C5=NC=C(C=N5)C(=O)NO,HEL,1.9332724,0.3077724,2.5236442,3.0282714,1.3477769,2.4588969
PD-0325901,C1=CC(=C(C=C1I)F)NC2=C(C=CC(=C2F)F)C(=O)NOCC(CO)O,HEL,2.1535792,1.4842541,1.909593,2.7813628,2.2083116,2.384374
tivozanib,CC1=CC(=NO1)NC(=O)NC2=C(C=C(C=C2)OC3=C4C=C(C(=CC4=NC=C3)OC)OC)Cl,HEL,2.9669862,-0.3366347,3.745769,4.2686496,3.1985664,3.9585812
CP-673451,COCCOC1=CC2=C(C=C1)N(C=N2)C3=NC4=C(C=CC=C4N5CCC(CC5)N)C=C3,HEL,1.8188827,1.3287168,2.1953697,2.834968,0.5745548,2.1608045
PD-318088,C1=CC(=C(C=C1I)F)NC2=C(C(=C(C=C2C(=O)NOCC(CO)O)Br)F)F,HEL,-1.6408222,-1.9568815,-2.7549255,0.40632915,-1.6170801,-2.2815526
epiandrosterone,CC12CCC(CC1CCC3C2CCC4(C3CCC4=O)C)O,HEL,2.2163234,-2.5782025,3.3904517,3.9926867,2.4113579,3.8653224
sclareol,CC1(CCCC2(C1CCC(C2CCC(C)(C=C)O)(C)O)C)C,HEL,1.2194878,0.87194616,2.5117803,3.0477645,-3.4138327,3.0797808
S26948,COC(=O)C(CC1=CC=C(C=C1)OCCN2C3=C(C=C(C=C3)C(=O)C4=CC=CC=C4)SC2=O)C(=O)OC,HEL,1.8508036,0.5693531,1.8342531,3.3192763,0.8903171,2.6408184
cephalomannine,CC=C(C)C(=O)NC(C1=CC=CC=C1)C(C(=O)OC2CC3(C(C4C(C(CC5C4(CO5)OC(=O)C)O)(C(=O)C(C(=C2C)C3(C)C)OC(=O)C)C)OC(=O)C6=CC=CC=C6)O)O,HEL,-3.4054923,-3.728998,-3.6847467,-2.4679673,-4.261461,-2.8842897
tioxolone,C1=CC2=C(C=C1O)OC(=O)S2,HEL,0.35869774,-0.21919066,-0.9448991,2.475509,-1.2099699,1.6920394
I-BET151,CC1=C(C(=NO1)C)C2=C(C=C3C(=C2)N=CC4=C3N(C(=O)N4)C(C)C5=CC=CC=N5)OC,HEL,2.4551136,-0.28321785,2.744301,3.622283,3.171732,3.02047
melengestrol-acetate,CC1=CC2C(CCC3(C2CC(=C)C3(C(=O)C)OC(=O)C)C)C4(C1=CC(=O)CC4)C,HEL,1.2245018,-0.114022374,2.136377,3.021774,-1.7005161,2.7788966
dioscin,CC1CCC2(C(C3C(O2)CC4C3(CCC5C4CC=C6C5(CCC(C6)OC7C(C(C(C(O7)CO)OC8C(C(C(C(O8)C)O)O)O)O)OC9C(C(C(C(O9)C)O)O)O)C)C)C)OC1,HEL,-2.013554,-2.4762332,-2.7889893,0.5822482,-3.9016366,-1.4831597
spermine,C(CCNCCCN)CNCCCN,HEL,2.1454453,2.4882095,1.4706001,1.8096634,3.3010259,1.6577276
GW-843682X,COC1=C(C=C2C(=C1)N=CN2C3=CC(=C(S3)C(=O)N)OCC4=CC=CC=C4C(F)(F)F)OC,HEL,-0.5410495,0.45088255,-1.9098208,1.5480692,-1.5854319,-1.2089466
LY2608204,C1CCC(CC1)C2CC2(C3=CC=C(C=C3)S(=O)(=O)C4CC4)C(=O)NC5=NC=C(S5)SCCN6CCCC6,HEL,2.6523087,0.35663435,3.1964447,3.7468796,2.6928325,3.2687526
ER-27319,CC1=C(C2=C(C=C1)C(=O)C3=CC=CC=C3N2CCCN)C.C(=O)(C(=O)O)O,HEL,0.8316487,-0.33374727,0.22823307,2.7732198,-0.4343089,1.924847
GW-3965,C1=CC=C(C=C1)C(CN(CCCOC2=CC=CC(=C2)CC(=O)O)CC3=C(C(=CC=C3)C(F)(F)F)Cl)C4=CC=CC=C4,HEL,2.0486512,2.0338807,2.0100784,2.6526358,1.1003458,2.446315
LY2109761,C1CC2=C(C(=NN2C1)C3=CC=CC=N3)C4=C5C=CC(=CC5=NC=C4)OCCN6CCOCC6,HEL,4.468401,3.9092,4.3779793,4.5341706,5.221225,4.299429
WAY-170523,CC1=CC(=C(C(=C1)C(=O)NO)N(CC2=CC=CC=C2)S(=O)(=O)C3=CC=C(C=C3)OCCNC(=O)C4=CC5=CC=CC=C5O4)C,HEL,3.306191,2.504001,3.268991,4.059813,3.087162,3.6109865
ICG-001,C1CN(C2CN(C(=O)C(N2C1=O)CC3=CC=C(C=C3)O)CC4=CC=CC5=CC=CC=C54)C(=O)NCC6=CC=CC=C6,HEL,0.6614853,-2.2676127,0.67748743,2.3658772,1.0543121,1.4773628
AMG458,CC1=C(C(=O)N(N1CC(C)(C)O)C2=CC=CC=C2)C(=O)NC3=NC=C(C=C3)OC4=C5C=CC(=CC5=NC=C4)OC,HEL,3.2804973,2.4659586,3.4992225,3.8373759,3.3197289,3.2802002
rheochrysidin,CC1=CC2=C(C(=C1)O)C(=O)C3=C(C2=O)C=C(C=C3O)OC,HEL,0.6704855,-0.10583007,-0.2346616,2.3402786,0.43357658,0.9190639
broxaldine,CC1=NC2=C(C=C1)C(=CC(=C2OC(=O)C3=CC=CC=C3)Br)Br,HEL,1.0369813,-0.15785462,1.2107134,2.7031507,-0.8751466,2.3040435
phlorizin,C1=CC(=CC=C1CCC(=O)C2=C(C=C(C=C2OC3C(C(C(C(O3)CO)O)O)O)O)O)O,HEL,-0.84713066,-1.3733561,-1.8579143,2.0523648,-3.2253819,0.16863406
parthenolide-(-),C/C/1=C\CC[C@@]2([C@@H](O2)[C@@H]3[C@@H](CC1)C(=C)C(=O)O3)C,HEL,3.7635314,2.3927457,4.5052567,4.3074336,3.001779,4.6104403
uracil,C1=CNC(=O)NC1=O,HEL,3.2486374,-0.09390718,3.8799195,4.519254,3.8084435,4.1294765
lurasidone,C1CCC(C(C1)CN2CCN(CC2)C3=NSC4=CC=CC=C43)CN5C(=O)C6C7CCC(C7)C6C5=O,HEL,2.356339,0.42683125,2.7242424,3.3047397,2.7943964,2.5314841
difluprednate,CCCC(=O)OC1(CCC2C1(CC(C3(C2CC(C4=CC(=O)C=CC43C)F)F)O)C)C(=O)COC(=O)C,HEL,2.5245833,-0.15121919,3.0998409,3.6030288,2.6651406,3.4061258
methyldopa,CC(CC1=CC(=C(C=C1)O)O)(C(=O)O)N,HEL,0.49934226,-0.44485062,-1.4866235,2.3708317,0.72128713,1.3360666
maxacalcitol,CC(C1CCC2C1(CCCC2=CC=C3CC(CC(C3=C)O)O)C)OCCC(C)(C)O,HEL,2.6176386,1.8789868,2.7333603,3.2579002,1.8881385,3.3298075
nizofenone,CCN(CC)CC1=NC=CN1C2=C(C=C(C=C2)[N+](=O)[O-])C(=O)C3=CC=CC=C3Cl,HEL,1.3055501,-1.1639223,1.3606021,3.0233984,1.2513938,2.0562787
halobetasol-propionate,CCC(=O)OC1(C(CC2C1(CC(C3(C2CC(C4=CC(=O)C=CC43C)F)F)O)C)C)C(=O)CCl,HEL,2.5632675,-0.108809054,3.1709266,3.6654618,2.604682,3.4840763
azilsartan,CCOC1=NC2=CC=CC(=C2N1CC3=CC=C(C=C3)C4=CC=CC=C4C5=NOC(=O)N5)C(=O)O,HEL,2.0532737,0.47785956,2.7771242,3.5564973,0.63641256,2.8184752
amfenac,C1=CC=C(C=C1)C(=O)C2=CC=CC(=C2N)CC(=O)O,HEL,2.45937,2.1540601,2.5519216,3.3257368,1.2370083,3.028123
penfluridol,C1CN(CCC1(C2=CC(=C(C=C2)Cl)C(F)(F)F)O)CCCC(C3=CC=C(C=C3)F)C4=CC=C(C=C4)F,HEL,3.413987,2.893105,3.3795745,3.933019,3.1514025,3.712834
valnemulin,CC1CCC23CCC(=O)C2C1(C(CC(C(C3C)O)(C)C=C)OC(=O)CSC(C)(C)CNC(=O)C(C(C)C)N)C,HEL,2.5450022,1.4289262,2.3610134,3.2498245,2.7356315,2.9496145
clopamide,CC1CCCC(N1NC(=O)C2=CC(=C(C=C2)Cl)S(=O)(=O)N)C,HEL,3.5802243,2.9105196,3.4539013,4.262683,3.3042784,3.9697387
pomalidomide,C1CC(=O)NC(=O)C1N2C(=O)C3=C(C2=O)C(=CC=C3)N,HEL,1.9177068,0.69075525,1.8519738,3.1238413,1.4930706,2.4288938
canrenone,CC12CCC(=O)C=C1C=CC3C2CCC4(C3CCC45CCC(=O)O5)C,HEL,2.5775173,-2.7803514,3.943369,4.2000318,3.2319064,4.2926307
metaraminol,CC(C(C1=CC(=CC=C1)O)O)N,HEL,2.613155,0.19738503,2.1354551,3.4404137,4.1516013,3.1409194
mesna,C(CS(=O)(=O)[O-])S.[Na+],HEL,3.0073402,2.200353,2.87377,3.3370433,3.4693522,3.1561832
lorazepam,C1=CC=C(C(=C1)C2=NC(C(=O)NC3=C2C=C(C=C3)Cl)O)Cl,HEL,3.6534913,2.116585,4.1862154,4.6117387,3.1367655,4.216152
gemcitabine,C1=CN(C(=O)N=C1N)C2C(C(C(O2)CO)O)(F)F,HEL,-1.9318361,-4.203391,-2.5164795,2.6281216,-3.7182221,-1.8492094
carfilzomib,CC(C)CC(C(=O)C1(CO1)C)NC(=O)C(CC2=CC=CC=C2)NC(=O)C(CC(C)C)NC(=O)C(CCC3=CC=CC=C3)NC(=O)CN4CCOCC4,HEL,-2.0843246,-1.7569139,-2.8571165,-0.71412086,-2.8916378,-2.2018342
pazopanib,CC1=C(C=C(C=C1)NC2=NC=CC(=N2)N(C)C3=CC4=NN(C(=C4C=C3)C)C)S(=O)(=O)N,HEL,1.4548594,-0.24400687,1.7277366,2.6493764,1.2772877,1.8639029
acetazolamide,CC(=O)NC1=NN=C(S1)S(=O)(=O)N,HEL,3.9230943,2.8192677,3.8926094,4.3462176,4.35652,4.2008567
lenvatinib,COC1=CC2=NC=CC(=C2C=C1C(=O)N)OC3=CC(=C(C=C3)NC(=O)NC4CC4)Cl,HEL,2.8095448,2.1114414,2.9722393,3.6782439,2.190712,3.0950866
drospirenone,CC12CCC(=O)C=C1C3CC3C4C2CCC5(C4C6CC6C57CCC(=O)O7)C,HEL,3.6425197,-3.1202483,5.3147397,5.2800174,4.666063,6.0720267
dequalinium,CC1=[N+](C2=CC=CC=C2C(=C1)N)CCCCCCCCCC[N+]3=C(C=C(C4=CC=CC=C43)N)C,HEL,-3.8098187,-3.377838,-4.5453424,-2.4933789,-4.261461,-4.371073
atipamezole,CCC1(CC2=CC=CC=C2C1)C3=CN=CN3,HEL,2.2855473,1.5750253,2.7078311,3.3418887,1.2744106,2.5285807
eplerenone,CC12CCC(=O)C=C1CC(C3C24C(O4)CC5(C3CCC56CCC(=O)O6)C)C(=O)OC,HEL,3.2886734,-2.302133,4.39495,4.602789,4.678451,5.06931
alfacalcidol,CC(C)CCCC(C)C1CCC2C1(CCCC2=CC=C3CC(CC(C3=C)O)O)C,HEL,1.1434749,0.8868001,1.8724924,2.5395129,-2.0587158,2.4772856
zolmitriptan,CN(C)CCC1=CNC2=C1C=C(C=C2)CC3COC(=O)N3,HEL,1.4798094,-2.0090988,2.0119224,3.6718528,0.94354355,2.7808273
tetrandrine,CN1CCC2=CC(=C3C=C2C1CC4=CC=C(C=C4)OC5=C(C=CC(=C5)CC6C7=C(O3)C(=C(C=C7CCN6C)OC)OC)OC)OC,HEL,-1.4907691,-1.1959696,-2.3980677,-0.6045761,-1.0308698,-2.224363
fudosteine,C(CO)CSCC(C(=O)O)N,HEL,1.1907991,-0.07720709,1.926187,2.5493596,-0.8722695,2.427926
uridine,C1=CN(C(=O)NC1=O)C2C(C(C(O2)CO)O)O,HEL,-2.1028686,-3.129193,-2.9381626,1.3786935,-3.805812,-2.0198686
tamoxifen,CCC(=C(C1=CC=CC=C1)C2=CC=C(C=C2)OCCN(C)C)C3=CC=CC=C3,HEL,3.8038514,2.7468238,3.8200955,4.513287,3.6889076,4.2501426
darifenacin,C1CN(CC1C(C2=CC=CC=C2)(C3=CC=CC=C3)C(=O)N)CCC4=CC5=C(C=C4)OCC5,HEL,3.2127357,3.363295,2.4597218,3.814658,3.5718112,2.854193
trifluridine,C1C(C(OC1N2C=C(C(=O)NC2=O)C(F)(F)F)CO)O,HEL,4.5216694,3.3479702,5.1212783,5.2113996,3.7938066,5.133892
mevastatin,CCC(C)C(=O)OC1CCC=C2C1C(C(C=C2)C)CCC3CC(CC(=O)O3)O,HEL,3.3852277,1.6011758,3.8454754,3.8479028,3.5157027,4.115881
sparfloxacin,CC1CN(CC(N1)C)C2=C(C(=C3C(=C2F)N(C=C(C3=O)C(=O)O)C4CC4)N)F,HEL,-4.1506734,-3.0791028,-5.171359,-3.5341733,-4.2192936,-4.749437
polydatin,C1=CC(=CC=C1/C=C/C2=CC(=CC(=C2)O[C@H]3[C@@H]([C@H]([C@@H]([C@H](O3)CO)O)O)O)O)O,HEL,3.7469661,3.0038612,4.169245,4.194065,3.054635,4.313025
thiamine,CC1=C(SC=[N+]1CC2=CN=C(N=C2N)C)CCO,HEL,-3.7296174,-2.1121824,-4.7666616,-2.7290733,-4.267083,-4.7730846
amoxicillin,CC1(C(N2C(S1)C(C2=O)NC(=O)C(C3=CC=C(C=C3)O)N)C(=O)O)C,HEL,-1.1824859,-2.3652575,-1.7938422,2.1379516,-4.1799383,0.28865635
dihydroergocristine,CC(C)C1(C(=O)N2C(C(=O)N3CCCC3C2(O1)O)CC4=CC=CC=C4)NC(=O)C5CC6C(CC7=CNC8=CC=CC6=C78)N(C5)C,HEL,-4.0054107,-7.168269,-3.7356586,-2.1454382,-3.6899467,-3.2877405
gestrinone,CCC12C=CC3=C4CCC(=O)C=C4CCC3C1CCC2(C#C)O,HEL,4.5902314,1.2985551,5.416561,5.2113996,5.2789207,5.745719
inosine,C1=NC2=C(C(=O)N1)N=CN2C3C(C(C(O3)CO)O)O,HEL,-1.4993188,-1.4393013,-2.287766,1.5619596,-4.0421925,-1.2892939
equol,C1C(COC2=C1C=CC(=C2)O)C3=CC=C(C=C3)O,HEL,4.5331454,3.2198002,4.876906,5.23825,3.9385514,5.3922195
cidofovir,C1=CN(C(=O)N=C1N)CC(CO)OCP(=O)(O)O,HEL,-0.5803991,-2.0110812,-2.192063,2.9259346,0.32568517,-1.950471
nilotinib,CC1=C(C=C(C=C1)C(=O)NC2=CC(=CC(=C2)C(F)(F)F)N3C=C(N=C3)C)NC4=NC=CC(=N4)C5=CN=CC=C5,HEL,3.0507104,1.1512256,3.6714425,4.0956135,2.7961822,3.539088
meloxicam,CC1=CN=C(S1)NC(=O)C2=C(C3=CC=CC=C3S(=O)(=O)N2C)O,HEL,-0.06191976,-2.321311,-1.1214187,2.9470518,-1.4538044,1.6398835
doxifluridine,CC1C(C(C(O1)N2C=C(C(=O)NC2=O)F)O)O,HEL,5.459386,4.0360117,6.3125925,6.160116,4.5972185,6.190993
ebastine,CC(C)(C)C1=CC=C(C=C1)C(=O)CCCN2CCC(CC2)OC(C3=CC=CC=C3)C4=CC=CC=C4,HEL,4.0044813,2.3346057,4.361009,5.080131,3.5189552,4.7277074
triclabendazole,CSC1=NC2=CC(=C(C=C2N1)Cl)OC3=C(C(=CC=C3)Cl)Cl,HEL,1.8344357,0.119430095,2.4259222,3.3289673,0.5141356,2.783723
flumethasone,CC1CC2C3CC(C4=CC(=O)C=CC4(C3(C(CC2(C1(C(=O)CO)O)C)O)F)C)F,HEL,2.4660592,0.99645567,2.3354156,3.2724366,2.783084,2.9429033
dirithromycin,CCC1C(C2C(C(C(CC(C(C(C(C(C(=O)O1)C)OC3CC(C(C(O3)C)O)(C)OC)C)OC4C(C(CC(O4)C)N(C)C)O)(C)O)C)NC(O2)COCCOC)C)(C)O,HEL,-1.9448553,-3.991614,-2.0201225,1.3887638,-4.0421925,-1.0591115
nonoxynol-9,CCCCCCCCCC1=CC=C(C=C1)OCCOCCOCCOCCOCCOCCOCCOCCOCCO,HEL,4.4752045,1.8371906,5.1416426,5.500788,4.7421126,5.1542864
trametinib,CC1=C2C(=C(N(C1=O)C)NC3=C(C=C(C=C3)I)F)C(=O)N(C(=O)N2C4=CC=CC(=C4)NC(=O)C)C5CC5,HEL,0.6084963,-0.50356245,0.2656198,1.9631925,0.49903077,0.8182007
tipiracil,C1CC(=N)N(C1)CC2=C(C(=O)NC(=O)N2)Cl,HEL,1.8206034,1.6541519,1.4190447,3.0721304,0.36524537,2.5924444
domperidone,C1CN(CCC1N2C3=C(C=C(C=C3)Cl)NC2=O)CCCN4C5=CC=CC=C5NC4=O,HEL,2.8160548,1.1443117,2.8063004,3.7834327,2.9058251,3.4404047
idoxuridine,C1C(C(OC1N2C=C(C(=O)NC2=O)I)CO)O,HEL,5.363509,4.344164,5.878153,5.8826613,4.643941,6.0686274
indoprofen,CC(C1=CC=C(C=C1)N2CC3=CC=CC=C3C2=O)C(=O)O,HEL,3.481039,2.493952,3.5681105,4.1105304,3.3392448,3.893358
podophyllotoxin,COC1=CC(=CC(=C1OC)OC)C2C3C(COC3=O)C(C4=CC5=C(C=C24)OCO5)O,HEL,1.7568138,0.5684761,1.1422459,3.2498245,1.3046203,2.5189023
curcumin,COC1=C(C=CC(=C1)C=CC(=O)CC(=O)C=CC2=CC(=C(C=C2)O)OC)O,HEL,3.5236614,3.1445696,3.0378687,3.8823013,4.0410104,3.5125577
oridonin,CC1(CCC(C23C1C(C(C45C2CCC(C4O)C(=C)C5=O)(OC3)O)O)O)C,HEL,3.4184604,1.7937438,2.8081238,3.3208916,5.163126,4.006417
ziprasidone,C1CN(CCN1CCC2=C(C=C3C(=C2)CC(=O)N3)Cl)C4=NSC5=CC=CC=C54,HEL,3.0876508,2.1235657,3.3886387,3.822296,2.5041075,3.5996459
cholecalciferol,CC(C)CCCC(C)C1CCC2C1(CCCC2=CC=C3CC(CCC3=C)O)C,HEL,0.33781084,0.5976002,0.3052122,2.071757,-3.1261215,1.8406062
benzydamine,CN(C)CCCOC1=NN(C2=CC=CC=C21)CC3=CC=CC=C3,HEL,1.9274709,0.7745571,2.5546567,3.792933,-0.6886742,3.2038825
halcinonide,CC1(OC2CC3C4CCC5=CC(=O)CCC5(C4(C(CC3(C2(O1)C(=O)CCl)C)O)F)C)C,HEL,2.1589723,-0.6891405,2.4094665,3.4743323,2.0705771,3.529626
fleroxacin,CN1CCN(CC1)C2=C(C=C3C(=C2F)N(C=C(C3=O)C(=O)O)CCF)F,HEL,-3.8353584,-2.3671317,-4.7508526,-3.4347308,-4.2698946,-4.3541813
teriflunomide,CC(=C(C#N)C(=O)NC1=CC=C(C=C1)C(F)(F)F)O,HEL,3.3326366,0.8249352,3.7058864,4.1343975,4.0263734,3.9715896
icotinib,C#CC1=CC(=CC=C1)NC2=NC=NC3=CC4=C(C=C32)OCCOCCOCCO4,HEL,2.6305149,1.3551679,2.4122093,3.1335323,3.824707,2.4269583
ingenol-mebutate,CC=C(C)C(=O)OC1C(=CC23C1(C(C(=CC(C2=O)C4C(C4(C)C)CC3C)CO)O)O)C,HEL,-3.3192039,-2.8572757,-4.286083,-2.6602285,-3.6587992,-3.133633
triapine,C1=CC(=C(N=C1)C=NNC(=S)N)N,HEL,1.962692,0.36151275,1.6651785,3.370962,2.3750143,2.0407932
deferasirox,C1=CC=C(C(=C1)C2=NN(C(=N2)C3=CC=CC=C3O)C4=CC=C(C=C4)C(=O)O)O,HEL,3.2000713,2.3030238,3.087082,3.8569105,3.201006,3.552335
danazol,CC12CCC3C(C1CCC2(C#C)O)CCC4=CC5=C(CC34C)C=NO5,HEL,4.215844,4.0968814,3.7131379,4.1612477,4.942787,4.165167
ciclopirox,CC1=CC(=O)N(C(=C1)C2CCCCC2)O,HEL,5.036872,3.7849247,5.3045573,5.7215586,4.77036,5.6029596
eltrombopag,CC1=C(C=C(C=C1)N2C(=O)C(=C(N2)C)N=NC3=CC=CC(=C3O)C4=CC(=CC=C4)C(=O)O)C,HEL,2.4541302,1.8928564,2.7278895,3.4258773,1.2859191,2.938108
triamcinolone,CC12CC(C3(C(C1CC(C2(C(=O)CO)O)O)CCC4=CC(=O)C=CC43C)F)O,HEL,3.658907,1.962687,3.7058864,4.197048,4.265445,4.1634674
oxibendazole,CCCOC1=CC2=C(C=C1)N=C(N2)NC(=O)OC,HEL,3.2216442,1.5737154,3.6369984,4.247766,2.9444509,3.7052896
dofetilide,CN(CCC1=CC=C(C=C1)NS(=O)(=O)C)CCOC2=CC=C(C=C2)NS(=O)(=O)C,HEL,1.8178488,0.6751709,2.1022673,2.9438028,1.1104157,2.2575877
ribavirin,C1=NC(=NN1C2C(C(C(O2)CO)O)O)C(=O)N,HEL,1.7782999,-1.1810904,2.143752,3.2336729,1.3348298,3.3603349
temazepam,CN1C2=C(C=C(C=C2)Cl)C(=NC(C1=O)O)C3=CC=CC=C3,HEL,2.0405169,-0.86328954,2.9813569,3.5033746,1.1046615,3.4764812
tanespimycin,CC1CC(C(C(C=C(C(C(C=CC=C(C(=O)NC2=CC(=O)C(=C(C1)C2=O)NCC=C)C)OC)OC(=O)N)C)C)O)OC,HEL,0.96220934,-0.47001284,0.5661994,2.3534906,0.7133751,1.6479944
enocitabine,CCCCCCCCCCCCCCCCCCCCCC(=O)NC1=NC(=O)N(C=C1)C2C(C(C(O2)CO)O)O,HEL,2.0552442,0.68945915,2.289705,3.2110603,1.2945504,2.791446
nithiamide,CC(=O)NC1=NC=C(S1)[N+](=O)[O-],HEL,2.8893607,2.0169315,2.233024,3.280512,4.0312524,2.8850834
CPP,C1CN(C[C@@H](N1)C(=O)O)CCCP(=O)(O)O,HEL,3.4459445,2.6595798,3.7058864,3.9628532,3.0099106,3.8914924
colfosceril-palmitate,CCCCCCCCCCCCCCCC(=O)OCC(COP(=O)(O)OCC[N+](C)(C)C)OC(=O)CCCCCCCCCCCCCCC,HEL,2.0877724,0.21147092,2.1253142,3.0753791,2.6065145,2.4201834
CGP-37849,CC(=CC(C(=O)O)N)CP(=O)(O)O,HEL,0.43386906,0.23314664,0.56862676,2.1855402,-2.5348768,1.7169086
costunolide,CC1=CCCC(=CC2C(CC1)C(=C)C(=O)O2)C,HEL,3.1631398,-0.24692643,4.3219776,4.552071,2.3232079,4.8653684
SRT1720,C1CN(CCN1)CC2=CSC3=NC(=CN23)C4=CC=CC=C4NC(=O)C5=NC6=CC=CC=C6N=C5.Cl,HEL,1.4110892,0.49599087,0.6958798,2.1488051,2.0554276,1.6593424
epothilone-a,CC1CCCC2C(O2)CC(OC(=O)CC(C(C(=O)C(C1O)C)(C)C)O)C(=CC3=CSC(=N3)C)C,HEL,0.58705384,-0.26589346,0.8471595,2.054051,-1.5609766,1.8609289
PIK-75,CC1=C(C=C(C=C1)[N+](=O)[O-])S(=O)(=O)N(C)N=CC2=CN=C3N2C=C(C=C3)Br,HEL,2.0611758,0.80313945,2.008235,2.791109,2.5658193,2.1375763
VU0238429,COC1=CC=C(C=C1)CN2C3=C(C=C(C=C3)OC(F)(F)F)C(=O)C2=O,HEL,4.0528517,3.2406971,4.2710667,4.5341706,3.771038,4.4472866
VU0361737,COC1=C(C=CC(=C1)NC(=O)C2=CC=CC=N2)Cl,HEL,3.6380806,2.1040933,3.7149506,4.2925167,4.000352,4.078491
skepinone-l,C1CC2=C(C=CC(=C2)NC3=C(C=C(C=C3)F)F)C(=O)C4=C1C=CC(=C4)OCC(CO)O,HEL,4.3501177,3.3354318,4.466225,4.7310743,4.5972185,4.620638
BAN-ORL-24,C1CC(N(C1)CC2=CC=CC=C2)C(=O)NCCCN3CCC4(CC3)C5=CC=CC=C5CO4,HEL,3.8208854,3.0456557,3.8799195,4.1493144,4.215029,3.8145087
CNX-774,CNC(=O)C1=NC=CC(=C1)OC2=CC=C(C=C2)NC3=NC=C(C(=N3)NC4=CC(=CC=C4)NC(=O)C=C)F,HEL,2.499345,1.9514968,2.6193912,3.3047397,2.130262,2.4908352
maytansinol-isobutyrate,CC1C2CC(C(C=CC=C(CC3=CC(=C(C(=C3)OC)Cl)N(C(=O)CC(C4(C1O4)C)OC(=O)C(C)C)C)C)OC)(NC(=O)O2)O,HEL,-2.461291,-2.321311,-2.7906115,-0.9228672,-4.2136717,-2.0579946
"hydroxytacrine-maleate-(r,s)",C1CC(C2=C(C3=CC=CC=C3N=C2C1)N)O,HEL,1.562809,-1.5383244,2.161268,3.4565654,1.012594,2.7219417
LY303511,C1CN(CCN1)C2=CC(=O)C3=C(O2)C(=CC=C3)C4=CC=CC=C4,HEL,2.937758,2.2296164,2.899299,3.7723076,2.5283525,3.259213
dihydromyricetin,C1=C(C=C(C(=C1O)O)O)C2C(C(=O)C3=C(C=C(C=C3O2)O)O)O,HEL,0.76649284,-1.2649379,-0.5733334,2.4984846,1.7539035,1.4183475
JIB04,C1=CC=C(C=C1)C(=NNC2=NC=C(C=C2)Cl)C3=CC=CC=N3,HEL,4.1521387,3.0860572,4.3338566,4.9339447,3.7929935,4.6138396
GS-39783,CSC1=NC(=C(C(=N1)NC2CCCC2)[N+](=O)[O-])NC3CCCC3,HEL,3.7116132,2.904947,3.4140186,4.0985966,4.548428,3.592076
KPT-276,C1C(CN1C(=O)C=CN2C=NC(=N2)C3=CC(=CC(=C3)C(F)(F)F)C(F)(F)F)(F)F,HEL,3.08637,1.520951,3.6841323,3.980753,2.593533,3.65248
G-1,CC(=O)C1=CC2=C(C=C1)NC(C3C2C=CC3)C4=CC5=C(C=C4Br)OCO5,HEL,0.03942734,-1.1730788,-1.2988083,2.5313072,-0.25746816,0.39518476
LY456236,COC1=CC=C(C=C1)NC2=NC=NC3=C2C=C(C=C3)OC.Cl,HEL,2.9628987,2.375519,3.156345,3.7357264,2.4786015,3.0683012
GW-405833,CC1=C(C2=C(N1C(=O)C3=C(C(=CC=C3)Cl)Cl)C=CC(=C2)OC)CCN4CCOCC4,HEL,3.3786323,2.5910742,3.8074062,4.2686496,2.4322267,3.7938066
CGS-15943,C1=COC(=C1)C2=NN3C(=N2)C4=C(C=CC(=C4)Cl)N=C3N,HEL,4.01165,3.4552433,3.9198024,4.262683,4.3386307,4.08189
WZ-4002,CN1CCN(CC1)C2=CC(=C(C=C2)NC3=NC=C(C(=N3)OC4=CC=CC(=C4)NC(=O)C=C)Cl)OC,HEL,2.4365888,0.6468587,2.844594,3.4662564,2.453095,2.772139
PETCM,C1=CN=CC=C1CC(C(Cl)(Cl)Cl)O,HEL,1.8113171,1.2445505,1.1979337,2.6281216,2.1562784,1.8297013
baicalein,C1=CC=C(C=C1)C2=CC(=O)C3=C(O2)C=C(C(=C3O)O)O,HEL,2.656409,1.3217206,2.7406542,3.45495,2.6887655,3.0759542
NSC-663284,C1COCCN1CCNC2=C(C(=O)C3=C(C2=O)N=CC=C3)Cl,HEL,1.2008454,-0.0756855,1.223044,2.8869488,0.69179684,1.2781224
YM-201636,C1COCCN1C2=NC(=NC3=C2OC4=C3C=CC=N4)C5=CC(=CC=C5)NC(=O)C6=CN=C(C=C6)N,HEL,2.39241,2.1070325,2.0027034,2.4410212,3.3937273,2.0175655
acetylsalicylsalicylic-acid,CC(=O)OC1=CC=CC=C1C(=O)OC2=CC=CC=C2C(=O)O,HEL,3.824173,2.3432193,3.9614213,4.605772,3.5116367,4.698816
NVP-BHG712,CC1=C(C=C(C=C1)C(=O)NC2=CC=CC(=C2)C(F)(F)F)NC3=C4C=NN(C4=NC(=N3)C5=CN=CC=C5)C,HEL,2.1078877,1.8073034,2.2476513,2.7112982,1.5475359,2.2256494
AZ-628,CC1=C(C=C(C=C1)NC(=O)C2=CC(=CC=C2)C(C)(C)C#N)NC3=CC4=C(C=C3)N=CN(C4=O)C,HEL,1.8059494,1.0544834,1.9483122,2.5395129,1.4369671,2.0504718
CHIR-98014,C1=CC(=C(C=C1Cl)Cl)C2=NC(=NC=C2N3C=CN=C3)NCCNC4=NC(=C(C=C4)[N+](=O)[O-])N,HEL,3.028237,3.3075688,2.6148324,3.3192763,3.1457105,2.7537978
mexeneone,CC1=CC=C(C=C1)C(=O)C2=C(C=C(C=C2)OC)O,HEL,4.0737157,3.424594,4.0504336,4.5013537,3.948309,4.4438877
IEM1754,C1C2CC3CC1CC(C2)(C3)CNCCCCCN,HEL,6.7356963,5.8745885,8.1114435,6.512156,5.7826424,7.397651
LE-135,CC1(CCC(C2=CC3=C(C=C21)N=C(C4=CC=CC=C4N3C)C5=CC=C(C=C5)C(=O)O)(C)C)C,HEL,-0.39099494,-1.1181405,-1.3440061,1.9504206,-0.3361389,-1.1071099
4-iodo-6-phenylpyrimidine,C1=CC=C(C=C1)C2=CC(=NC=N2)I,HEL,5.007807,3.9802148,5.212918,5.4799047,5.021364,5.344633
NVP-AEW541,C1CN(C1)CC2CC(C2)N3C=C(C4=C(N=CN=C43)N)C5=CC(=CC=C5)OCC6=CC=CC=C6,HEL,3.2731464,2.6848283,3.3415048,3.6782439,3.5335922,3.127564
RN-1734,CC(C)NCCN(C(C)C)S(=O)(=O)C1=C(C=C(C=C1)Cl)Cl,HEL,2.1765857,0.46918556,2.1326892,2.6199281,3.1335125,2.527613
trequinsin,CC1=CC(=C(C(=C1)C)N=C2C=C3C4=CC(=C(C=C4CCN3C(=O)N2C)OC)OC)C,HEL,0.14286694,0.2048112,-1.6573418,1.9342428,1.3938105,-1.161188
"2,3-DCPE",C1=CC(=C(C(=C1)Cl)Cl)OCCCNCCO,HEL,3.8463795,4.0322075,3.087082,3.980753,4.366278,3.7655768
CCT129202,CN(C)C1=CC=C(C=C1)C2=NC3=NC=C(C(=C3N2)N4CCN(CC4)CC(=O)NC5=NC=CS5)Cl,HEL,3.255549,1.5900245,3.5989287,4.1284304,3.2758174,3.6845431
8-bromo-cGMP,C1C2C(C(C(O2)N3C4=C(C(=O)NC(=N4)N)N=C3Br)O)OP(=O)(O1)O,HEL,4.0209527,3.0150063,4.0265603,4.417819,4.5159016,4.1294765
fendiline,CC(C1=CC=CC=C1)NCCC(C2=CC=CC=C2)C3=CC=CC=C3,HEL,3.9208684,2.5469162,3.9523964,4.760908,3.8458495,4.4982724
LY2183240,CN(C)C(=O)N1C(=NN=N1)CC2=CC=C(C=C2)C3=CC=CC=C3,HEL,4.856418,3.4844997,4.9889097,5.7066417,4.733614,5.368426
SU3327,C1=C(SC(=N1)SC2=NN=C(S2)N)[N+](=O)[O-],HEL,-2.6922572,-2.6604931,-3.8117647,-1.7013875,-1.4545237,-3.8331165
BAY-11-7085,CC(C)(C)C1=CC=C(C=C1)S(=O)(=O)C=CC#N,HEL,4.435256,1.665827,5.0839434,5.4053197,4.8329134,5.1882772
bisindolylmaleimide-ix,CN1C=C(C2=CC=CC=C21)C3=C(C(=O)NC3=O)C4=CN(C5=CC=CC=C54)CCCSC(=N)N,HEL,3.6954613,3.049835,3.722202,4.2537327,3.6238542,3.8276827
TG-100572,CC1=CC(=CC2=C1N=C(N=N2)NC3=CC=C(C=C3)OCCN4CCCC4)C5=C(C=CC(=C5)O)Cl,HEL,3.6148372,2.519067,3.6968222,4.382018,3.6580076,3.8182724
tetrahydropapaverine,COC1=C(C=C(C=C1)CC2C3=CC(=C(C=C3CCN2)OC)OC)OC,HEL,-0.18330888,0.24148345,-2.308853,1.7361559,0.9090183,-1.4943491
Ro-90-7501,C1=CC(=CC=C1C2=NC3=C(N2)C=C(C=C3)C4=NC5=C(N4)C=C(C=C5)N)N,HEL,2.726668,1.1447439,2.7680066,3.4274924,3.4205618,2.8725343
CR8-(R),CCC(CO)NC1=NC(=C2C(=N1)N(C=N2)C(C)C)NCC3=CC=C(C=C3)C4=CC=CC=N4,HEL,-0.37564102,-0.40519482,-1.4574788,1.5845271,-0.68166125,-0.9183974
ABT-702,C1COCCN1C2=NC=C(C=C2)C3=NC4=NC=NC(=C4C(=C3)C5=CC(=CC=C5)Br)N,HEL,2.3597138,2.102991,2.1326892,2.681967,2.6514,2.2295206
pirenperone,CC1=C(C(=O)N2C=CC=CC2=N1)CCN3CCC(CC3)C(=O)C4=CC=C(C=C4)F,HEL,3.6666405,3.0944161,3.7131379,4.2596993,3.4156828,3.8502667
BIBU-1361,CCN(CC)CC1CCN(CC1)C2=NC=C3C(=N2)C(=NC=N3)NC4=CC(=C(C=C4)F)Cl,HEL,2.2563708,2.2131789,1.9003742,2.5329483,2.6724691,1.962883
SGI-1027,CC1=CC(=NC(=N1)N)NC2=CC=C(C=C2)NC(=O)C3=CC=C(C=C3)NC4=CC=NC5=CC=CC=C54,HEL,2.477888,1.2265513,2.3600993,3.3984194,2.705597,2.6987736
1-azakenpaullone,C1C2=C(C3=C(C=CC=N3)NC1=O)NC4=C2C=C(C=C4)Br,HEL,4.7542734,3.686792,4.9379992,5.417253,4.561439,5.167883
digitoxigenin,CC12CCC(CC1CCC3C2CCC4(C3(CCC4C5=CC(=O)OC5)O)C)O,HEL,2.3854568,-2.3193934,3.3686974,3.761183,3.219709,3.8970888
ZM-447439,COC1=C(C=C2C(=C1)C(=NC=N2)NC3=CC=C(C=C3)NC(=O)C4=CC=CC=C4)OCCCN5CCOCC5,HEL,2.1632967,1.2804213,2.0930483,2.908066,2.2618747,2.273073
BIBR-1532,CC(=CC(=O)NC1=CC=CC=C1C(=O)O)C2=CC3=CC=CC=C3C=C2,HEL,4.4770417,3.5430124,4.42889,4.8354926,4.4915066,5.0863056
NH125,CCCCCCCCCCCCCCCCN1C=C[N+](=C1C)CC2=CC=CC=C2.[I-],HEL,0.93395835,-0.80001587,0.9153901,2.8073533,-0.41083694,2.157901
PLX-4720,CCCS(=O)(=O)NC1=C(C(=C(C=C1)F)C(=O)C2=CNC3=C2C=C(C=N3)Cl)F,HEL,3.868384,2.8185713,4.0589385,4.262683,4.1808753,4.020851
arctigenin,COC1=C(C=C(C=C1)CC2COC(=O)C2CC3=CC(=C(C=C3)O)OC)OC,HEL,-1.4612865,-0.50356245,-2.964073,-1.0239645,-0.42410147,-2.3907316
ku-0063794,CC1CN(CC(O1)C)C2=NC3=C(C=CC(=N3)C4=CC(=C(C=C4)OC)CO)C(=N2)N5CCOCC5,HEL,3.409425,1.7766061,3.6805067,4.1612477,3.6669521,3.761813
WYE-354,COC(=O)NC1=CC=C(C=C1)C2=NC3=C(C=NN3C4CCN(CC4)C(=O)OC)C(=N2)N5CCOCC5,HEL,3.2946467,0.871496,4.0316997,4.2656665,3.2961469,4.0082245
PD-168393,C=CC(=O)NC1=CC2=C(C=C1)N=CN=C2NC3=CC(=CC=C3)Br,HEL,3.4405217,1.8368158,3.8762937,4.5669885,3.1042385,3.8182724
SB-205384,CC#CCOC(=O)C1=C(N=C2C(=C1N)C3=C(S2)CC(CC3)O)C,HEL,-3.5894413,-5.351445,-3.5067546,-1.6233475,-4.2558384,-3.2098207
RKI-1447,C1=CC(=CC(=C1)O)CNC(=O)NC2=NC(=CS2)C3=CC=NC=C3,HEL,3.9316814,2.1746347,4.0589385,4.605772,4.432958,4.386104
TMS,COC1=CC(=C(C=C1)C=CC2=CC(=CC(=C2)OC)OC)OC,HEL,4.312767,3.4775336,4.2218523,4.7400246,4.6550436,4.4693804
TG-02,CN1CC=CCCOC2=CC=CC(=C2)C3=NC(=NC=C3)NC4=CC=CC(=C4)C1,HEL,3.9057167,2.127607,4.1556687,4.719141,4.294719,4.231448
scriptaid,C1=CC2=C3C(=C1)C(=O)N(C(=O)C3=CC=C2)CCCCCC(=O)NO,HEL,1.8369057,-0.33807772,2.341815,3.0152767,1.459984,2.705531
VE-821,CS(=O)(=O)C1=CC=C(C=C1)C2=CN=C(C(=N2)C(=O)NC3=CC=CC=C3)N,HEL,3.262331,1.1254535,3.9578114,4.358151,2.9712853,3.8989542
U-0126,C1=CC=C(C(=C1)N)SC(=C(C#N)C(=C(N)SC2=CC=CC=C2N)C#N)N,HEL,1.7235744,0.7093332,1.9077493,2.9389298,0.72200644,2.3398533
ZM-306416,COC1=C(C=C2C(=C1)C(=NC=N2)NC3=C(C=C(C=C3)Cl)F)OC,HEL,2.0245187,1.5082443,2.3710697,2.7275937,1.1535722,2.3621137
GSK650394,C1CCC(C1)C2=C(C=CC(=C2)C3=CNC4=C3C=C(C=N4)C5=CC=CC=C5)C(=O)O,HEL,3.6863868,2.499694,4.06912,4.3074336,3.5116367,4.0440507
digoxigenin,CC12CCC(CC1CCC3C2CC(C4(C3(CCC4C5=CC(=O)OC5)O)C)O)O,HEL,2.1185074,-1.8652923,2.7844183,3.3338127,2.8859024,3.453696
Ro-10-5824,CC1=NC=C(C(=N1)N)CN2CCC(=CC2)C3=CC=CC=C3,HEL,4.441605,3.0512283,4.527318,5.1755986,4.77036,4.68352
FERb-033,C1=CC(=C(C=C1C2=C(C(=C(C=C2)C=NO)O)Cl)F)O,HEL,1.9301472,0.14772463,2.0294383,3.0688818,1.8586894,2.5460017
PFI-1,CN1CC2=C(C=CC(=C2)NS(=O)(=O)C3=CC=CC=C3OC)NC1=O,HEL,3.2834213,2.2383833,3.3560076,4.050863,3.1570945,3.6147585
GW-441756,CN1C=C(C2=CC=CC=C21)C=C3C4=C(C=CC=N4)NC3=O,HEL,3.5816665,2.6179388,3.896235,4.4387026,3.1221285,3.8333285
CMPD-1,C1=CC=C(C(=C1)C2=CC=C(C=C2)CCCC(=O)NC3=CC=C(C=C3)O)F,HEL,3.854831,2.6757572,4.0572386,4.540138,3.8035645,4.1974573
AM-251,CC1=C(N(N=C1C(=O)NN2CCCCC2)C3=C(C=C(C=C3)Cl)Cl)C4=CC=C(C=C4)I,HEL,5.6476912,4.3035846,6.149678,6.4166875,5.0585475,6.3099594
NSC-23766,CCN(CC)CCCC(C)NC1=NC(=CC(=N1)NC2=CC3=C(C=C(N=C3C=C2)C)N)C,HEL,3.3575664,2.1103392,3.5681105,3.9046767,3.709237,3.4954689
GSK429286A,CC1=C(C(CC(=O)N1)C2=CC=C(C=C2)C(F)(F)F)C(=O)NC3=C(C=C4C(=C3)C=NN4)F,HEL,4.4317827,3.0386899,4.7716904,4.844443,4.7236986,4.7803926
EMD-53998,CC1C(=NNC(=O)S1)C2=CC3=C(C=C2)N(CCC3)C(=O)C4=CC(=C(C=C4)OC)OC,HEL,1.9332457,-0.55805475,1.5426103,3.2885883,2.6074305,2.785654
amonafide,CN(C)CCN1C(=O)C2=CC=CC3=CC(=CC(=C32)C1=O)N,HEL,3.218593,2.7071187,3.374136,3.6894286,2.8116217,3.510659
ZK-93423,CCOC(=O)C1=NC=C2C(=C1COC)C3=C(N2)C=CC(=C3)OCC4=CC=CC=C4,HEL,1.5911512,-0.19948366,2.0939703,2.908066,0.86658096,2.2866225
vanoxerine,C1CN(CCN1CCCC2=CC=CC=C2)CCOC(C3=CC=C(C=C3)F)C4=CC=C(C=C4)F,HEL,4.410479,3.317321,4.6393223,5.032397,4.442716,4.620638
combretastatin-A-4,COC1=C(C=C(C=C1)C=CC2=CC(=C(C(=C2)OC)OC)OC)O,HEL,3.5513287,3.145963,3.0560958,3.8403847,4.294719,3.419481
GSK461364,CC(C1=CC=CC=C1C(F)(F)F)OC2=C(SC(=C2)N3C=NC4=C3C=C(C=C4)CN5CCN(CC5)C)C(=O)N,HEL,2.4930468,1.753644,2.6084502,2.9860373,2.5575528,2.55955
BMS-986020,CC1=NOC(=C1NC(=O)OC(C)C2=CC=CC=C2)C3=CC=C(C=C3)C4=CC=C(C=C4)C5(CC5)C(=O)O,HEL,1.4237753,-0.24546665,1.6836205,2.8723292,0.710498,2.0978954
camptothecin,CCC1(C2=C(COC1=O)C(=O)N3CC4=CC5=CC=CC=C5N=C4C3=C2)O,HEL,-2.6890912,-4.2228966,-3.2066593,0.21157849,-3.6531363,-2.5743425
LY2603618,CC1=CC(=C(C=C1Br)NC(=O)NC2=NC=C(N=C2)C)OCC3CNCCO3,HEL,3.054217,2.4917986,2.9594746,3.6718528,2.8658519,3.2821085
frentizole,COC1=CC2=C(C=C1)N=C(S2)NC(=O)NC3=CC=CC=C3,HEL,3.1928878,1.6437633,3.5282278,4.319367,2.7979684,3.6751125
VLX600,CC1=C2C(=CC=C1)C3=C(N2)N=C(N=N3)NN=C(C)C4=CC=CC=N4,HEL,3.369844,3.2713468,2.9995916,4.0866632,3.240038,3.251581
CGM097,CC(C)OC1=C(C=C2CC(=O)N(C(C2=C1)C3=CC=C(C=C3)Cl)C4=CC=C(C=C4)N(C)CC5CCC(CC5)N6CCN(C(=O)C6)C)OC,HEL,-1.1907618,-2.412111,-1.9017105,1.5150334,-1.5890282,-1.5659918
BF2.649,C1CCN(CC1)CCCOCCCC2=CC=C(C=C2)Cl,HEL,3.8481247,1.3304873,4.527318,5.1576986,3.4311328,4.793988
tiotidine,CN=C(NCCSCC1=CSC(=N1)N=C(N)N)NC#N,HEL,2.0365224,-2.3002152,2.4515007,3.6974177,4.0589,2.2750087
MK-0812,CC(C)C1(CCC(C1)NC2CCOCC2OC)C(=O)N3CCC4=C(C3)C=C(C=N4)C(F)(F)F,HEL,4.8037386,4.1476064,4.965152,5.083114,5.207281,4.6155396
MK-2461,CN1C=C(C=N1)C2=CC3=C(C=CC4=C(C3=O)C=C(C=C4)NS(=O)(=O)N(C)CC5COCCO5)N=C2,HEL,1.4415925,0.58238876,1.4132469,2.213088,1.6004866,1.3987519
ICI-162846,C1=CN(N=C1NC(=NCC(F)(F)F)N)CCCCC(=O)N,HEL,0.491318,-0.17539734,0.6823045,2.1938891,-0.873708,0.6295016
ixazomib,B(C(CC(C)C)NC(=O)CNC(=O)C1=C(C=CC(=C1)Cl)Cl)(O)O,HEL,0.027677488,-1.5578008,-0.78991747,2.0548942,-0.6363468,1.0675583
SR-27897,C1=CC=C2C(=C1)C=C(N2CC(=O)O)C(=O)NC3=NC(=CS3)C4=CC=CC=C4Cl,HEL,2.5021286,1.9283705,2.6066267,3.3257368,1.7127634,2.9371457
selumetinib,CN1C=NC2=C1C=C(C(=C2F)NC3=C(C=C(C=C3)Br)Cl)C(=O)NOCCO,HEL,3.233279,2.9307203,2.9977682,3.6878307,3.0944805,3.4555948
CB-10-277,CN(C)N=NC1=CC=C(C=C1)C(=O)O,HEL,2.6564052,-0.5007667,3.2853067,3.8192506,3.0465035,3.6317332
alisertib,COC1=C(C(=CC=C1)F)C2=NCC3=CN=C(N=C3C4=C2C=C(C=C4)Cl)NC5=CC(=C(C=C5)C(=O)O)OC,HEL,1.5982993,0.5570751,1.8575698,2.3823922,1.4441599,1.7502993
PHA-793887,CC(C)CC(=O)NC1=NNC2=C1CN(C2(C)C)C(=O)C3CCN(CC3)C,HEL,-1.1887736,-1.8796368,-1.6880429,2.0734434,-4.112471,-0.33716047
voxtalisib,CCN1C2=NC(=NC(=C2C=C(C1=O)C3=CC=NN3)C)N,HEL,-0.17286733,0.08988592,-1.6956581,1.7207705,0.3184924,-1.2978274
AMG-208,COC1=CC2=NC=CC(=C2C=C1)OCC3=NN=C4N3N=C(C=C4)C5=CC=CC=C5,HEL,3.15272,1.5377493,3.5318534,4.179148,3.044064,3.470785
salvinorin-a,CC(=O)OC1CC(C2(CCC3C(=O)OC(CC3(C2C1=O)C)C4=COC=C4)C)C(=O)OC,HEL,2.5098317,2.0713944,2.943063,3.443644,0.61267644,3.47838
sulmazole,COC1=C(C=CC(=C1)S(=O)C)C2=NC3=C(N2)C=CC=N3,HEL,3.2133546,1.9014783,3.3850129,3.7054064,3.5718112,3.503064
torcetrapib,CCC1CC(C2=C(N1C(=O)OCC)C=CC(=C2)C(F)(F)F)N(CC3=CC(=CC(=C3)C(F)(F)F)C(F)(F)F)C(=O)OC,HEL,3.2973747,2.0305645,3.9179893,3.9434607,2.8066978,3.7881606
tecastemizole,C1CNCCC1NC2=NC3=CC=CC=C3N2CC4=CC=C(C=C4)F,HEL,3.7251244,3.2114413,3.6587527,4.3372674,3.4726048,3.9455564
vincristine,CCC1(CC2CC(C3=C(CCN(C2)C1)C4=CC=CC=C4N3)(C5=C(C=C6C(=C5)C78CCN9C7C(C=CC9)(C(C(C8N6C=O)(C(=O)OC)O)OC(=O)C)CC)OC)C(=O)OC)O,HEL,-3.836317,-4.234043,-4.105867,-2.9642923,-4.2052383,-3.6721442
UK-383367,C1CCC(CC1)CCCC(CC(=O)NO)C2=NC(=NO2)C(=O)N,HEL,4.538896,3.9434392,4.410223,4.7012405,4.87618,4.763397
temocapril,CCOC(=O)C(CCC1=CC=CC=C1)NC2CSC(CN(C2=O)CC(=O)O)C3=CC=CS3,HEL,-3.7428157,-4.404022,-4.3018923,-1.9792851,-4.2164826,-3.8123972
LY2801653,CC1=CC=C(C(=O)N1C2=CC=C(C=C2)F)C(=O)NC3=CC(=C(C=C3)OC4=C(C=C5C(=C4)C=NN5C)C6=CNN=C6)F,HEL,1.59275,-1.2290468,2.01561,2.739,2.2870603,2.1511261
crystal-violet,CN(C)C1=CC=C(C=C1)C(=C2C=CC(=[N+](C)C)C=C2)C3=CC=C(C=C3)N(C)C,HEL,3.885585,1.2949913,4.7377496,5.0652137,3.4238143,4.906157
balapiravir,CC(C)C(=O)OCC1(C(C(C(O1)N2C=CC(=NC2=O)N)OC(=O)C(C)C)OC(=O)C(C)C)N=[N+]=[N-],HEL,1.9243348,0.85110337,2.3866112,2.9714177,0.8442834,2.5682573
STA-5326,CC1=CC(=CC=C1)C=NNC2=CC(=NC(=N2)OCCC3=CC=CC=N3)N4CCOCC4,HEL,3.8055427,3.093023,3.6098056,4.217932,4.3809156,3.7260363
oltipraz,CC1=C(SSC1=S)C2=NC=CN=C2,HEL,-3.2306983,-4.401235,-4.7729845,-2.939432,0.96296394,-5.0028057
tetrahydrouridine,C1CN(C(=O)NC1O)C2C(C(C(O2)CO)O)O,HEL,-1.058914,-3.1935945,-1.9909251,2.4327636,-3.2699776,0.727164
S-methylcysteine,CSCC(C(=O)O)N,HEL,0.71714485,-0.3780623,1.7358668,2.3468847,-2.4384937,2.3195288
AZD1480,CC1=CC(=NN1)NC2=NC(=NC=C2Cl)NC(C)C3=NC=C(C=N3)F,HEL,2.3225853,0.47699615,2.4451065,3.1125352,3.3400578,2.238231
TG100-115,C1=CC(=CC(=C1)O)C2=NC3=C(N=C(N=C3N=C2C4=CC(=CC=C4)O)N)N,HEL,1.5519515,1.6681025,0.47393465,2.5788996,1.9706297,1.0681909
pibenzimol,CN1CCN(CC1)C2=CC3=C(C=C2)N=C(N3)C4=CC5=C(C=C4)N=C(N5)C6=CC=C(C=C6)O,HEL,2.072133,1.2726645,1.8445123,2.7813628,2.644072,1.8180536
OSI-027,COC1=CC=CC2=C1NC(=C2)C3=C4C(=NC=NN4C(=N3)C5CCC(CC5)C(=O)O)N,HEL,2.4221227,1.8722396,2.3089035,2.7112982,2.8318639,2.3863094
lappaconite,CCN1CC2(CCC(C34C2CC(C31)C5(CC(C6CC4C5(C6OC)O)OC)O)OC)OC(=O)C7=CC=CC=C7NC(=O)C,HEL,-0.2971081,0.46744812,-2.1271799,0.8528148,0.5925367,-1.2711602
PF-05212384,CN(C)C1CCN(CC1)C(=O)C2=CC=C(C=C2)NC(=O)NC3=CC=C(C=C3)C4=NC(=NC(=N4)N5CCOCC5)N6CCOCC6,HEL,1.9249862,-0.714582,2.8099473,3.2530544,1.614421,2.662091
AZD8931,CNC(=O)CN1CCC(CC1)OC2=C(C=C3C(=C2)C(=NC=N3)NC4=C(C(=CC=C4)Cl)F)OC,HEL,3.5536804,3.7191732,3.0542731,3.647886,4.145096,3.2019742
SB-2343,CC1=NC2=C(N=C(N=C2N1C(C)C)N3CCOCC3)C4=CN=C(N=C4)N,HEL,3.2294745,2.620056,3.2635527,4.1135135,3.1221285,3.028123
KW-2478,CCC1=C(C(=C(C=C1O)O)C(=O)C2=CC(=C(C=C2)OCCN3CCOCC3)OC)CC(=O)N(CCOC)CCOC.Cl,HEL,2.4630954,0.8651944,2.3308446,3.217521,2.9273744,2.9745424
TAK-901,CCS(=O)(=O)C1=CC=CC(=C1)C2=CC(=C(C3=C2C4=C(N3)N=CC(=C4)C)C)C(=O)NC5CCN(CC5)C,HEL,2.449476,1.5475588,2.580186,3.0688818,2.5337868,2.5169666
AZD6482,CC1=CN2C(=O)C=C(N=C2C(=C1)C(C)NC3=CC=CC=C3C(=O)O)N4CCOCC4,HEL,1.6254628,1.7549944,1.9538436,2.9470518,-0.8161659,2.2875905
oxiperomide,C1CN(CCC1N2C3=CC=CC=C3NC2=O)CCOC4=CC=CC=C4,HEL,1.0802794,2.3058949,-2.1839528,2.8577096,1.0672591,1.3544859
resatorvid,CCOC(=O)C1=CCCCC1S(=O)(=O)NC2=C(C=C(C=C2)F)Cl,HEL,2.9685543,0.8173191,2.9394162,4.0956135,3.1570945,3.8333285
CPI-1189,CC(=O)NC1=CC=C(C=C1)C(=O)NC(C)(C)C,HEL,4.516298,2.5697668,4.7818727,5.154715,4.988829,5.0863056
LY2090314,C1CCN(CC1)C(=O)N2CCN3C=C(C4=CC(=CC(=C43)C2)F)C5=C(C(=O)NC5=O)C6=CN=C7N6C=CC=C7,HEL,2.3458,1.3491294,2.631244,3.1238413,2.1784692,2.446315
etomoxir,CCOC(=O)C1(CO1)CCCCCCOC2=CC=C(C=C2)Cl,HEL,-1.3080065,-1.8301139,-2.1352904,2.3344982,-4.2361603,-0.6729659
dacomitinib,COC1=C(C=C2C(=C1)N=CN=C2NC3=CC(=C(C=C3)F)Cl)NC(=O)C=CCN4CCCCC4,HEL,1.6550865,1.0112216,1.8538392,2.7406294,0.88168573,1.788057
ABT-737,CN(C)CCC(CSC1=CC=CC=C1)NC2=C(C=C(C=C2)S(=O)(=O)NC(=O)C3=CC=C(C=C3)N4CCN(CC4)CC5=CC=CC=C5C6=CC=C(C=C6)Cl)[N+](=O)[O-],HEL,1.4305376,-0.2687809,1.2066988,2.6998916,1.6297488,1.88513
dolastatin-10,CCC(C)C(C(CC(=O)N1CCCC1C(C(C)C(=O)NC(CC2=CC=CC=C2)C3=NC=CS3)OC)OC)N(C)C(=O)C(C(C)C)NC(=O)C(C(C)C)N(C)C,HEL,2.1438518,-0.39091456,2.3719838,3.0185254,3.028614,2.691051
IKK-2-inhibitor-V,C1=CC(=C(C=C1Cl)C(=O)NC2=CC(=CC(=C2)C(F)(F)F)C(F)(F)F)O,HEL,3.7399669,2.7482169,3.998819,4.203015,3.4571543,4.2926307
erteberel,C1CC2C(C1)C3=C(C=CC(=C3)O)OC2C4=CC=C(C=C4)O,HEL,3.3918118,2.513332,3.3596332,4.0135703,3.2034454,3.8690784
AZD8330,CC1=CC(=C(N(C1=O)C)NC2=C(C=C(C=C2)I)F)C(=O)NOCCO,HEL,1.9909828,-0.3495019,2.0340476,2.8365924,2.8703556,2.56342
cytochalasin-b,CC1CCCC(C=CC(=O)OC23C(C=CC1)C(C(=C)C(C2C(NC3=O)CC4=CC=CC=C4)C)O)O,HEL,2.0861688,0.640227,2.031282,3.062384,1.8234518,2.8734994
pelitinib,CCOC1=C(C=C2C(=C1)N=CC(=C2NC3=CC(=C(C=C3)F)Cl)C#N)NC(=O)C=CCN(C)C,HEL,1.5031742,1.1158977,1.738258,2.3419302,0.7701979,1.549587
SU014813,CC1=C(NC(=C1C(=O)NCC(CN2CCOCC2)O)C)C=C3C4=C(C=CC(=C4)F)NC3=O,HEL,4.738063,3.24627,5.0737615,5.2113996,4.967209,5.191676
tozasertib,CC1=CC(=NN1)NC2=CC(=NC(=N2)SC3=CC=C(C=C3)NC(=O)C4CC4)N5CCN(CC5)C,HEL,1.8321245,-0.061991066,2.4743366,3.159375,1.1377481,2.451154
flubendazole,COC(=O)NC1=NC2=C(N1)C=C(C=C2)C(=O)C3=CC=C(C=C3)F,HEL,2.7094502,2.120259,2.7753007,3.718188,1.8958143,3.0376894
clindamycin-phosphate,CCCC1CC(N(C1)C)C(=O)NC(C2C(C(C(C(O2)SC)OP(=O)(O)O)O)O)C(C)Cl,HEL,2.1260242,-0.2425471,2.1907616,3.0931532,2.9285936,2.6601603
obidoxime,C1=C[N+](=CC=C1C=NO)COC[N+]2=CC=C(C=C2)C=NO,HEL,-1.698986,-2.9681892,-3.1339064,1.3878881,-1.3380009,-2.442722
efonidipine-monoethanolate,CCO.CC1=C(C(C(=C(N1)C)P2(=O)OCC(CO2)(C)C)C3=CC(=CC=C3)[N+](=O)[O-])C(=O)OCCN(CC4=CC=CC=C4)C5=CC=CC=C5,HEL,2.60677,1.8467493,2.5090423,3.4985418,2.0634012,3.116116
cediranib,CC1=CC2=C(N1)C=CC(=C2F)OC3=NC=NC4=CC(=C(C=C43)OC)OCCCN5CCCC5,HEL,2.5265355,2.1507535,2.323531,3.2239816,2.64682,2.2875905
pilaralisib,CC(C)(C(=O)NC1=CC(=CC=C1)S(=O)(=O)NC2=NC3=CC=CC=C3N=C2NC4=C(C=CC(=C4)OC)Cl)N,HEL,3.315337,2.7565758,3.0123506,3.822296,3.737698,3.2477653
indiplon,CC(=O)N(C)C1=CC=CC(=C1)C2=CC=NC3=C(C=NN23)C(=O)C4=CC=CS4,HEL,3.5891945,2.3288636,3.8200955,4.549088,3.2180824,4.029842
CL-218872,CC1=NN=C2N1N=C(C=C2)C3=CC(=CC=C3)C(F)(F)F,HEL,2.9288003,1.1098094,3.4339597,4.1821313,2.4264297,3.4916713
hyoscyamine,CN1C2CCC1CC(C2)OC(=O)C(CO)C3=CC=CC=C3,HEL,1.753638,-0.5783535,2.3518713,3.3515797,0.8989484,2.7441447
resiquimod,CCOCC1=NC2=C(N1CC(C)(C)O)C3=CC=CC=C3N=C2N,HEL,1.4332368,-1.0126688,1.6350889,3.3273523,0.7284799,2.4879317
piperine,C1CCN(CC1)C(=O)C=CC=CC2=CC3=C(C=C2)OCO3,HEL,4.57307,3.6813462,4.6902328,5.03538,4.463859,4.9945316
PF-04457845,C1CN(CCC1=CC2=CC(=CC=C2)OC3=NC=C(C=C3)C(F)(F)F)C(=O)NC4=NN=CC=C4,HEL,4.190154,2.9801774,4.5714407,4.984662,3.906024,4.5084696
tagatose,C1C(C(C(C(O1)(CO)O)O)O)O,HEL,2.227377,0.45700628,2.1345332,3.199754,2.3232079,3.0223835
acesulfame-potassium,CC1=CC(=O)[N-]S(=O)(=O)O1.[K+],HEL,4.234098,2.234365,4.9889097,4.8026757,3.884882,5.259657
OTS167,CC(=O)C1=CN=C2C=CC(=NC2=C1NC3CCC(CC3)CN(C)C)C4=CC(=C(C(=C4)Cl)O)Cl,HEL,3.1559463,2.5654821,3.1581676,3.8373759,2.959494,3.259213
SB-590885,CN(C)CCOC1=CC=C(C=C1)C2=NC(=C(N2)C3=CC=NC=C3)C4=CC5=C(C=C4)C(=NO)CC5,HEL,3.526477,2.7321956,3.3904517,4.062796,3.813323,3.633619
SB-505124,CC1=NC(=CC=C1)C2=C(N=C(N2)C(C)(C)C)C3=CC4=C(C=C3)OCO4,HEL,3.289613,1.9205375,3.6442497,3.879318,3.4099908,3.5939686
Ro-9187,C1=CN(C(=O)N=C1N)C2C(C(C(O2)(CO)N=[N+]=[N-])O)O,HEL,-3.348051,-5.117376,-3.8402708,0.19169891,-4.2502165,-3.7240908
ML133,COC1=CC=C(C=C1)CNCC2=CC=CC3=CC=CC=C32,HEL,4.4857736,3.9573886,4.345736,4.8862104,4.7293644,4.510169
Ro-106-9920,C1=CC=C(C=C1)S(=O)C2=NN3C(=NN=N3)C=C2,HEL,2.5453382,2.331017,2.1926048,2.8658316,3.0757775,2.261459
VER-49009,CCNC(=O)C1=C(C(=NN1)C2=CC(=C(C=C2O)O)Cl)C3=CC=C(C=C3)OC,HEL,2.5817666,0.039491415,2.844594,3.8298526,2.7468944,3.4479997
JZL-184,C1CN(CCC1C(C2=CC3=C(C=C2)OCO3)(C4=CC5=C(C=C4)OCO5)O)C(=O)OC6=CC=C(C=C6)[N+](=O)[O-],HEL,2.2233217,2.197046,1.4829057,2.776479,2.5206666,2.1395123
SB-216641,CC1=C(C=CC(=C1)C2=NOC(=N2)C)C3=CC=C(C=C3)C(=O)NC4=CC(=C(C=C4)OC)OCCN(C)C,HEL,3.4281888,2.4508853,3.4593399,4.0985966,3.5230212,3.6091003
tenovin-6,CC(C)(C)C1=CC=C(C=C1)C(=O)NC(=S)NC2=CC=C(C=C2)NC(=O)CCCCN(C)C,HEL,2.7875943,1.5072279,2.826359,3.7707183,2.593533,3.2401335
LDN-212854,C1CN(CCN1)C2=CC=C(C=C2)C3=CN4C(=C(C=N4)C5=C6C=CC=NC6=CC=C5)N=C3,HEL,3.3909202,2.4975407,3.5662975,3.817725,3.771851,3.3011882
P5091,CC(=O)C1=CC(=C(S1)SC2=C(C(=CC=C2)Cl)Cl)[N+](=O)[O-],HEL,3.1729608,1.3277793,3.4375856,4.050863,3.125381,3.9231951
CCT137690,CC1=CC(=NO1)CN2CCN(CC2)C3=C4C(=NC=C3Br)N=C(N4)C5=CC=C(C=C5)N6CCN(CC6)C,HEL,4.416341,3.9370987,4.3338566,4.441686,5.1852036,4.1838613
RS-504393,CC1=CC2=C(C=C1)NC(=O)OC23CCN(CC3)CCC4=C(OC(=N4)C5=CC=CC=C5)C,HEL,3.2019792,2.6412294,3.2309215,3.9181018,2.8077922,3.4118497
MGCD-265,CN1C=C(N=C1)C2=CC3=NC=CC(=C3S2)OC4=C(C=C(C=C4)NC(=S)NC(=O)CC5=CC=CC=C5)F,HEL,2.1193035,1.9567189,1.7583442,2.554283,2.4925137,1.834658
blebbistatin-(-),CC1=CC2=C(C=C1)N=C3C(C2=O)(CCN3C4=CC=CC=C4)O,HEL,0.0014399529,1.585696,-1.9300969,2.4656622,-0.8535683,-1.2604933
repsox,CC1=NC(=CC=C1)C2=C(C=NN2)C3=NC4=C(C=C3)N=CC=C4,HEL,4.454582,3.2629879,4.6970215,4.907094,4.756277,4.6495295
PHA-767491,C1CNC(=O)C2=C1NC(=C2)C3=CC=NC=C3,HEL,3.8040237,2.195209,3.794716,4.49837,4.0556474,4.476178
PP-121,C1CCC(C1)N2C3=NC=NC(=C3C(=N2)C4=CN=C5C(=C4)C=CN5)N,HEL,3.7386246,3.4413118,3.3560076,4.0359454,4.332125,3.5277336
EVP4593,C1=CC=C(C=C1)OC2=CC=C(C=C2)CCNC3=NC=NC4=C3C=C(C=C4)N,HEL,3.194427,2.09748,3.515538,4.0314703,2.9997463,3.3278997
4-chlorophenylguanidine,C1=CC(=CC=C1N=C(N)N)Cl,HEL,4.5726976,2.5754502,4.6766567,5.45902,4.9029036,5.2494597
LB42708,C1COCCN1C(=O)C2=CN(C=C2C3=CC=CC4=CC=CC=C43)CC5=CN=CN5CC6=CC=C(C=C6)Br,HEL,-0.43053323,-1.2649379,-1.2771134,2.1897147,-0.69209075,-1.1082388
anisomycin,CC(=O)OC1C(CNC1CC2=CC=C(C=C2)OC)O,HEL,4.0726748,3.4942517,4.096273,4.537154,3.951562,4.284133
TG-100713,C1=CC(=CC(=C1)O)C2=CN=C3C(=N2)C(=NC(=N3)N)N,HEL,2.7535894,3.2393043,2.323531,2.6852262,3.240038,2.2798479
ETP-46464,CC(C)(C#N)C1=CC=C(C=C1)N2C3=C4C=C(C=CC4=NC=C3COC2=O)C5=CC6=CC=CC=C6N=C5,HEL,-0.8071295,-2.1985722,-1.8846786,1.9129565,-0.87946236,-0.98589015
VU0364770,C1=CC=NC(=C1)C(=O)NC2=CC(=CC=C2)Cl,HEL,4.677592,3.9092,4.649504,5.1576986,4.598845,5.0727096
PI-103,C1COCCN1C2=NC(=NC3=C2OC4=C3C=CC=N4)C5=CC(=CC=C5)O,HEL,3.2826324,3.0066473,3.0852592,3.6110513,3.4872417,3.222962
nocodazole,COC(=O)NC1=NC2=C(N1)C=C(C=C2)C(=O)C3=CC=CS3,HEL,2.2673454,2.080212,2.2073505,3.306355,1.1880975,2.554712
GTP-14564,C1=CC=C(C=C1)C2=NNC3=C2OC4=CC=CC=C43,HEL,2.151147,1.4241183,2.2796485,3.4291077,1.0758904,2.5469694
torin-1,CCC(=O)N1CCN(CC1)C2=C(C=C(C=C2)N3C(=O)C=CC4=CN=C5C=CC(=CC5=C43)C6=CC7=CC=CC=C7N=C6)C(F)(F)F,HEL,2.2090507,1.8148365,1.9234213,2.5181782,3.0078778,1.7809392
tyrphostin-AG-1296,COC1=C(C=C2C(=C1)N=CC(=N2)C3=CC=CC=C3)OC,HEL,2.591053,1.1462563,2.5738037,3.3418887,3.0034056,2.8899105
PJ-34,CN(C)CC(=O)NC1=CC2=C(C=C1)NC(=O)C3=CC=CC=C32,HEL,2.2085242,1.232904,2.5601275,3.5082078,0.80616176,2.935221
tyrphostin-A9,CC(C)(C)C1=CC(=CC(=C1O)C(C)(C)C)C=C(C#N)C#N,HEL,3.317786,2.3295815,3.2834938,4.044896,3.0562615,3.8746974
IKK-16,C1CCN(C1)C2CCN(CC2)C(=O)C3=CC=C(C=C3)NC4=NC=CC(=N4)C5=CC6=CC=CC=C6S5,HEL,4.054286,2.789315,4.4271936,4.584889,4.182502,4.287532
MEK1-2-inhibitor,C1=CC=C(C(=C1)C(C#N)C(=N)SC2=CC=C(C=C2)N)C(F)(F)F,HEL,2.6627645,1.3192048,2.8281825,3.45172,2.7622237,2.952491
8-hydroxy-PIPAT,CCCN(CC=CI)C1CCC2=C(C1)C(=CC=C2)O,HEL,3.495781,1.5972619,4.0179553,4.4774866,3.039185,4.3470154
M-344,CN(C)C1=CC=C(C=C1)C(=O)NCCCCCCC(=O)NO,HEL,4.6343884,3.634621,4.707203,5.0294127,4.816371,4.984335
RS-17053,CC(C)(CC1=CNC2=C1C=C(C=C2)Cl)NCCOC3=CC=CC=C3OCC4CC4.Cl,HEL,2.7068574,-0.72218794,3.4430242,4.2596993,2.6697211,3.8840306
WP1130,CCCC(C1=CC=CC=C1)NC(=O)C(=CC2=NC(=CC=C2)Br)C#N,HEL,2.5939178,1.0503101,2.7534187,3.5082078,2.4461389,3.2115138
CD-437,C1C2CC3CC1CC(C2)(C3)C4=C(C=CC(=C4)C5=CC6=C(C=C5)C=C(C=C6)C(=O)O)O,HEL,4.417431,3.3284662,4.4390726,4.4924035,5.3085437,4.5186663
SB-431542,C1OC2=C(O1)C=C(C=C2)C3=C(NC(=N3)C4=CC=C(C=C4)C(=O)N)C5=CC=CC=N5,HEL,3.5255585,2.1558971,3.607993,4.1164966,4.0458894,3.7015176
PTC-209,CC1=C(N2C=CC=NC2=N1)C3=CSC(=N3)NC4=C(C=C(C=C4Br)OC)Br,HEL,4.0614347,2.5047185,4.291431,4.772842,4.341883,4.3963013
LY364947,C1=CC=C2C(=C1)C(=CC=N2)C3=C(NN=C3)C4=CC=CC=N4,HEL,4.1094446,2.812302,4.5476823,5.020463,3.6702046,4.4965725
JK-184,CCOC1=CC=C(C=C1)NC2=NC(=CS2)C3=C(N=C4N3C=CC=C4)C,HEL,4.0174513,2.7475204,4.452649,4.7251077,3.852355,4.3096256
PPT,CCCC1=C(N(N=C1C2=CC=C(C=C2)O)C3=CC=C(C=C3)O)C4=CC=C(C=C4)O,HEL,3.3559043,0.54392004,3.7167637,4.6475396,3.5327792,4.3385177
CGP-52411,C1=CC=C(C=C1)NC2=C(C=C3C(=C2)C(=O)NC3=O)NC4=CC=CC=C4,HEL,2.8249602,2.4250455,2.913887,3.5436502,2.0059,3.2363174
PQ-401,CC1=NC2=CC=CC=C2C(=C1)NC(=O)NC3=C(C=CC(=C3)Cl)OC,HEL,3.1401157,1.8797367,3.754833,4.310417,1.9542583,3.8013346
GW-788388,C1COCCC1NC(=O)C2=CC=C(C=C2)C3=NC=CC(=C3)C4=C(NN=C4)C5=CC=CC=N5,HEL,4.340911,3.4858928,4.467922,5.032397,4.2540607,4.464282
torin-2,C1=CC(=CC(=C1)N2C(=O)C=CC3=CN=C4C=CC(=CC4=C32)C5=CN=C(C=C5)N)C(F)(F)F,HEL,2.5222495,1.2197442,2.7898886,3.228827,2.8761444,2.4966424
PP-1,CC1=CC=C(C=C1)C2=NN(C3=NC=NC(=C23)N)C(C)(C)C,HEL,2.2501907,0.9602025,2.3491285,3.2546697,2.3112903,2.375663
"L-798,106",COC1=C(C=C(C=C1)Br)S(=O)(=O)NC(=O)C=CC2=CC=CC=C2CC3=CC4=CC=CC=C4C=C3,HEL,2.9660392,2.7440374,2.2659357,3.3984194,3.3994193,3.0223835
AZ20,CC1COCCN1C2=NC(=NC(=C2)C3(CC3)S(=O)(=O)C)C4=C5C=CNC5=CC=C4,HEL,2.3424947,0.56584513,2.6540377,3.2417483,2.6129265,2.6379158
WYE-125132,CNC(=O)NC1=CC=C(C=C1)C2=NC3=C(C=NN3C4CCC5(CC4)OCCO5)C(=N2)N6CC7CCC(C6)O7,HEL,1.8801863,0.39562875,2.224796,2.7585542,1.5698309,2.452122
BAM7,CCOC1=CC=CC=C1N=NC2=C(NN(C2=O)C3=NC(=CS3)C4=CC=CC=C4)C,HEL,0.63987106,-0.5091541,-0.81598866,3.0931532,-0.40777433,1.8391192
desoxycortone,CC12CCC3C(C1CCC2C(=O)CO)CCC4=CC(=O)CCC34C,HEL,4.7754135,4.4988747,4.5714407,4.8175926,5.1305904,4.85857
cyclocytidine,C1=CN2C3C(C(C(O3)CO)O)OC2=NC1=N,HEL,-2.8412473,-2.6801715,-3.5131857,-1.1225215,-4.2502165,-2.6401412
STF-118804,CC1=CC=C(C=C1)S(=O)(=O)CC2=C(OC(=N2)C3=CC=C(C=C3)C(=O)NCC4=CN=CC=C4)C,HEL,3.3975837,1.9168074,3.6315598,4.1821313,3.4579673,3.7994528
securinine,C1CCN2C(C1)C34CC2C=CC3=CC(=O)O4,HEL,3.2273717,3.2114413,3.3995159,3.8479028,2.089707,3.5882914
NMS-873,CC1=C(C=CC(=C1)OCC2=NN=C(N2C3=CN=CC=C3)SC4CCCC4)C5=CC=C(C=C5)S(=O)(=O)C,HEL,2.124974,-0.54722875,2.5920389,3.5388172,2.2526927,2.78855
SC-144,C1=CN2C3=C(C=C(C=C3)F)N=C(C2=C1)NNC(=O)C4=NC=CN=C4,HEL,2.4779267,-0.85225147,3.3179379,3.89871,2.554453,3.470785
KY02111,COC1=C(C=C(C=C1)CCC(=O)NC2=NC3=C(S2)C=C(C=C3)Cl)OC,HEL,3.8003433,3.0554078,3.9288661,4.370085,3.4295068,4.2178516
BNTX,C1CC1CN2CCC34C5C(=O)C(=CC6=CC=CC=C6)CC3(C2CC7=C4C(=C(C=C7)O)O5)O,HEL,3.3906255,2.1727974,3.087082,3.432338,5.0074205,3.2534893
WHI-P154,COC1=C(C=C2C(=C1)C(=NC=N2)NC3=CC(=C(C=C3)O)Br)OC,HEL,0.98763096,0.13964047,0.90811884,2.0666983,0.4249453,1.3987519
Ro-04-5595,CN1CCC2=CC(=C(C=C2C1CCC3=CC=C(C=C3)Cl)O)OC,HEL,3.2041504,2.166919,3.435773,4.1164966,2.5906143,3.7109482
PSB-1115,CCCN1C(=O)C2=C(NC1=O)N=C(N2)C3=CC=C(C=C3)S(=O)(=O)O,HEL,4.1821,2.122096,4.876906,5.3277516,3.6571941,4.926551
CHIR-99021,CC1=CN=C(N1)C2=CN=C(N=C2C3=C(C=C(C=C3)Cl)Cl)NCCNC4=NC=C(C=C4)C#N,HEL,2.6595156,1.6940289,2.8865345,3.4711018,2.597354,2.6485584
RI-1,C1COCCN1C2=C(C(=O)N(C2=O)C3=CC(=C(C=C3)Cl)Cl)Cl,HEL,-1.0617851,-1.4426546,-2.4548404,1.2490945,-0.7248179,-1.9357072
SMI-4a,C1=CC(=CC(=C1)C(F)(F)F)C=C2C(=O)NC(=O)S2,HEL,4.5368447,3.4928586,4.5442886,4.760908,4.956219,4.9299498
VS-4718,CNC(=O)C1=CC=CC=C1NC2=CC(=NC=C2C(F)(F)F)NC3=C(C=C(C=C3)N4CCOCC4)OC,HEL,2.2495503,1.2182482,2.5272946,3.219136,1.6548308,2.6282413
BMS-345541,CC1=CC2=C(C=C1)N=C(C3=NC=C(N23)C)NCCN.Cl,HEL,2.0838704,1.1254535,2.2119584,3.1803722,1.7310845,2.1704829
PF-4981517,CC1=CC=C(C=C1)C2=C(C=NN2C)C3=NN(C4=C3C(=NC=N4)N5CCC(C5)N6CCCCC6)C,HEL,-0.13498265,-0.29187995,-0.44114846,1.8455626,-1.1891106,-0.59833676
BAY-11-7082,CC1=CC=C(C=C1)S(=O)(=O)C=CC#N,HEL,4.937482,3.5374396,5.155219,5.39637,5.3319254,5.2664547
AS-1949490,CC(C1=CC=CC=C1)NC(=O)C2=C(C=CS2)OCC3=CC=C(C=C3)Cl,HEL,2.759077,-0.53369623,3.2508626,4.185115,2.9997463,3.893358
ethacridine-lactate-monohydrate,CCOC1=CC2=C(C3=C(C=C(C=C3)N)N=C2C=C1)N.CC(C(=O)O)O.O,HEL,1.2639997,-0.40091074,1.9815001,2.7096689,-0.024602413,2.054343
3'-fluorobenzylspiperone,C1CN(CCC12C(=O)N(CN2C3=CC=CC=C3)CC4=CC(=CC=C4)F)CCCC(=O)C5=CC=C(C=C5)F,HEL,2.8176124,2.1074,2.0405009,3.5033746,3.5140762,2.9227102
10-hydroxycamptothecin,CCC1(C2=C(COC1=O)C(=O)N3CC4=C(C3=C2)N=C5C=CC(=CC5=C4)O)O,HEL,1.9124739,-1.9871614,2.5893033,3.217521,2.9493299,2.7933767
NVP-TAE226,CNC(=O)C1=CC=CC=C1NC2=NC(=NC=C2Cl)NC3=C(C=C(C=C3)N4CCOCC4)OC,HEL,2.3711624,0.6638632,2.5747154,3.3984194,2.5596194,2.6591947
MG-132,CC(C)CC(C=O)NC(=O)C(CC(C)C)NC(=O)C(CC(C)C)NC(=O)OCC1=CC=CC=C1,HEL,-2.0487967,-2.0903761,-3.0029385,-1.336776,-1.4976801,-2.3162124
RS-16566,CC(C)N1C=NC2=C(C=C(C=C21)Cl)C(=O)NC3CN4CCC3CC4,HEL,3.7580764,2.803943,3.8998609,4.6773734,3.264433,4.144772
cilostamide,CN(C1CCCCC1)C(=O)CCCOC2=CC3=C(C=C2)NC(=O)C=C3,HEL,1.7290481,0.5667221,1.9271088,2.6477473,1.0399265,2.4637358
CCG-50014,CC1=CC=C(C=C1)N2C(=O)N(C(=O)S2)CC3=CC=C(C=C3)F,HEL,3.3682823,1.8906074,3.455714,4.2417994,3.3189154,3.9343758
morin,C1=CC(=C(C=C1O)O)C2=C(C(=O)C3=C(C=C(C=C3O2)O)O)O,HEL,-0.083556764,-1.6771443,-1.5837729,2.1387866,1.1751505,-0.4708037
GDC-0879,C1CC(=NO)C2=C1C=C(C=C2)C3=CN(N=C3C4=CC=NC=C4)CCO,HEL,3.8319588,3.1403902,3.3215635,4.2656665,4.598845,3.8333285
SB-218795,COC(=O)C(C1=CC=CC=C1)NC(=O)C2=CC(=NC3=CC=CC=C32)C4=CC=CC=C4,HEL,1.4881926,-1.7233973,1.6559575,3.0770004,2.130262,2.30114
PP-2,CC(C)(C)N1C2=NC=NC(=C2C(=N1)C3=CC=C(C=C3)Cl)N,HEL,2.4403045,1.4216378,2.7297132,3.2530544,1.9757458,2.8213713
1-naphthyl-PP1,CC(C)(C)N1C2=NC=NC(=C2C(=N1)C3=CC=CC4=CC=CC=C43)N,HEL,2.026303,1.7061388,1.9658281,3.0979989,1.0226638,2.3388855
homoquinolinic-acid,C1=CC(=C(N=C1)C(=O)O)CC(=O)O,HEL,3.6414535,2.861759,3.6388113,4.0866632,3.7490826,3.8709512
atenolol-(-),CC(C)NCC(COC1=CC=C(C=C1)CC(=O)N)O,HEL,3.6060684,3.538833,3.030578,3.7834327,4.0702844,3.6072142
kynurenic-acid,C1=CC=C2C(=C1)C(=O)C=C(N2)C(=O)O,HEL,1.8683269,1.7289505,2.07922,2.698262,0.4256646,2.4095373
"MNS-(3,4-Methylenedioxy-nitrostyrene)",C1OC2=C(O1)C=C(C=C2)/C=C/[N+](=O)[O-],HEL,3.4094224,2.7099051,3.6696296,4.0985966,2.7281227,3.8408566
SAR131675,CCN1C(=C(C(=O)C2=C1N=C(C=C2)C#CC(C)(COC)O)C(=O)NC)N,HEL,1.2697554,-2.1674025,1.4649601,2.7683313,2.2159634,2.0669248
HA14-1,CCOC(=O)C1=C(OC2=C(C1C(C#N)C(=O)OCC)C=C(C=C2)Br)N,HEL,1.9032032,-0.8262153,2.9722393,3.823815,0.088683605,3.4574935
SB-657510,CN1CCC(C1)OC2=C(C=CC(=C2)NS(=O)(=O)C3=C(C=C(C(=C3)OC)OC)Br)Cl,HEL,3.3678532,1.647721,3.7203891,4.2059984,3.4506493,3.8145087
MPI-0479605,CC1=C(C=CC(=C1)N2CCOCC2)NC3=NC4=C(C(=N3)NC5CCCCC5)NC=N4,HEL,4.1847296,1.9522429,4.965152,4.9488616,4.499638,4.5577555
SID-7969543,CCOC(=O)C(C)OC1=CC=CC2=C1C=CN(C2=O)CC(=O)NC3=CC4=C(C=C3)OCCO4,HEL,2.4536145,1.608201,2.3884397,3.0786169,2.4728045,2.720011
NSC-3852,C1=CC2=C(C=CC(=C2N=C1)O)N=O,HEL,3.4942527,2.1423032,3.9361176,4.3969355,3.039185,3.9567218
NVP-TAE684,CC(C)S(=O)(=O)C1=CC=CC=C1NC2=NC(=NC=C2Cl)NC3=C(C=C(C=C3)N4CCC(CC4)N5CCN(CC5)C)OC,HEL,1.9311676,1.487253,2.1022673,2.834968,1.1837819,2.047568
JNJ-16259685,COC1CCC(CC1)C(=O)C2=CC3=CC4=C(N=C3C=C2)OCCC4,HEL,3.6326485,2.744734,3.82916,4.0985966,3.751522,3.739229
K-858,CC(=O)NC1=NN(C(S1)(C)C2=CC=CC=C2)C(=O)C,HEL,4.335911,3.5999634,4.3898587,4.838476,4.2085233,4.6427317
trichostatin-a,CC(C=C(C)C=CC(=O)NO)C(=O)C1=CC=C(C=C1)N(C)C,HEL,3.5645943,1.6955914,3.8128443,4.235832,3.852355,4.226349
4-methylhistamine,CC1=C(N=CN1)CCN,HEL,1.2560536,-6.3657455,2.3619277,4.334284,3.4221883,2.527613
GSK1904529A,CCC1=CC(=C(C=C1N2CCC(CC2)N3CCN(CC3)S(=O)(=O)C)OC)NC4=NC=CC(=N4)C5=C(N=C6N5C=CC=C6)C7=CC(=C(C=C7)OC)C(=O)NC8=C(C=CC=C8F)F,HEL,3.7664459,3.0888436,3.5826132,4.009095,4.7321973,3.419481
PHA-665752,CC1=C(NC(=C1C(=O)N2CCCC2CN3CCCC3)C)C=C4C5=C(C=CC(=C5)S(=O)(=O)CC6=C(C=CC=C6Cl)Cl)NC4=O,HEL,1.9911995,-1.0173547,2.2357666,3.0169008,3.3750243,2.3456604
ZLN005,CC(C)(C)C1=CC=C(C=C1)C2=NC3=CC=CC=C3N2,HEL,4.1745977,1.7012558,4.809025,5.2800174,4.0507684,5.0319214
2'-MeCCPA,CC1(C(C(OC1N2C=NC3=C(N=C(N=C32)Cl)NC4CCCC4)CO)O)O,HEL,4.7610326,3.478927,5.1144905,5.5127215,4.6263146,5.0727096
domiphen,CCCCCCCCCCCC[N+](C)(C)CCOC1=CC=CC=C1,HEL,1.3603929,-0.548582,1.8650311,2.791109,0.44940072,2.2450058
SCH-58261,C1=CC=C(C=C1)CCN2C3=C(C=N2)C4=NC(=NN4C(=N3)N)C5=CC=CO5,HEL,2.5517907,1.8089983,2.490777,3.149684,2.600102,2.7093923
GSK1838705A,CNC(=O)C1=C(C=CC=C1F)NC2=NC(=NC3=C2C=CN3)NC4=C(C=C5C=CN(C5=C4)C(=O)CN(C)C)OC,HEL,2.1015823,0.5184393,1.975047,2.606799,3.5091972,1.8984286
Y-320,CC1=C(C=NN1C2=CC=C(C=C2)Cl)C(=O)NC3=CC(=C(C=C3)N4CCC(CC4)N5CCOCC5)C#N,HEL,3.1595721,1.2702537,3.780213,4.2567163,2.8231106,3.6675684
CHIR-124,C1CN2CCC1C(C2)NC3=C(C(=O)NC4=C3C=C(C=C4)Cl)C5=NC6=CC=CC=C6N5,HEL,3.9645143,2.4315054,4.4407697,4.465553,4.195513,4.2892313
tetramethylthiuram-monosulfide,CN(C)C(=S)SC(=S)N(C)C,HEL,3.3875003,1.0045383,3.7856517,4.30445,3.9401774,3.9026852
nexturastat-a,CCCCN(CC1=CC=C(C=C1)C(=O)NO)C(=O)NC2=CC=CC=C2,HEL,4.3824415,3.622144,4.2133675,4.772842,4.57445,4.7294073
A-674563,CC1=C2C=C(C=CC2=NN1)C3=CC(=CN=C3)OCC(CC4=CC=CC=C4)N,HEL,4.0336905,3.2685606,4.3338566,4.543121,3.8458495,4.177063
gamma-aminobutyric-acid,C(CC(=O)O)CN,HEL,4.421714,3.3758337,4.5205297,4.208982,5.1038647,4.8993587
stemregenin-1,CC(C)N1C=NC2=C(N=C(N=C21)C3=CSC4=CC=CC=C43)NCCC5=CC=C(C=C5)O,HEL,1.9976883,1.467571,1.9971721,3.217521,1.3089359,1.9972409
A61603,CS(=O)(=O)NC1=C(C=CC2=C1CCCC2C3=NCCN3)O,HEL,3.7646003,2.2350957,3.562672,4.3730683,4.643941,4.0082245
PD-173074,CCN(CC)CCCCNC1=NC2=NC(=C(C=C2C=N1)C3=CC(=CC(=C3)OC)OC)NC(=O)NC(C)(C)C,HEL,2.7210743,2.0886624,2.605715,3.0591354,3.173358,2.6785014
WZ-3146,CN1CCN(CC1)C2=CC=C(C=C2)NC3=NC=C(C(=N3)OC4=CC=CC(=C4)NC(=O)C=C)Cl,HEL,2.8520594,0.98697454,3.3143122,3.9270523,2.8395233,3.1924343
JNJ-7706621,C1=CC(=C(C(=C1)F)C(=O)N2C(=NC(=N2)NC3=CC=C(C=C3)S(=O)(=O)N)N)F,HEL,3.5880604,1.0518477,4.1947002,4.4774866,3.967825,4.248443
rociletinib,CC(=O)N1CCN(CC1)C2=CC(=C(C=C2)NC3=NC=C(C(=N3)NC4=CC(=CC=C4)NC(=O)C=C)C(F)(F)F)OC,HEL,2.7831793,0.8660945,3.1691039,3.7945123,2.8956604,3.1905262
diphenyleneiodonium,C1=CC=C2C(=C1)C3=CC=CC=C3[I+]2,HEL,2.5531707,1.4768779,2.435972,3.403265,2.4426608,3.0070772
arcyriaflavin-a,C1=CC=C2C(=C1)C3=C4C(=C5C6=CC=CC=C6NC5=C3N2)C(=O)NC4=O,HEL,0.8532955,-1.7946198,0.10383127,2.209752,2.2458057,1.5017081
NVP-BVU972,CN1C=C(C=N1)C2=NN3C(=NC=C3CC4=CC5=C(C=C4)N=CC=C5)C=C2,HEL,2.4963298,2.1169524,2.0524852,3.0233984,3.2693124,2.019501
TPCA-1,C1=CC(=CC=C1C2=CC(=C(S2)NC(=O)N)C(=O)N)F,HEL,3.0785053,1.6356504,3.2653654,3.980753,2.8846827,3.6260748
GW-583340,CS(=O)(=O)CCNCC1=NC(=CS1)C2=CC3=C(C=C2)N=CN=C3NC4=CC(=C(C=C4)OCC5=CC(=CC=C5)F)Cl.Cl.Cl,HEL,3.3056812,3.01222,2.94671,3.6814394,3.896266,2.9917715
endo-IWR-1,C1C2C=CC1C3C2C(=O)N(C3=O)C4=CC=C(C=C4)C(=O)NC5=CC=CC6=C5N=CC=C6,HEL,3.12233,1.889108,2.8682997,3.6942217,3.814949,3.345071
JQ1-(+),CC1=C(SC2=C1C(=NC(C3=NN=C(N32)C)CC(=O)OC(C)(C)C)C4=CC=C(C=C4)Cl)C,HEL,0.88636684,-0.5824133,1.5599056,2.4935615,-1.0412995,2.00208
BI-D1870,CC1C(=O)N(C2=CN=C(N=C2N1CCC(C)C)NC3=CC(=C(C(=C3)F)O)F)C,HEL,2.4293735,1.3807883,2.6385381,3.3483493,2.0920024,2.6871896
DMH1,CC(C)OC1=CC=C(C=C1)C2=CN3C(=C(C=N3)C4=CC=NC5=CC=CC=C45)N=C2,HEL,3.142907,2.8394687,2.8354764,3.5484748,3.5108237,2.9802916
P22077,CC(=O)C1=CC(=C(S1)SC2=C(C=C(C=C2)F)F)[N+](=O)[O-],HEL,3.457415,1.9242673,3.4974093,4.1105304,3.7466426,4.0082245
ginkgolide-a,CC1C(=O)OC2C1(C34C(=O)OC5C3(C2)C6(C(C5)C(C)(C)C)C(C(=O)OC6O4)O)O,HEL,2.3618765,-0.4037668,2.6914196,2.899944,3.4083643,3.213422
4-(4-fluorobenzoyl)-1-(4-phenylbutyl)-piperidine,C1CN(CCC1C(=O)C2=CC=C(C=C2)F)CCCCC3=CC=CC=C3,HEL,4.7287455,3.4566364,4.9108467,5.3635526,4.48988,5.4228106
TG-101209,CC1=CN=C(N=C1NC2=CC(=CC=C2)S(=O)(=O)NC(C)(C)C)NC3=CC=C(C=C3)N4CCN(CC4)C,HEL,3.5984116,2.4702652,3.9542012,4.4774866,3.1855555,3.9045506
oncrasin-1,C1=CC=C2C(=C1)C(=CN2CC3=CC=C(C=C3)Cl)C=O,HEL,2.8296044,1.8302557,3.3288147,3.8718598,1.5628638,3.5542276
K-Ras(G12C)-inhibitor-6,C1CN(CCC1NC(=O)CCCS)C(=O)COC2=C(C=C(C=C2)Cl)Cl,HEL,1.8911222,-0.6464116,2.2997613,3.3919587,1.2254999,3.1848028
CCMI,CC1=NOC(=C1)C(=CNC2=CC=C(C=C2)Cl)C(=O)NC3=CC=C(C=C3)Cl,HEL,4.3129416,2.966246,4.7173853,5.223333,3.7311926,4.926551
AC-264613,CC(=NNC(=O)C1C(CNC1=O)C2=CC=CC=C2)C3=CC(=CC=C3)Br,HEL,2.5415254,0.65429515,2.46977,3.7133954,2.6605606,3.209606
tyrphostin-AG-494,C1=CC=C(C=C1)NC(=O)C(=CC2=CC(=C(C=C2)O)O)C#N,HEL,2.2839653,1.0678821,2.2723348,3.2304425,2.08282,2.7663472
tyrphostin-AG-1478,COC1=C(C=C2C(=C1)C(=NC=N2)NC3=CC(=CC=C3)Cl)OC,HEL,1.6770105,0.88589984,1.9713595,2.5231016,0.88743997,2.117252
tyrphostin-AG-99,C1=CC(=C(C=C1C=C(C#N)C(=O)N)O)O,HEL,3.3681083,3.164074,2.5373333,3.7133954,4.0654054,3.3603349
INH1,CC1=CC(=C(C=C1)C2=CSC(=N2)NC(=O)C3=CC=CC=C3)C,HEL,2.6249566,0.7807888,2.954004,3.6462882,2.5875182,3.1561832
BIX-01294,CN1CCCN(CC1)C2=NC3=CC(=C(C=C3C(=N2)NC4CCN(CC4)CC5=CC=CC=C5)OC)OC,HEL,1.9134442,-0.13562033,1.950156,2.9145637,2.568919,2.2692018
alexidine,CCCCC(CC)CN=C(N)NC(=NCCCCCCN=C(N)NC(=NCC(CC)CCCC)N)N,HEL,3.19212,1.8125765,3.2889323,3.6670594,4.037758,3.1542752
CCT128930,C1CN(CCC1(CC2=CC=C(C=C2)Cl)N)C3=NC=NC4=C3C=CN4,HEL,3.3939342,2.896588,3.4847195,4.047879,3.128634,3.4118497
SB-218078,C1CC2N3C4=CC=CC=C4C5=C6C(=C7C8=CC=CC=C8N(C1O2)C7=C53)C(=O)NC6=O,HEL,-1.1482389,-1.5729399,-1.8830566,1.1184875,-1.734322,-1.6693634
CID-5458317,C1CCC(CC1)NC2=C3C=CC=CC3=C(C2=CC4=CC=CC=C4)O,HEL,2.868845,1.4962747,3.0980184,3.9688196,2.4322267,3.348887
PD-198306,CC1=C(C=CC(=C1)I)NC2=C(C(=C(C=C2C(=O)NOCC3CC3)F)F)F,HEL,0.88847923,-0.9751654,-0.423226,2.49192,1.519667,1.8292005
ribitol,C(C(C(C(CO)O)O)O)O,HEL,-3.5412078,-3.1792831,-4.052118,-2.89736,-4.0956044,-3.4816744
NSC-632839,CC1=CC=C(C=C1)C=C2CNCC(=CC3=CC=C(C=C3)C)C2=O.Cl,HEL,2.281116,1.8054202,2.254965,3.2756667,1.3031816,2.7663472
WAY-600,C1CN(CCC1N2C3=C(C=N2)C(=NC(=N3)C4=CC5=C(C=C4)NC=C5)N6CCOCC6)CC7=CN=CC=C7,HEL,1.1863897,2.1434054,-0.36682135,1.8156466,2.7318769,-0.39215884
GGTI-298,CC(C)CC(C(=O)OC)NC(=O)C1=C(C=C(C=C1)NCC(CS)N)C2=CC=CC3=CC=CC=C32,HEL,0.69556487,-1.0255549,0.9301668,2.3295438,-0.65720594,1.9008747
MTPG,CC(C1=CC=C(C=C1)C2=NNN=N2)(C(=O)O)N,HEL,4.7342577,3.895251,4.876906,5.0562634,4.7633595,5.079508
KI-16425,CC1=NOC(=C1NC(=O)OC(C)C2=CC=CC=C2Cl)C3=CC=C(C=C3)CSCCC(=O)O,HEL,2.0171666,-0.93103915,2.4003246,3.662266,1.8668482,3.0874338
TWS-119,C1=CC(=CC(=C1)N)C2=CC3=C(N2)N=CN=C3OC4=CC=CC(=C4)O,HEL,3.468589,3.2755263,3.2164185,3.8539078,3.896266,3.1008265
BVT-948,CC1(C2=C(C3=CC=CC=C3C(=O)C2=O)NC1=O)C,HEL,-1.5920187,-2.7642512,-2.248836,2.500126,-4.1546383,-1.2924939
BX-912,C1CCN(C1)C(=O)NC2=CC=CC(=C2)NC3=NC=C(C(=N3)NCCC4=CN=CN4)Br,HEL,3.6460006,2.744734,3.664191,4.2328486,3.920661,3.6675684
oligomycin-a,CCC1CCC2C(C(C(C3(O2)CCC(C(O3)CC(C)O)C)C)OC(=O)C=CC(C(C(C(=O)C(C(C(C(=O)C(C(C(CC=CC=C1)C)O)(C)O)C)O)C)C)O)C)C,HEL,-1.357969,-1.4046521,-1.8903558,1.4665893,-4.1321487,-0.8292774
SKI-II,C1=CC(=CC=C1C2=CSC(=N2)NC3=CC=C(C=C3)O)Cl,HEL,3.5534275,1.8120115,4.0589385,4.4118524,3.3888483,4.095486
tryptanthrin,C1=CC=C2C(=C1)C(=O)N3C4=CC=CC=C4C(=O)C3=N2,HEL,2.0972455,2.173165,1.91789,2.9454272,1.1147313,2.335014
WZ8040,CN1CCN(CC1)C2=CC=C(C=C2)NC3=NC=C(C(=N3)SC4=CC=CC(=C4)NC(=O)C=C)Cl,HEL,3.0561843,1.2637548,3.4955964,4.1493144,2.9261541,3.446101
SB-239063,COC1=NC=CC(=N1)C2=C(N=CN2C3CCC(CC3)O)C4=CC=C(C=C4)F,HEL,4.4990554,2.7823493,4.812419,5.2263165,4.666063,5.008128
OTX015,CC1=C(SC2=C1C(=NC(C3=NN=C(N32)C)CC(=O)NC4=CC=C(C=C4)O)C5=CC=C(C=C5)Cl)C,HEL,0.814998,-0.16736853,0.21720454,2.2337556,0.035457134,1.7559413
OLDA,CCCCCCCCC=CCCCCCCCC(=O)NCCC1=CC(=C(C=C1)O)O,HEL,3.2438195,0.90930617,3.4810936,4.1343975,3.953188,3.7411108
AM-580,CC1(CCC(C2=C1C=CC(=C2)C(=O)NC3=CC=C(C=C3)C(=O)O)(C)C)C,HEL,4.186216,2.9258444,4.578229,4.704224,3.928793,4.793988
1-phenylbiguanide,C1=CC=C(C=C1)N=C(N)N=C(N)N,HEL,4.0749865,2.9202716,4.137001,4.5610213,4.8838153,3.8728242
RS-67506,COC1=CC(=C(C=C1C(=O)CCC2CCN(CC2)CCNS(=O)(=O)C)Cl)N.Cl,HEL,4.2871137,3.0038612,4.371191,4.7221246,4.7449455,4.5934453
filgotinib,C1CC1C(=O)NC2=NN3C(=N2)C=CC=C3C4=CC=C(C=C4)CN5CCS(=O)(=O)CC5,HEL,3.268251,2.2836437,3.5499818,3.8298526,3.176611,3.5011652
4E1RCat,C1=CC=C(C=C1)C2=CC(=CC3=CC=C(O3)C4=CC=C(C=C4)[N+](=O)[O-])C(=O)N2C5=CC=C(C=C5)C(=O)O,HEL,2.2976162,1.5174441,2.2156446,3.149684,1.9644903,2.6408184
aphidicolin,CC12CCC(C(C1CCC3C24CCC(C(C3)C4)(CO)O)(C)CO)O,HEL,2.6518207,1.2339627,2.3345013,3.4743323,2.73413,3.4821775
R306465,C1CN(CCN1C2=NC=C(C=N2)C(=O)NO)S(=O)(=O)C3=CC4=CC=CC=C4C=C3,HEL,3.4266136,2.7224436,3.281681,3.9613612,3.4604073,3.7071757
7-hydroxystaurosporine,CC12C(C(CC(O1)N3C4=CC=CC=C4C5=C6C(=C7C8=CC=CC=C8N2C7=C53)C(NC6=O)O)NC)OC,HEL,-2.5112157,-2.9288328,-2.647868,-1.0710486,-3.5453262,-2.3630037
cobimetinib,C1CCNC(C1)C2(CN(C2)C(=O)C3=C(C(=C(C=C3)F)F)NC4=C(C=C(C=C4)I)F)O,HEL,3.4286277,3.147356,3.1964447,3.6142602,3.7694116,3.4156656
TH-302,CN1C(=CN=C1[N+](=O)[O-])COP(=O)(NCCBr)NCCBr,HEL,1.6517546,-0.07340309,1.0889381,3.3677313,2.7854652,1.0900413
linsitinib,CC1(CC(C1)C2=NC(=C3N2C=CN=C3N)C4=CC5=C(C=C4)C=CC(=N5)C6=CC=CC=C6)O,HEL,3.861351,3.4204147,3.678694,4.146331,4.4541006,3.6072142
lestaurtinib,CC12C(CC(O1)N3C4=CC=CC=C4C5=C6C(=C7C8=CC=CC=C8N2C7=C53)CNC6=O)(CO)O,HEL,-1.6384398,-1.4913886,-2.2747893,-0.48130926,-1.9465088,-1.9982032
N-acetylmannosamine,CC(=O)NC(C=O)C(C(C(CO)O)O)O,HEL,-4.1164584,-4.6492376,-4.817249,-3.5762446,-3.70127,-3.8382926
SNX-5422,CC1(CC2=C(C(=O)C1)C(=NN2C3=CC(=C(C=C3)C(=O)N)NC4CCC(CC4)OC(=O)CN)C(F)(F)F)C,HEL,0.39812297,-0.9190499,0.6016646,2.1972287,-1.3049142,1.4156858
5-hydroxymethyl-tolterodine,CC(C)N(CCC(C1=CC=CC=C1)C2=C(C=CC(=C2)CO)O)C(C)C,HEL,0.9287634,-1.2256527,0.25426042,2.5985932,0.7745136,2.2421024
CH5132799,CS(=O)(=O)N1CCC2=C(N=C(N=C21)N3CCOCC3)C4=CN=C(N=C4)N,HEL,4.5207243,3.0038612,4.9379992,5.3217845,4.7992163,4.54076
dichlorisone-acetate,CC(=O)OCC(=O)C1(CCC2C1(CC(C3(C2CCC4=CC(=O)C=CC43C)Cl)Cl)C)O,HEL,2.9514127,0.58802795,3.42127,3.991195,3.034306,3.7222645
AP1903,CCC(C1=CC(=C(C(=C1)OC)OC)OC)C(=O)N2CCCCC2C(=O)OC(CCC3=CC(=C(C=C3)OC)OC)C4=CC(=CC=C4)OCC(=O)NCCNC(=O)COC5=CC=CC(=C5)C(CCC6=CC(=C(C=C6)OC)OC)OC(=O)C7CCCCN7C(=O)C(CC)C8=CC(=C(C(=C8)OC)OC)OC,HEL,1.4839255,-0.86451524,1.09108,2.3881726,2.916803,1.8880874
tipranavir,CCCC1(CC(=C(C(=O)O1)C(CC)C2=CC(=CC=C2)NS(=O)(=O)C3=NC=C(C=C3)C(F)(F)F)O)CCC4=CC=CC=C4,HEL,2.4686007,1.7366672,2.6139207,3.2595153,1.8285099,2.9043903
irinotecan,CCC1=C2CN3C(=CC4=C(C3=O)COC(=O)C4(CC)O)C2=NC5=C1C=C(C=C5)OC(=O)N6CCC(CC6)N7CCCCC7,HEL,1.9926541,0.41530555,1.9271088,2.5214605,2.967626,2.1317694
betulinic-acid,CC(=C)C1CCC2(C1C3CCC4C5(CCC(C(C5CCC4(C3(CC2)C)C)(C)C)O)C)C(=O)O,HEL,0.32313177,-6.145609,2.1299238,3.0850775,-0.32337177,2.8696382
sulfabenzamide,C1=CC=C(C=C1)C(=O)NS(=O)(=O)C2=CC=C(C=C2)N,HEL,3.8844802,2.8081226,3.943369,4.408869,4.0458894,4.216152
SB-225002,C1=CC=C(C(=C1)NC(=O)NC2=C(C=C(C=C2)[N+](=O)[O-])O)Br,HEL,2.8216712,0.744398,2.793536,3.6190736,3.5986462,3.352703
erastin,CCOC1=CC=CC=C1N2C(=O)C3=CC=CC=C3N=C2C(C)N4CCN(CC4)C(=O)COC5=CC=C(C=C5)Cl,HEL,2.202989,0.25732225,2.1548147,3.2498245,2.599186,2.7537978
FPH1-(BRD-6125),CC1=C(C=C(C=C1)Cl)N(CC(=O)NC2=C(C=CC=C2F)F)S(=O)(=O)C,HEL,4.365715,4.211012,3.8835452,4.417819,5.0643578,4.251842
Y-27632,CC(C1CCC(CC1)C(=O)NC2=CC=NC=C2)N,HEL,5.614711,4.5039473,5.939246,6.1989007,5.4987926,5.9326663
MK-0773,CC12CCC3C(C1CCC2C(=O)NCC4=NC5=C(N4)C=CC=N5)CCC6C3(C=C(C(=O)N6C)F)C,HEL,4.9078712,3.8851058,5.1925535,5.0144963,5.248725,5.198474
mibampator,CC(C)S(=O)(=O)NCC(C)C1=CC=C(C=C1)C2=CC=C(C=C2)CCNS(=O)(=O)C,HEL,3.6077874,1.8415015,4.0127544,4.468537,3.5815697,4.1345754
rigosertib,COC1=C(C=C(C=C1)CS(=O)(=O)C=CC2=C(C=C(C=C2OC)OC)OC)NCC(=O)O,HEL,3.38824,3.1111338,2.833653,3.5227072,4.393926,3.0797808
dovitinib,CN1CCN(CC1)C2=CC3=C(C=C2)N=C(N3)C4=C(C5=C(C=CC=C5F)NC4=O)N,HEL,2.9939563,2.2263288,2.8117707,3.5355952,3.4311328,2.9649546
proflavine-hemisulfate,C1=CC(=CC2=NC3=C(C=CC(=C3)N)C=C21)N,HEL,5.4780555,3.8356493,6.095373,6.1153655,5.207281,6.136608
taltobulin,CC(C)C(C=C(C)C(=O)O)N(C)C(=O)C(C(C)(C)C)NC(=O)C(C(C)(C)C1=CC=CC=C1)NC,HEL,-2.2965312,-3.898605,-2.6430018,0.16135642,-3.2958713,-1.8065349
SR-33805,CC(C)C1=C(C2=CC=CC=C2N1C)S(=O)(=O)C3=CC=C(C=C3)OCCCN(C)CCC4=CC(=C(C=C4)OC)OC,HEL,3.1068993,3.0163994,2.7953594,3.7834327,2.8863091,3.0529952
GSK2126458,COC1=C(C=C(C=N1)C2=CC3=C(C=CN=C3C=C2)C4=CN=NC=C4)NS(=O)(=O)C5=C(C=C(C=C5)F)F,HEL,2.3942566,2.0305645,2.1621897,2.5854642,3.0603275,2.1327372
TU-2100,CCOC(=O)C1=CC=CC=C1OC(=O)CCCCCCCC(=O)OC2=CC=CC=C2C(=O)OCC,HEL,1.1746097,-1.2649379,1.8267916,3.2239816,-0.6897532,2.776966
ipsapirone,C1CN(CCN1CCCCN2C(=O)C3=CC=CC=C3S2(=O)=O)C4=NC=CC=N4,HEL,4.6970615,3.6484292,4.649504,5.2501836,4.7591105,5.1780796
oprozomib,CC1=NC=C(S1)C(=O)NC(COC)C(=O)NC(COC)C(=O)NC(CC2=CC=CC=C2)C(=O)C3(CO3)C,HEL,3.240872,2.8791735,2.8464174,3.5966105,3.6401176,3.2420413
CS-110266,C1CCC(CC1)(C2=CC3=CC=CC=C3S2)N4CCCCC4,HEL,5.6166887,4.312461,6.020704,6.362986,5.1759076,6.2113876
PD-184352,C1CC1CONC(=O)C2=C(C(=C(C=C2)F)F)NC3=C(C=C(C=C3)I)Cl,HEL,3.135898,2.2482457,3.209167,3.6782439,3.097733,3.446101
PU-H71,CC(C)NCCCN1C2=NC=NC(=C2N=C1SC3=C(C=C4C(=C3)OCO4)I)N,HEL,3.1288054,2.3554215,3.209167,3.7421038,3.0952935,3.2420413
AZD2461,COC1CCN(CC1)C(=O)C2=C(C=CC(=C2)CC3=NNC(=O)C4=CC=CC=C43)F,HEL,2.6711936,2.1661844,2.564686,3.578961,1.8804127,3.165723
TMC-353121,CC1=CC(=C(C=C1)CCCO)NCC2=CC3=C(C=C2)N=C(N3CC4=C(C=CC(=N4)C)O)NCCCN5CCOCC5,HEL,3.1423707,2.5312064,3.138118,3.6238878,3.3197289,3.098913
venetoclax,CC1(CCC(=C(C1)C2=CC=C(C=C2)Cl)CN3CCN(CC3)C4=CC(=C(C=C4)C(=O)NS(=O)(=O)C5=CC(=C(C=C5)NCC6CCOCC6)[N+](=O)[O-])OC7=CN=C8C(=C7)C=CN8)C,HEL,2.0880153,0.83079624,2.2091937,2.8398411,2.4739637,2.0862813
darapladib,CCN(CC)CCN(CC1=CC=C(C=C1)C2=CC=C(C=C2)C(F)(F)F)C(=O)CN3C4=C(CCC4)C(=O)N=C3SCC5=CC=C(C=C5)F,HEL,3.4514382,2.337477,3.8001544,4.080696,3.2619934,3.7768688
AV-412,CC1=CC=C(C=C1)S(=O)(=O)O.CC1=CC=C(C=C1)S(=O)(=O)O.CC(C)(C#CC1=CC2=C(C=C1NC(=O)C=C)C(=NC=N2)NC3=CC(=C(C=C3)F)Cl)N4CCN(CC4)C,HEL,3.164439,1.3831062,3.7983415,4.280583,2.4612107,3.8989542
telatinib,CNC(=O)C1=NC=CC(=C1)COC2=NN=C(C3=C2OC=C3)NC4=CC=C(C=C4)Cl,HEL,1.881263,0.97475725,2.1188612,3.1722963,0.86442316,2.2759764
PKI-179,C1CC2COCC1N2C3=NC(=NC(=N3)N4CCOCC4)C5=CC=C(C=C5)NC(=O)NC6=CC=NC=C6,HEL,2.4153645,-0.44065696,2.8044767,3.424262,3.4644728,2.8242676
kifunensine,C(C1C(C(C(C2N1C(=O)C(=O)N2)O)O)O)O,HEL,3.4312503,1.7835741,3.3795745,4.044896,3.844223,4.103984
PD-153035,COC1=C(C=C2C(=C1)C(=NC=N2)NC3=CC(=CC=C3)Br)OC,HEL,1.5418097,0.9224511,1.7726042,2.3782635,0.6738149,1.9619151
E7449,C1C2=CC=CC=C2CN1CC3=NC4=NNC(=O)C5=C4C(=CC=C5)N3,HEL,1.855686,-0.41233498,2.3756406,2.9665444,1.8771015,2.4714787
echinomycin,CC1C(=O)N(C2CSC(C(C(=O)N(C(C(=O)OCC(C(=O)N1)NC(=O)C3=NC4=CC=CC=C4N=C3)C(C)C)C)N(C(=O)C(NC(=O)C(COC(=O)C(N(C2=O)C)C(C)C)NC(=O)C5=NC6=CC=CC=C6N=C5)C)C)SC)C,HEL,-3.3748398,-4.6492376,-3.431081,-1.6794382,-4.1799383,-2.9345045
idazoxan,C1CN=C(N1)C2COC3=CC=CC=C3O2,HEL,5.6918745,5.0398474,5.969793,6.219784,5.181718,6.0482335
gastrodin,C1=CC(=CC=C1CO)OC2C(C(C(C(O2)CO)O)O)O,HEL,1.475797,0.35582125,1.7334754,3.11092,-0.6850778,2.863846
ribociclib,CN(C)C(=O)C1=CC2=CN=C(N=C2N1C3CCCC3)NC4=NC=C(C=C4)N5CCNCC5,HEL,3.1030645,2.2405748,3.2164185,3.9136271,3.0993595,3.0453422
cariporide,CC(C)C1=C(C=C(C=C1)C(=O)N=C(N)N)S(=O)(=O)C,HEL,3.7220924,2.9188786,3.5409176,4.0717463,4.379289,3.6996315
TAK-285,CC(C)(CC(=O)NCCN1C=CC2=C1C(=NC=N2)NC3=CC(=C(C=C3)OC4=CC=CC(=C4)C(F)(F)F)Cl)O,HEL,3.8127818,2.3281457,4.1217284,4.540138,3.8458495,4.2280483
satraplatin,CC(=O)[O-].CC(=O)[O-].C1CCC(CC1)N.N.[Cl-].[Cl-].[Pt+4],HEL,2.7642207,1.4346032,3.3378792,4.047879,1.5698309,3.4309106
finafloxacin,C1CC1N2C=C(C(=O)C3=CC(=C(C(=C32)C#N)N4CC5C(C4)OCCN5)F)C(=O)O,HEL,1.9417343,0.34035143,2.5464509,3.219136,0.99964714,2.6030867
dienogest,CC12CCC3=C4CCC(=O)C=C4CCC3C1CCC2(CC#N)O,HEL,5.405278,3.3145347,6.115737,5.739459,5.4243364,6.432325
cetylpyridinium,CCCCCCCCCCCCCCCC[N+]1=CC=CC=C1,HEL,-0.22579496,-1.6623237,-0.8764701,2.5395129,-2.113381,0.98368704
diaveridine,COC1=C(C=C(C=C1)CC2=CN=C(N=C2N)N)OC,HEL,2.0977883,1.3037963,1.8211957,3.0201497,2.967626,1.3761731
U-18666A,CCN(CC)CCOC1CCC2(C3CCC4(C(C3CC=C2C1)CCC4=O)C)C.Cl,HEL,-3.3536963,-4.574001,-3.4069164,-1.7582563,-4.2558384,-2.7734704
tasisulam,C1=CC(=C(C=C1Cl)Cl)C(=O)NS(=O)(=O)C2=CC=C(S2)Br,HEL,3.6253636,3.1250656,3.2871196,3.9210856,3.9076505,3.8858964
ispinesib,CC1=CC=C(C=C1)C(=O)N(CCCN)C(C2=NC3=C(C=CC(=C3)Cl)C(=O)N2CC4=CC=CC=C4)C(C)C,HEL,4.183433,3.2434838,4.33216,4.787759,3.8702445,4.68352
uric-acid,C12=C(NC(=O)N1)NC(=O)NC2=O,HEL,2.7433143,-0.8996621,3.557233,4.0747294,2.9851093,3.9991622
FK-3311,CC(=O)C1=CC(=C(C=C1)NS(=O)(=O)C)OC2=C(C=C(C=C2)F)F,HEL,2.4845967,0.99961156,2.6777432,3.3499644,2.434545,2.96112
NVP-AUY922,CCNC(=O)C1=NOC(=C1C2=CC=C(C=C2)CN3CCOCC3)C4=CC(=C(C=C4O)O)C(C)C,HEL,-1.6971157,-3.642914,-2.4710612,1.8771878,-2.4068456,-1.8419455
RAF265,CN1C2=C(C=C(C=C2)OC3=CC(=NC=C3)C4=NC=C(N4)C(F)(F)F)N=C1NC5=CC=C(C=C5)C(F)(F)F,HEL,3.020226,2.3353236,3.1053088,3.461411,3.1326995,3.066388
AMG900,CC1=CSC(=C1)C2=NN=C(C3=CC=CC=C32)NC4=CC=C(C=C4)OC5=C(C=CC=N5)C6=NC(=NC=C6)N,HEL,2.1137893,0.9942015,1.9556873,2.7959824,2.8703556,1.9527206
DVD-111,CCOC(=O)CNC(=O)C1CCCN1C(=O)CC2=CC=CC=C2,HEL,0.856229,-0.39377064,0.8883309,2.5772588,-0.9021195,2.1114452
cinalukast,CCC(CC)(CC(=O)NC1=CC=CC(=C1)C=CC2=NC(=CS2)C3CCC3)C(=O)O,HEL,3.998591,3.0985954,3.9034865,4.3730683,4.4866276,4.1311765
zardaverine,COC1=C(C=CC(=C1)C2=NNC(=O)C=C2)OC(F)F,HEL,4.1383467,3.2629879,3.9469812,4.6356063,4.6215076,4.22465
idasanutlin,CC(C)(C)CC1C(C(C(N1)C(=O)NC2=C(C=C(C=C2)C(=O)O)OC)C3=C(C(=CC=C3)Cl)F)(C#N)C4=C(C=C(C=C4)Cl)F,HEL,3.6038346,3.058194,3.5753617,4.0717463,3.4335728,3.8802996
lucitanib,CNC(=O)C1=CC=CC2=C1C=CC(=C2)OC3=C4C=C(C(=CC4=NC=C3)OCC5(CC5)N)OC,HEL,2.832115,-0.020785034,3.711325,3.9762778,2.705597,3.7881606
dacinostat,C1=CC=C2C(=C1)C(=CN2)CCN(CCO)CC3=CC=C(C=C3)C=CC(=O)NO,HEL,1.987916,1.8054202,2.094892,2.794358,0.8924749,2.3524354
bindarit,CC(C)(C(=O)O)OCC1=NN(C2=CC=CC=C21)CC3=CC=CC=C3,HEL,1.6002929,-0.8373737,2.612097,3.6142602,-0.72877395,3.3412552
tivantinib,C1CC2=C3C(=CC=C2)C(=CN3C1)C4C(C(=O)NC4=O)C5=CNC6=CC=CC=C65,HEL,1.880955,-0.20532277,2.0543292,2.646114,2.6965866,2.2130673
BGT226,CN1C2=CN=C3C=CC(=CC3=C2N(C1=O)C4=CC(=C(C=C4)N5CCNCC5)C(F)(F)F)C6=CN=C(C=C6)OC.C(=CC(=O)O)C(=O)O,HEL,1.1294968,0.83620644,1.0978118,1.9878849,0.8982291,0.8273519
AR-12,C1=CC=C2C(=C1)C=CC3=C2C=CC(=C3)C4=CC(=NN4C5=CC=C(C=C5)NC(=O)CN)C(F)(F)F,HEL,0.7514262,0.029294804,0.86448216,2.094498,-0.5710726,1.3399287
LY2874455,CC(C1=C(C=NC=C1Cl)Cl)OC2=CC3=C(C=C2)NN=C3C=CC4=CN(N=C4)CCO,HEL,1.8997761,-1.0973375,2.1004233,2.9454272,3.2985864,2.2517807
LCL-161,CC(C(=O)NC(C1CCCCC1)C(=O)N2CCCC2C3=NC(=CS3)C(=O)C4=CC=C(C=C4)F)NC,HEL,3.979669,3.4817135,3.5409176,4.2417994,4.7293644,3.9045506
DU-728,C(CC(C(=O)NCC(=O)NC(CC(=O)O)C(=O)NC(CO)C(=O)O)N)CN=C(N)N,HEL,3.5209305,2.1294441,3.3777616,3.6351037,4.6892385,3.773105
givinostat,CCN(CC)CC1=CC2=C(C=C1)C=C(C=C2)COC(=O)NC3=CC=C(C=C3)C(=O)NO,HEL,2.625898,1.8958554,2.8719463,3.6382992,1.7488455,2.9745424
CEP-32496,CC(C)(C1=CC(=NO1)NC(=O)NC2=CC(=CC=C2)OC3=NC=NC4=CC(=C(C=C43)OC)OC)C(F)(F)F,HEL,3.4437833,3.1696465,3.2000902,3.933019,3.6035252,3.312636
ambazone,C1=CC(=CC=C1NN=C(N)N)N=NC(=S)N,HEL,2.0568893,0.020666897,1.803475,3.5355952,2.838429,2.0862813
merimepodib,COC1=C(C=CC(=C1)NC(=O)NC2=CC=CC(=C2)CNC(=O)OC3CCOC3)C4=CN=CO4,HEL,3.1272817,1.7073109,3.2236698,3.9628532,3.220522,3.5220516
galeterone,CC12CCC(CC1=CCC3C2CCC4(C3CC=C4N5C=NC6=CC=CC=C65)C)O,HEL,2.8325,-0.25860465,3.3795745,3.799229,3.967825,3.2744768
xilobam,CC1=C(C(=CC=C1)C)NC(=O)N=C2CCCN2C,HEL,2.1569211,0.39317864,1.7506921,3.177142,3.062767,2.4008267
navarixin,CCC(C1=CC=C(O1)C)NC2=C(C(=O)C2=O)NC3=CC=CC(=C3O)C(=O)N(C)C,HEL,0.43997106,-2.2235034,-0.13233455,2.4096422,0.6277812,1.5182697
TAS-103,CN(C)CCNC1=NC2=C(C=CC(=C2)O)C3=C1C(=O)C4=CC=CC=C43.Cl.Cl,HEL,2.6069808,1.2139742,2.8865345,3.9524112,1.5377818,3.4442022
I-BET-762,CCNC(=O)CC1C2=NN=C(N2C3=C(C=C(C=C3)OC)C(=N1)C4=CC=C(C=C4)Cl)C,HEL,2.9405334,1.1453922,3.5082867,4.2298656,2.0554276,3.7636945
orotic-acid,C1=C(NC(=O)NC1=O)C(=O)O,HEL,1.6312187,-2.2867906,2.5355082,3.6078422,0.85723037,3.4423034
AS-703026,C1=CC(=C(C=C1I)F)NC2=C(C=CN=C2)C(=O)NCC(CO)O,HEL,2.8702102,2.3130727,2.7078311,3.4097257,3.0855355,2.8348863
buparlisib,C1COCCN1C2=NC(=NC(=C2)C3=CN=C(C=C3C(F)(F)F)N)N4CCOCC4,HEL,1.5250818,0.77678275,2.0690792,2.431112,0.44364646,1.9047886
ixazomib-citrate,B1(OC(=O)CC(O1)(CC(=O)O)C(=O)O)C(CC(C)C)NC(=O)CNC(=O)C2=C(C=CC(=C2)Cl)Cl,HEL,1.8981006,-0.42656612,2.223882,2.870705,2.0030422,2.8194406
MEK162,CN1C=NC2=C1C=C(C(=C2F)NC3=C(C=C(C=C3)Br)F)C(=O)NOCCO,HEL,3.4823174,3.424594,3.2000902,3.7723076,3.3790898,3.6355054
GSK923295,CC(C)OC1=C(C=C(C=C1)C(=O)NC(CC2=CC=C(C=C2)C3=CN4C=CC=C(C4=N3)C(C)O)CNC(=O)CN(C)C)Cl,HEL,2.4723897,1.9440367,2.3509572,3.0006568,2.2738862,2.7924113
GSK1070916,CCN1C=C(C(=N1)C2=CC=C(C=C2)NC(=O)N(C)C)C3=C4C=C(NC4=NC=C3)C5=CC=CC(=C5)CN(C)C,HEL,2.209388,0.010470331,2.5573921,3.0315204,2.8773642,2.5701926
pyroxamide,C1=CC(=CN=C1)NC(=O)CCCCCCC(=O)NO,HEL,2.665093,-0.34093374,3.028755,3.8718598,3.4913073,3.2744768
ercalcitriol,CC(C=CC(C)C(C)(C)O)C1CCC2C1(CCCC2=CC=C3CC(CC(C3=C)O)O)C,HEL,1.6790121,1.3634307,2.0570948,2.662413,-0.33159852,2.6437209
XBD173,CCN(CC1=CC=CC=C1)C(=O)CN2C3=NC(=NC=C3N(C2=O)C)C4=CC=CC=C4,HEL,-1.8317811,-0.23889762,-3.3117473,1.1633006,-3.9859705,-2.7855914
hyodeoxycholic-acid,CC(CCC(=O)O)C1CCC2C1(CCC3C2CC(C4C3(CCC(C4)O)C)O)C,HEL,2.250519,0.6322994,2.4816434,3.0753791,2.0389767,3.0242965
PD-407824,C1=CC=C(C=C1)C2=CC3=C(C4=C(N3)C=CC(=C4)O)C5=C2C(=O)NC5=O,HEL,2.1911662,0.95019615,2.3811262,2.956798,2.1333227,2.5343874
DCEBIO,CCN1C2=CC(=C(C=C2NC1=O)Cl)Cl,HEL,1.2603214,-0.17320767,1.5415928,2.9389298,0.54434514,1.449947
CNX-2006,COC1=C(C=CC(=C1)NC2CN(C2)CCF)NC3=NC=C(C(=N3)NC4=CC(=CC=C4)NC(=O)C=C)C(F)(F)F,HEL,2.8464808,2.343937,2.7187722,3.3596554,2.9944606,2.8155794
BI-78D3,C1COC2=C(O1)C=CC(=C2)N3C(=O)NN=C3SC4=NC=C(S4)[N+](=O)[O-],HEL,4.4433274,3.274133,4.4950747,5.077147,4.812525,4.5577555
tremorine,C1CCN(C1)CC#CCN2CCCC2,HEL,4.544469,4.6256866,4.0058084,4.743008,4.7883854,4.559455
stattic,C1=CC(=CC2=C1C=CS2(=O)=O)[N+](=O)[O-],HEL,5.120883,3.8813016,5.3045573,5.825977,4.67691,5.9156713
MK-8745,C1CN(CCN1CC2=NC(=CC=C2)NC3=NC=CS3)C(=O)C4=C(C(=CC=C4)Cl)F,HEL,3.7517009,3.2769194,3.560859,4.104563,4.0995584,3.716606
GSK2656157,CC1=NC(=CC=C1)CC(=O)N2CCC3=C2C=CC(=C3F)C4=CN(C5=NC=NC(=C45)N)C,HEL,4.703824,3.3479702,5.0737615,5.3247685,4.757694,5.014926
CEP-33779,CN1CCN(CC1)C2=CC=CC(=C2)NC3=NN4C=CC=C(C4=N3)C5=CC=C(C=C5)S(=O)(=O)C,HEL,2.1416726,0.012039036,2.7169487,3.2724366,1.952175,2.7547634
PR-619,C1=C(C(=NC(=C1SC#N)N)N)SC#N,HEL,1.0889369,-0.24546665,1.0106232,2.4079907,0.77810997,1.4934274
XL388,CC1=C(C=CC(=C1F)S(=O)(=O)C)C(=O)N2CCOC3=C(C2)C=C(C=C3)C4=CN=C(C=C4)N,HEL,4.2950716,2.6525218,4.6868386,4.9906287,4.432958,4.712412
flumethasone-pivalate,CC1CC2C3CC(C4=CC(=O)C=CC4(C3(C(CC2(C1(C(=O)COC(=O)C(C)(C)C)O)C)O)F)C)F,HEL,1.480571,-0.038406163,1.5761836,2.7047803,0.9636833,2.1966143
TAK-632,C1CC1C(=O)NC2=NC3=C(S2)C(=C(C=C3)OC4=CC(=C(C=C4)F)NC(=O)CC5=CC(=CC=C5)C(F)(F)F)C#N,HEL,2.5533938,2.3453724,2.5628626,2.9779153,2.2458057,2.6350133
fenaclon,C1=CC=C(C=C1)CCNC(=O)CCCl,HEL,2.9680886,2.4480143,2.6713612,3.5339842,2.9851093,3.2019742
PHA-680632,CCC1=C(C(=CC=C1)CC)NC(=O)N2CC3=C(C2)NN=C3NC(=O)C4=CC=C(C=C4)N5CCN(CC5)C,HEL,1.6143706,1.4598956,1.7754242,2.67219,0.26346776,1.9008747
deforolimus,CC1CCC2CC(C(=CC=CC=CC(CC(C(=O)C(C(C(=CC(C(=O)CC(OC(=O)C3CCCCN3C(=O)C(=O)C1(O2)O)C(C)CC4CCC(C(C4)OC)OP(=O)(C)C)C)C)O)OC)C)C)C)OC,HEL,-2.018617,-1.2861745,-3.154924,-1.1193289,-2.126328,-2.406329
ZSTK-474,C1COCCN1C2=NC(=NC(=N2)N3C4=CC=CC=C4N=C3C(F)F)N5CCOCC5,HEL,-0.22058101,0.24565187,-0.7333217,1.3318452,-0.49959445,-1.4474859
talmapimod,CC1CN(C(CN1C(=O)C2=C(C=C3C(=C2)C(=CN3C)C(=O)C(=O)N(C)C)Cl)C)CC4=CC=C(C=C4)F,HEL,1.4128636,1.4953089,1.0776163,2.3204603,0.46450552,1.7064272
nemorubicin,CC1C(C(CC(O1)OC2CC(CC3=C2C(=C4C(=C3O)C(=O)C5=C(C4=O)C(=CC=C5)OC)O)(C(=O)CO)O)N6CCOC(C6)OC)O,HEL,0.29662177,-1.8280413,-0.6527408,1.8541099,0.47097898,1.638802
"CP-945,598",CCNC1(CCN(CC1)C2=NC=NC3=C2N=C(N3C4=CC=C(C=C4)Cl)C5=CC=CC=C5Cl)C(=O)N,HEL,2.011892,0.07087326,2.5738037,3.286973,1.4686153,2.6591947
SR-57227A,C1CN(CCC1N)C2=NC(=CC=C2)Cl.Cl,HEL,3.9999156,3.3869786,4.125122,4.7310743,3.215643,4.54076
AR-42,CC(C)C(C1=CC=CC=C1)C(=O)NC2=CC=C(C=C2)C(=O)NO,HEL,3.446312,2.5846827,3.3197505,4.0568295,3.3937273,3.876569
cebranopadol,CN(C)C1(CCC2(CC1)C3=C(CCO2)C4=C(N3)C=CC(=C4)F)C5=CC=CC=C5,HEL,3.0833786,1.625097,3.3922644,3.9121354,2.819828,3.6675684
indirubin,C1=CC=C2C(=C1)C(=C(N2)O)C3=NC4=CC=CC=C4C3=O,HEL,1.468228,1.0729339,1.0031165,2.424506,1.0586277,1.7819561
JTC-801,CCC1=CC=C(C=C1)OCC2=CC=CC=C2C(=O)NC3=CC4=C(C=C(N=C4C=C3)C)N.Cl,HEL,3.4121947,2.7719004,3.5227892,4.0329623,3.196127,3.5371957
tideglusib,C1=CC=C(C=C1)CN2C(=O)N(SC2=O)C3=CC=CC4=CC=CC=C43,HEL,1.8326826,2.3877213,-1.0141163,3.1367629,3.0180426,1.6350027
cytochlor,C1C(C(OC1N2C=C(C(=NC2=O)N)Cl)CO)O,HEL,5.0343375,4.126048,5.504807,5.6678576,4.2394238,5.6335506
neratinib,CCOC1=C(C=C2C(=C1)N=CC(=C2NC3=CC(=C(C=C3)OCC4=CC=CC=N4)Cl)C#N)NC(=O)C=CCN(C)C,HEL,1.9882689,1.8394399,1.8239938,2.5247428,1.934097,1.8190705
PCI-24781,CN(C)CC1=C(OC2=CC=CC=C21)C(=O)NCCOC3=CC=C(C=C3)C(=O)NO,HEL,3.8457215,2.9676392,4.0809994,4.584889,3.3449368,4.2501426
YM-976,CCC1=NC2=C(C=C1)C(=NC(=O)N2CC)C3=CC(=CC=C3)Cl,HEL,1.3604791,0.54392004,1.7387362,2.8869488,-0.6886742,2.3214648
fosbretabulin,COC1=C(C=C(C=C1)C=CC2=CC(=C(C(=C2)OC)OC)OC)OP(=O)(O)O,HEL,3.1828003,2.7468238,2.5373333,3.540428,4.0995584,2.9898582
xanomeline,CCCCCCOC1=NSN=C1C2=CCCN(C2)C,HEL,3.43469,-0.24984598,4.0040674,4.766875,3.9076505,4.7447023
saracatinib,CN1CCN(CC1)CCOC2=CC3=C(C(=C2)OC4CCOCC4)C(=NC=N3)NC5=C(C=CC6=C5OCO6)Cl,HEL,3.109844,2.37839,3.041514,3.5901923,3.3237944,3.21533
selinexor,C1=CN=C(C=N1)NNC(=O)C=CN2C=NC(=N2)C3=CC(=CC(=C3)C(F)(F)F)C(F)(F)F,HEL,3.0426235,1.6981306,3.4847195,3.9270523,2.624835,3.47838
CYT-997,CCCC(C1=CN=CC=C1)NC2=NC(=NC=C2C)C3=CC(=C(C=C3)NC(=O)NCC)OC,HEL,0.70837563,-1.6114721,0.036351472,2.4673035,1.3650395,1.2846562
KW-2449,C1CN(CCN1)C(=O)C2=CC=C(C=C2)C=CC3=NNC4=CC=CC=C43,HEL,3.0739222,2.2692556,3.2961838,4.006112,2.238154,3.5599048
brefeldin-a,CC1CCCC=CC2CC(CC2C(C=CC(=O)O1)O)O,HEL,4.3885765,2.407101,4.7750845,4.760908,4.7605267,5.2392626
kenpaullone,C1C2=C(C3=CC=CC=C3NC1=O)NC4=C2C=C(C=C4)Br,HEL,2.8750148,2.3231215,2.6294205,3.791351,2.4044018,3.2267778
methiazole,CC(C)SC1=CC2=C(C=C1)N=C(N2)NC(=O)OC,HEL,2.4163067,1.2210264,2.9904742,3.718188,1.0758904,3.0759542
GSK-3-inhibitor-IX,C1=CC=C2C(=C1)C(=C(N2)C3=C(NC4=C3C=CC(=C4)Br)O)N=O,HEL,2.8744543,1.5191467,3.2762423,3.8100564,2.3587923,3.4080336
chicago-sky-blue-6b,COC1=C(C=CC(=C1)C2=CC(=C(C=C2)NN=C3C=CC4=C(C3=O)C(=C(C=C4S(=O)(=O)O)S(=O)(=O)O)N)OC)NN=C5C=CC6=C(C5=O)C(=C(C=C6S(=O)(=O)O)S(=O)(=O)O)N,HEL,0.19334364,-0.6437636,-0.7031982,1.9376487,1.3995647,-1.0235335
SB-200646,CN1C=CC2=C1C=CC(=C2)NC(=O)NC3=CN=CC=C3,HEL,4.525895,2.761452,5.08055,5.387419,4.2117763,5.1882772
caffeic-acid-phenethyl-ester,C1=CC=C(C=C1)CCOC(=O)C=CC2=CC(=C(C=C2)O)O,HEL,3.0720553,2.483185,2.8245354,3.788187,3.0070648,3.2573051
KF-38789,CC1=CC(=C(C(=O)O1)C2=NCCSC(C2)C3=C(C=C(C=C3)OC)OC)O,HEL,4.0959225,2.7886183,4.328766,4.8354926,3.904398,4.6223373
GSK-J4,CCOC(=O)CCNC1=CC(=NC(=N1)C2=CC=CC=N2)N3CCC4=CC=CC=C4CC3,HEL,4.4187737,3.723182,4.371191,4.7907424,4.873635,4.3351183
KPT-185,CC(C)OC(=O)C=CN1C=NC(=N1)C2=CC(=CC(=C2)OC)C(F)(F)F,HEL,4.7329826,3.0080404,5.2027354,5.506755,4.725115,5.222267
OSI-420,COCCOC1=C(C=C2C(=C1)N=CN=C2NC3=CC=CC(=C3)C#C)OCCO,HEL,3.302482,2.8457377,3.087082,3.83888,3.733632,3.0070772
NAN-190,COC1=CC=CC=C1N2CCN(CC2)CCCCN3C(=O)C4=CC=CC=C4C3=O,HEL,3.976565,2.7523966,4.2540965,4.5908556,3.732819,4.552657
beta-naphthol,C1=CC=C2C=C(C=CC2=C1)O,HEL,2.5489538,1.9276242,2.7825947,3.4339533,1.5935194,3.0070772
AZD2858,CN1CCN(CC1)S(=O)(=O)C2=CC=C(C=C2)C3=CN=C(C(=N3)C(=O)NC4=CN=CC=C4)N,HEL,3.511659,2.250434,3.691384,4.2537327,3.6555676,3.7071757
NU6027,C1CCC(CC1)COC2=NC(=NC(=C2N=O)N)N,HEL,3.0371258,1.3461092,3.2399857,4.044896,3.3278604,3.2267778
aurora-a-inhibitor-i,CCN1CCN(CC1)C(=O)CC2=CC=C(C=C2)NC3=NC=C(C(=N3)NC4=CC=C(C=C4)C(=O)NC5=CC=CC=C5Cl)F,HEL,2.9789186,1.0098851,3.2671783,3.9419692,3.2961469,3.3794143
NSC-697923,CC1=CC=C(C=C1)S(=O)(=O)C2=CC=C(O2)[N+](=O)[O-],HEL,3.4746578,2.4085367,3.308874,4.131414,3.7645326,3.7599308
golgicide-a,C1C=CC2C1C(NC3=C2C=C(C=C3F)F)C4=CN=CC=C4,HEL,4.166645,3.2406971,4.5375004,4.6117387,4.0214944,4.421794
spermidine,C(CCNCCCN)CN,HEL,2.052939,1.6008749,1.8575698,1.9776672,2.8944407,1.9341425
dianhydrogalactitol,C1C(O1)C(C(C2CO2)O)O,HEL,-0.45728213,-2.5245345,-0.9982388,2.6526358,-3.850974,2.4347007
carmustine,C(CCl)NC(=O)N(CCCl)N=O,HEL,-1.2442646,-1.3286476,-2.4402416,0.7335494,-1.952263,-1.2337204
cisplatin,N.N.Cl[Pt]Cl,HEL,3.8357422,2.8951948,4.4747105,4.3760514,3.043251,4.3895035
dichlorvos,COP(=O)(OC)OC=C(Cl)Cl,HEL,2.5558877,1.0456975,2.4213512,3.628701,2.5389533,3.1447356
sevoflurane,C(OC(C(F)(F)F)C(F)(F)F)F,HEL,3.708157,2.5147674,4.060635,3.8343663,4.0117364,4.1192794
ornithine,C(CC(C(=O)O)N)CN,HEL,1.7874548,0.86789507,2.4039814,2.6901145,0.20700455,2.768278
ammonium-lactate,CC(C(=O)O)O.N,HEL,3.1237054,1.573312,3.597116,3.6878307,2.7979684,3.9623005
pyrithione-zinc,C1=CC=[N+](C(=C1)[S-])O.C1=CC=[N+](C(=C1)[S-])O.[Zn+2],HEL,-3.4417663,-4.443033,-4.2797604,-2.0105624,-2.530561,-3.9449146
oxaliplatin,C1CCC(C(C1)[NH-])[NH-].C(=O)(C(=O)O)O.[Pt+2],HEL,2.8048916,1.337465,3.187331,3.6734507,2.4983106,3.3278997
foscarnet,C(=O)(O)P(=O)(O)O,HEL,0.30868927,1.9261324,-2.3218298,2.4410212,1.1693963,-1.671274
fluroxene,C=COCC(F)(F)F,HEL,3.3904762,1.8936062,3.8418498,3.9822447,3.5067577,3.7279224
phenylmercuric-acetate,CC(=O)O[Hg]C1=CC=CC=C1,HEL,3.9662566,-0.17685711,4.914241,5.154715,4.2410502,5.6981325
captamine,CN(C)CCS,HEL,5.978977,4.2718816,6.760608,6.6285076,5.6044197,6.629469
BIX-02188,CN(C)CC1=CC(=CC=C1)N=C(C2=CC=CC=C2)C3=C(NC4=C3C=CC(=C4)C(=O)N)O,HEL,3.766933,2.6115866,4.174336,4.5968223,3.278257,4.173664
novobiocin,CC1=C(C=CC2=C1OC(=O)C(=C2O)NC(=O)C3=CC(=C(C=C3)O)CC=C(C)C)OC4C(C(C(C(O4)(C)C)OC)OC(=O)N)O,HEL,-2.44319,-2.4139855,-3.135523,-0.85896444,-3.238329,-2.5691476
acipimox,CC1=CN=C(C=[N+]1[O-])C(=O)O,HEL,-0.39534134,-3.7538373,-0.8599913,2.595311,1.1003458,-1.0585347
methoxyflurane,COC(C(Cl)Cl)(F)F,HEL,2.1614606,-1.2615848,2.840947,3.0169008,3.01479,3.1962504
D-7193,CC(=O)NC(CSSCC(C(=O)O)NC(=O)C)C(=O)O,HEL,2.4672892,0.16712658,2.793536,3.1836026,2.9997463,3.1924343
carboplatin,C1CC(C1)(C(=O)O)C(=O)O.[NH2-].[NH2-].[Pt+2],HEL,5.6081367,2.3489614,6.8081255,6.437571,5.150344,7.2956805
pheniramine,CN(C)CCC(C1=CC=CC=C1)C2=CC=CC=N2,HEL,3.676622,2.6588738,3.5300407,4.334284,3.6913471,4.1685658
mexiletine,CC1=C(C(=CC=C1)C)OCC(C)N,HEL,3.8526254,5.5384526,2.3573565,3.3483493,5.0655193,2.9534495
usniacin-(+),CC1=C(C(=C2C(=C1O)C3(C(=CC(=C(C3=O)C(=O)C)O)O2)C)C(=O)C)O,HEL,-2.2506633,-1.4281242,-2.8214307,-0.5905643,-4.171505,-2.2416933
erythritol,C(C(C(CO)O)O)O,HEL,-4.4054213,-4.119795,-5.1523886,-4.239053,-3.9522371,-4.563633
linalool,CC(=CCCC(C)(C=C)O)C,HEL,1.0945485,0.73954725,2.36467,3.1739116,-3.8086376,3.0032508
chlormidazole,CC1=NC2=CC=CC=C2N1CC3=CC=C(C=C3)Cl,HEL,3.385004,2.5797112,3.7729619,4.605772,1.9583511,4.0082245
trans-4-Hydroxycrotonic-acid,C(C=CC(=O)O)O,HEL,4.767777,3.5360463,5.1077023,4.8325095,4.9330187,5.429609
sodium-stibogluconate,C(C(C1C2C(O[Sb](O2)(O1)O[Sb]34OC(C(O3)C(CO)O)C(O4)C(=O)O)C(=O)O)O)O.O.O,HEL,2.1275177,-0.1348756,2.6649787,3.0233984,1.8668482,3.217238
isopropyl-myristate,CCCCCCCCCCCCCC(=O)OC(C)C,HEL,2.6564112,0.5037615,2.9850037,3.622283,2.959494,3.2115138
oxyphencyclimine,CN1CCCN=C1COC(=O)C(C2CCCCC2)(C3=CC=CC=C3)O,HEL,2.808263,0.019098222,2.8755937,4.4118524,3.129447,3.6053233
acetylcysteine,CC(=O)NC(CS)C(=O)O,HEL,3.8452816,2.817178,3.5064738,3.9285438,4.9659877,4.0082245
mechlorethamine,CN(CCCl)CCCl,HEL,1.1884353,0.36479706,0.26683295,2.3939528,1.0730133,1.8435802
vorinostat,C1=CC=C(C=C1)NC(=O)CCCCCCC(=O)NO,HEL,1.9669472,0.19821015,2.2055073,3.1254566,1.6840931,2.6214688
penicillamine-(D),CC(C)(C(C(=O)O)N)S,HEL,1.3185984,-0.14083362,2.2045858,2.5296662,-0.64318,2.6427534
dichloroacetate,C(C(=O)[O-])(Cl)Cl,HEL,1.9446611,0.67473596,1.8724924,2.5854642,2.2197895,2.370824
oleanolic-acid,CC1(CCC2(CCC3(C(=CCC4C3(CCC5C4(CCC(C5(C)C)O)C)C)C2C1)C)C(=O)O)C,HEL,3.3969955,1.328821,3.7530205,4.059813,3.4368253,4.4064984
brigatinib,CN1CCN(CC1)C2CCN(CC2)C3=CC(=C(C=C3)NC4=NC=C(C(=N4)NC5=CC=CC=C5P(=O)(C)C)Cl)OC,HEL,3.0715728,1.0302761,3.3904517,3.971803,3.5116367,3.453696
elacridar,COC1=CC=CC2=C1NC3=C(C2=O)C=CC=C3C(=O)NC4=CC=C(C=C4)CCN5CCC6=CC(=C(C=C6C5)OC)OC,HEL,3.0138373,2.743341,2.8135943,3.4775627,3.0505695,2.9841185
BNC105,CC1=C(C2=C(O1)C(=C(C=C2)OC)OP(=O)(O)O)C(=O)C3=CC(=C(C(=C3)OC)OC)OC,HEL,1.6564537,1.1306658,0.75981534,2.745518,1.717998,1.9282717
bis(maltolato)oxovanadium(IV),CC1=C(C(=O)C=CO1)[O-].CC1=C(C(=O)C=CO1)[O-].O=[V+2],HEL,0.5626239,-1.5964873,0.44057423,3.0477645,0.23397744,0.68729085
carboxypyridine-disulfide,C1=CC(=NC=C1C(=O)O)SSC2=NC=C(C=C2)C(=O)O,HEL,3.2007363,2.259144,3.1399405,3.6190736,3.3896613,3.595861
bafetinib,CC1=C(C=C(C=C1)NC(=O)C2=CC(=C(C=C2)CN3CCC(C3)N(C)C)C(F)(F)F)NC4=NC=CC(=N4)C5=CN=CN=C5,HEL,2.9573214,2.2318082,3.1399405,3.5468705,2.8838696,2.9841185
enoximone,CC1=C(NC(=O)N1)C(=O)C2=CC=C(C=C2)SC,HEL,4.9249825,3.7404687,5.1212783,5.4739375,4.8698177,5.4194117
beta-lapachone,CC1(CCC2=C(O1)C3=CC=CC=C3C(=O)C2=O)C,HEL,-0.06966929,0.09067811,-1.4159695,2.5263836,-2.6283827,1.078944
carboxyamidotriazole,C1=CC(=CC=C1C(=O)C2=C(C=C(C=C2Cl)CN3C(=C(N=N3)C(=O)N)N)Cl)Cl,HEL,3.0234828,2.9293272,2.7698305,3.5049856,2.7303753,3.1828945
cyclovalone,COC1=C(C=CC(=C1)C=C2CCCC(=CC3=CC(=C(C=C3)O)OC)C2=O)O,HEL,2.297478,1.377389,2.007313,2.846339,2.601018,2.6553307
erdafitinib,CC(C)NCCN(C1=CC2=NC(=CN=C2C=C1)C3=CN(N=C3)C)C4=CC(=CC(=C4)OC)OC,HEL,1.7555968,1.1715341,2.0580165,2.7047803,0.89679056,1.9468626
cibenzoline,C1CN=C(N1)C2CC2(C3=CC=CC=C3)C4=CC=CC=C4,HEL,1.5512705,-0.8875447,0.40101373,3.7627723,2.1034803,2.376631
atiprimod,CCCC1(CCC2(CC1)CCN(C2)CCCN(CC)CC)CCC,HEL,1.6069839,1.0054295,1.933562,2.6558948,0.32568517,2.1143486
forodesine,C1=C(C2=C(N1)C(=O)NC=N2)C3C(C(C(N3)CO)O)O,HEL,2.3790002,1.6272955,2.6804786,3.6142602,0.6946739,3.2782924
fenretinide,CC1=C(C(CCC1)(C)C)C=CC(=CC=CC(=CC(=O)NC2=CC=C(C=C2)O)C)C,HEL,4.344499,3.1975095,4.642716,4.85041,4.2361712,4.7956877
etoposide-phosphate,CC1OCC2C(O1)C(C(C(O2)OC3C4COC(=O)C4C(C5=CC6=C(C=C35)OCO6)C7=CC(=C(C(=C7)OC)OP(=O)(O)O)OC)O)O,HEL,-2.8814301,-5.4238954,-3.567818,-1.2006518,-1.574643,-2.6401412
gidazepam,C1C(=O)N(C2=C(C=C(C=C2)Br)C(=N1)C3=CC=CC=C3)CC(=O)NN,HEL,2.530793,-0.06046948,2.7424777,3.9971616,2.2412148,3.7335808
chidamide,C1=CC(=CN=C1)C=CC(=O)NCC2=CC=C(C=C2)C(=O)NC3=C(C=CC(=C3)F)N,HEL,5.1605287,3.6096675,5.6880865,5.894595,5.003935,5.6063585
brivaracetam,CCCC1CC(=O)N(C1)C(CC)C(=O)N,HEL,3.7427921,2.808819,3.80378,4.3462176,3.5457897,4.2093544
bentazepam,C1CCC2=C(C1)C3=C(S2)NC(=O)CN=C3C4=CC=CC=C4,HEL,2.6864235,1.6826468,2.91024,3.8253345,2.050858,2.9630373
LY3023414,CC(CN1C2=C3C=C(C=CC3=NC=C2N(C1=O)C)C4=CC(=CN=C4)C(C)(C)O)OC,HEL,2.215157,1.3755348,2.2449086,3.021774,2.0220947,2.411473
hexaminolevulinate,CCCCCCOC(=O)CCC(=O)CN,HEL,2.2770104,-0.39091456,2.7224195,3.5564973,2.4287484,3.0683012
GS-9973,C1COCCN1C2=CC=C(C=C2)NC3=NC(=CN4C3=NC=C4)C5=CC6=C(C=C5)C=NN6,HEL,3.2407336,2.3324525,3.1745722,3.788187,3.8076305,3.1008265
lorlatinib,CC1C2=C(C=CC(=C2)F)C(=O)N(CC3=NN(C(=C3C4=CC(=C(N=C4)N)O1)C#N)C)C,HEL,2.4798555,1.9779801,2.5674214,3.306355,1.952175,2.5953467
GSK2830371,CC1=C(C=C(C=N1)Cl)NCC2=CC=C(S2)C(=O)NC(CC3CCCC3)C(=O)NC4CC4,HEL,3.6422882,3.4691749,3.1709266,3.864401,4.2589397,3.4479997
metyrapone,CC(C)(C1=CN=CC=C1)C(=O)C2=CN=CC=C2,HEL,2.435307,2.1176872,2.2394235,3.0753791,2.5658193,2.1782255
idronoxil,C1C(=CC2=C(O1)C=C(C=C2)O)C3=CC=C(C=C3)O,HEL,3.4616253,2.797674,3.5989287,4.208982,2.820375,3.8821654
gilteritinib,CCC1=C(N=C(C(=N1)C(=O)N)NC2=CC(=C(C=C2)N3CCC(CC3)N4CCN(CC4)C)OC)NC5CCOCC5,HEL,3.1349127,1.961941,3.2617395,3.791351,3.5701852,3.089347
napabucasin,CC(=O)C1=CC2=C(O1)C(=O)C3=CC=CC=C3C2=O,HEL,0.6651174,-0.75737435,0.97390735,2.9876616,-2.0529618,2.174354
litronesib,CCNCCS(=O)(=O)NCC1(N(N=C(S1)NC(=O)C(C)(C)C)C(=O)C(C)(C)C)C2=CC=CC=C2,HEL,2.0296571,0.19573475,2.5236442,3.2998943,1.2111144,2.9178984
ONC201,CC1=CC=CC=C1CN2C(=O)C3=C(CCN(C3)CC4=CC=CC=C4)N5C2=NCC5,HEL,2.560659,2.0611074,2.3052466,3.721377,1.8082777,2.9072864
niraparib,C1CC(CNC1)C2=CC=C(C=C2)N3C=C4C=CC=C(C4=N3)C(=O)N,HEL,3.1500506,1.4864779,3.6315598,3.9762778,3.067646,3.5882914
LY2606368,COC1=C(C(=CC=C1)OCCCN)C2=CC(=NN2)NC3=NC=C(N=C3)C#N,HEL,3.9775138,2.8102124,4.1437893,4.6117387,4.3483887,3.97344
indisulam,C1=CC2=C(C(=C1)NS(=O)(=O)C3=CC=C(C=C3)S(=O)(=O)N)NC=C2Cl,HEL,2.8600223,1.6421804,3.041514,3.662266,2.7979684,3.1561832
motesanib,CC1(CNC2=C1C=CC(=C2)NC(=O)C3=C(N=CC=C3)NCC4=CC=NC=C4)C,HEL,4.5696573,3.7417936,4.6121693,5.101014,4.6876974,4.705614
JTE-607,CCOC(=O)C(CC1=CC=CC=C1)NC(=O)C2=CC(=C(C(=C2O)Cl)OCCN3CCN(CC3)C)Cl.Cl.Cl,HEL,-0.40353394,-1.6157448,-0.96077526,2.2321043,-2.447125,0.7738708
poziotinib,COC1=C(C=C2C(=C1)N=CN=C2NC3=C(C(=C(C=C3)Cl)Cl)F)OC4CCN(CC4)C(=O)C=C,HEL,1.8301852,1.5441027,1.9796563,2.6264863,1.0082784,1.9924018
salvianolic-acid-B,C1=CC(=C(C=C1CC(C(=O)O)OC(=O)C=CC2=C3C(C(OC3=C(C=C2)O)C4=CC(=C(C=C4)O)O)C(=O)OC(CC5=CC(=C(C=C5)O)O)C(=O)O)O)O,HEL,0.8780306,-0.40091074,-0.10686219,2.308074,0.7773907,1.812461
tedizolid-phosphate,CN1N=C(N=N1)C2=NC=C(C=C2)C3=C(C=C(C=C3)N4CC(OC4=O)COP(=O)(O)O)F,HEL,2.5244799,0.08275618,2.7060077,3.7707183,2.8895617,3.1733549
pentostatin,C1C(C(OC1N2C=NC3=C2NC=NCC3O)CO)O,HEL,5.342844,5.6863694,5.1246724,5.557472,5.272996,5.0727096
topotecan,CCC1(C2=C(COC1=O)C(=O)N3CC4=CC5=C(C=CC(=C5CN(C)C)O)N=C4C3=C2)O,HEL,-1.078171,-3.4132862,-1.7117347,1.9350944,-1.0610795,-1.1398493
tofogliflozin,CCC1=CC=C(C=C1)CC2=CC3=C(COC34C(C(C(C(O4)CO)O)O)O)C=C2,HEL,-1.5102327,-1.5836432,-2.6754436,1.4596064,-2.9160933,-1.83559
tucatinib,CC1=C(C=CC(=C1)NC2=NC=NC3=C2C=C(C=C3)NC4=NC(CO4)(C)C)OC5=CC6=NC=NN6C=C5,HEL,2.1759439,-0.43363112,2.490777,3.236903,3.000966,2.5847046
vindesine,CCC1(CC2CC(C3=C(CCN(C2)C1)C4=CC=CC=C4N3)(C5=C(C=C6C(=C5)C78CCN9C7C(C=CC9)(C(C(C8N6C)(C(=O)N)O)O)CC)OC)C(=O)OC)O,HEL,-3.1819706,-3.772292,-3.511578,-2.3115897,-3.1894183,-3.124975
vinblastine,CCC1(CC2CC(C3=C(CCN(C2)C1)C4=CC=CC=C4N3)(C5=C(C=C6C(=C5)C78CCN9C7C(C=CC9)(C(C(C8N6C)(C(=O)OC)O)OC(=O)C)CC)OC)C(=O)OC)O,HEL,-3.6228096,-4.103076,-3.8497663,-2.715687,-4.0365705,-3.408949
UNC0631,CC(C)N1CCCN(CC1)C2=NC3=CC(=C(C=C3C(=N2)NC4CCN(CC4)CC5CCCCC5)OC)OCCCN6CCCCC6,HEL,2.190576,0.46657938,2.2211392,2.9194367,2.9497366,2.3959877
pardoprunox,CN1CCN(CC1)C2=CC=CC3=C2OC(=O)N3,HEL,2.70132,1.4544189,3.2019129,3.991195,1.4110731,3.4479997
rubitecan,CCC1(C2=C(COC1=O)C(=O)N3CC4=CC5=C(C=CC=C5[N+](=O)[O-])N=C4C3=C2)O,HEL,-0.9549786,-2.640815,-1.9422624,1.9180653,-0.41185963,-1.698021
vinflunine,CCC12C=CCN3C1C4(CC3)C(C(C2OC(=O)C)(C(=O)OC)O)N(C5=CC(=C(C=C45)C6(CC7CC(CN(C7)CC8=C6NC9=CC=CC=C89)C(C)(F)F)C(=O)OC)OC)C,HEL,-4.3039455,-7.697711,-4.197556,-2.477741,-3.9213142,-3.2254047
XL-647,CN1CC2CC(CC2C1)COC3=C(C=C4C(=C3)N=CN=C4NC5=C(C(=C(C=C5)Cl)Cl)F)OC,HEL,3.204493,2.1198916,3.3324406,3.7770755,3.5376582,3.255397
PI3K-IN-2,C1COCCN1C2=NC(=NC(=N2)C3=CN=C(C=C3C(F)(F)F)N)N4CCOCC4,HEL,1.3996348,0.66951704,2.078298,2.4393694,-0.08646011,1.8974501
verubulin,CC1=NC2=CC=CC=C2C(=N1)N(C)C3=CC=C(C=C3)OC,HEL,1.7121944,0.31022835,2.323531,3.1125352,0.47385612,2.3408213
VE-822,CC(C)S(=O)(=O)C1=CC=C(C=C1)C2=CN=C(C(=N2)C3=CC(=NO3)C4=CC=C(C=C4)CNC)N,HEL,2.7719378,0.5063517,3.3106863,3.9524112,2.6422396,3.4479997
