pubchem_cid,BalabanJ,BertzCT,Chi0,Chi0n,Chi0v,Chi1,Chi1n,Chi1v,Chi2n,Chi2v,Chi3n,Chi3v,Chi4n,Chi4v,EState_VSA1,EState_VSA10,EState_VSA11,EState_VSA2,EState_VSA3,EState_VSA4,EState_VSA5,EState_VSA6,EState_VSA7,EState_VSA8,EState_VSA9,ExactMolWt,FpDensityMorgan1,FpDensityMorgan2,FpDensityMorgan3,FractionCSP3,HallKierAlpha,HeavyAtomCount,HeavyAtomMolWt,Ipc,Kappa1,Kappa2,Kappa3,LabuteASA,MaxAbsEStateIndex,MaxAbsPartialCharge,MaxEStateIndex,MaxPartialCharge,MinAbsEStateIndex,MinAbsPartialCharge,MinEStateIndex,MinPartialCharge,MolLogP,MolMR,MolWt,NHOHCount,NOCount,NumAliphaticCarbocycles,NumAliphaticHeterocycles,NumAliphaticRings,NumAromaticCarbocycles,NumAromaticHeterocycles,NumAromaticRings,NumHAcceptors,NumHDonors,NumHeteroatoms,NumRadicalElectrons,NumRotatableBonds,NumSaturatedCarbocycles,NumSaturatedHeterocycles,NumSaturatedRings,NumValenceElectrons,PEOE_VSA1,PEOE_VSA10,PEOE_VSA11,PEOE_VSA12,PEOE_VSA13,PEOE_VSA14,PEOE_VSA2,PEOE_VSA3,PEOE_VSA4,PEOE_VSA5,PEOE_VSA6,PEOE_VSA7,PEOE_VSA8,PEOE_VSA9,RingCount,SMR_VSA1,SMR_VSA10,SMR_VSA2,SMR_VSA3,SMR_VSA4,SMR_VSA5,SMR_VSA6,SMR_VSA7,SMR_VSA8,SMR_VSA9,SlogP_VSA1,SlogP_VSA10,SlogP_VSA11,SlogP_VSA12,SlogP_VSA2,SlogP_VSA3,SlogP_VSA4,SlogP_VSA5,SlogP_VSA6,SlogP_VSA7,SlogP_VSA8,SlogP_VSA9,TPSA,VSA_EState1,VSA_EState10,VSA_EState2,VSA_EState3,VSA_EState4,VSA_EState5,VSA_EState6,VSA_EState7,VSA_EState8,VSA_EState9,fr_Al_COO,fr_Al_OH,fr_Al_OH_noTert,fr_ArN,fr_Ar_COO,fr_Ar_N,fr_Ar_NH,fr_Ar_OH,fr_COO,fr_COO2,fr_C_O,fr_C_O_noCOO,fr_C_S,fr_HOCCN,fr_Imine,fr_NH0,fr_NH1,fr_NH2,fr_N_O,fr_Ndealkylation1,fr_Ndealkylation2,fr_Nhpyrrole,fr_SH,fr_aldehyde,fr_alkyl_carbamate,fr_alkyl_halide,fr_allylic_oxid,fr_amide,fr_amidine,fr_aniline,fr_aryl_methyl,fr_azide,fr_azo,fr_barbitur,fr_benzene,fr_benzodiazepine,fr_bicyclic,fr_diazo,fr_dihydropyridine,fr_epoxide,fr_ester,fr_ether,fr_furan,fr_guanido,fr_halogen,fr_hdrzine,fr_hdrzone,fr_imidazole,fr_imide,fr_isocyan,fr_isothiocyan,fr_ketone,fr_ketone_Topliss,fr_lactam,fr_lactone,fr_methoxy,fr_morpholine,fr_nitrile,fr_nitro,fr_nitro_arom,fr_nitro_arom_nonortho,fr_nitroso,fr_oxazole,fr_oxime,fr_para_hydroxylation,fr_phenol,fr_phenol_noOrthoHbond,fr_phos_acid,fr_phos_ester,fr_piperdine,fr_piperzine,fr_priamide,fr_prisulfonamd,fr_pyridine,fr_quatN,fr_sulfide,fr_sulfonamd,fr_sulfone,fr_term_acetylene,fr_tetrazole,fr_thiazole,fr_thiocyan,fr_thiophene,fr_unbrch_alkane,fr_urea,qed,Molecular_weight,LogP,Number_of_HBA_1,Number_of_HBA_2,Number_of_HBD_1,Number_of_HBD_2,Number_of_acidic_groups,Number_of_aliphatic_OH_groups,Number_of_basic_groups,Fraction_of_rotatable_bonds,Number_of_heavy_bonds,Number_of_heterocycles,Number_of_hydrophobic_groups,MolarRefractivity,Number_of_bonds,Number_of_NO2_groups,Number_of_SO_groups,Number_of_OSO_groups,Number_of_SO2_groups,PolarSurfaceArea,Geometrical_diameter,Geometrical_radius,Geometrical_shape_coefficient,Kier_shape_1,Kier_shape_2,Zagreb_group_index_1,Zagreb_group_index_2,Ncharges,C,H,N,O,RNH2,R2NH,R3N,ROPO3,ROH,RCHO,RCOR,RCOOH,RCOOR,ROR,RCCH,RCN,RINGS,AROMATIC,F,Cl,Br,S,P,B,I,K,Sb,Hg,Pt,V,Zn,Cr,Se,As,abonds,atoms,dbonds,logP,nF,sbonds,tbonds
1018,2.981454614,207.5576621,6.690234444,4.612076558,4.612076558,4.304530453,2.448211765,2.448211765,1.520130465,1.520130465,0.88401114,0.88401114,0.489267188,0.489267188,5.969305288,4.794537184,0,5.693927995,0,0,12.26321064,12.13273414,0,4.983978521,5.106527395,123.0320284,1.555555556,2.333333333,2.666666667,0,-1.38,9,118.071,129.2253387,5.751233596,2.259334201,1.2528322,51.97174907,10.13842593,0.476509472,10.13842593,0.353975499,0.081018519,0.353975499,-0.990185185,-0.476509472,0.7798,31.1963,123.111,1,3,0,0,0,0,1,1,2,1,3,0,1,0,0,0,46,5.106527395,5.693927995,0,0,0,5.969305288,0,9.778515705,0,0,6.066367068,12.13273414,6.196843572,0,1,9.901064579,5.969305288,0,4.983978521,0,0,0,30.08987277,0,0,0,0,0,0,16.0598112,0,0,10.48846518,24.39594478,0,0,0,50.19,0,0,0,0,0,0,0,0,0,27.33333333,0,0,0,0,1,1,0,0,1,1,1,0,0,0,0,1,0,0,0,0,0,0,0,0,0,0,0,0,0,0,0,0,0,0,0,0,0,0,0,0,0,0,0,0,0,0,0,0,0,0,0,0,0,0,0,0,0,0,0,0,0,0,0,0,0,0,0,0,0,0,0,0,0,1,0,0,0,0,0,0,0,0,0,0,0,0.599868943,123.111,0.7798,2,2,1,1,1,0,2,0.111111111,4,1,1,31.1963,9,0,0,0,0,50.19,2.023742065,0.006945396,0.973324078,12.00504194,9.842523577,40,43,0,6,0,1,2,0,0,0,0,0,0,0,1,0,0,0,0,1,1,0,0,0,0,0,0,0,0,0,0,0,0,0,0,0,0,6,9,1,0.1,0,2,0
1401,1.902867448,1200.778186,27.70853153,23.64299129,23.64299129,18.14904147,13.11962836,13.11962836,10.08221158,10.08221158,6.030158843,6.030158843,4.006771576,4.006771576,5.538925252,4.794537184,0,6.031114512,34.47585444,49.97034458,0,26.48280572,38.9703128,44.66570698,14.45770443,523.3270882,0.973684211,1.657894737,2.263157895,0.5,-3.66,38,482.354,172117059.3,28.90424541,13.22920962,8.173431062,225.1012703,12.79498439,0.496601684,12.79498439,0.320323388,0.360122171,0.320323388,-0.411874589,-0.496601684,5.1629,153.2921,523.682,3,10,0,0,0,1,2,3,8,3,10,0,12,0,0,0,206,25.00721285,17.31688644,5.647177221,5.948339281,0,6.031114512,5.316788604,14.76249423,4.983978521,0,13.8474744,77.00967676,35.296568,14.21959508,3,14.26826309,28.83071801,0,25.1686339,0,52.9992545,51.03219791,30.46231185,0,22.62592665,25.42409172,16.56073924,11.49902367,0,71.82050576,0,0,47.46032924,30.46231185,0,22.16030442,0,113.53,0,0,0,0,0,0,0,0,0,81.75,0,0,0,0,0,3,0,0,0,0,1,1,0,0,0,4,3,0,0,0,0,0,0,0,0,0,0,2,0,2,0,0,0,0,1,0,1,0,0,0,0,2,0,0,0,0,0,0,0,0,0,0,0,0,0,2,0,0,0,0,0,0,0,0,0,0,0,0,0,0,0,0,0,1,0,0,0,0,0,0,0,0,0,2,1,0.278987845,523.682,5.1629,8,8,3,3,3,0,8,0.3,1,2,16,153.2921,40,0,0,0,0,113.53,5.964647095,0.000223903,0.974821233,63.84602244,55.86111551,190,216,0,28,0,7,3,0,0,1,0,0,0,0,0,0,2,0,0,3,3,0,0,0,0,0,0,0,0,0,0,0,0,0,0,0,0,17,38,1,2.3,0,22,0
2907,2.582264028,201.8664757,10.4413113,7.916600186,10.32288527,6.726492059,4.59796171,7.244517017,2.946927544,5.883786773,1.956624335,4.595188949,1.278310391,3.920544175,7.670279739,4.565048285,0,0,31.45640167,12.96557803,0,4.67041619,0,5.087295063,27.72562694,260.0248197,1.357142857,2,2.428571429,1,0.69,14,245.969,1442.833063,12.75807352,6.311144001,3.368384441,94.44153501,12.18854938,0.342983689,12.18854938,0.342983689,0.42253858,0.305966345,-2.842183642,-0.305966345,1.884,59.1912,261.089,1,4,0,1,1,0,0,0,2,1,7,0,5,0,1,1,84,4.523747162,0,0,0,0,7.670279739,4.565048285,9.757711253,0,23.20187978,0,6.420821623,31.39427611,6.606881965,1,9.088795447,30.87215952,0,9.757711253,0,6.420821623,38.00115807,0,0,0,5.087295063,0,0,30.87215952,42.67157426,9.088795447,0,6.420821623,0,0,0,0,41.57,0,11.24802075,0,0,0,0,0,0,19.17487654,4.10488048,0,0,0,0,0,0,0,0,0,0,0,0,0,0,0,1,1,0,0,0,0,0,0,0,0,2,0,0,0,0,0,0,0,0,0,0,0,0,0,0,0,0,0,0,2,0,0,0,0,0,0,0,0,0,0,0,0,0,0,0,0,0,0,0,0,0,0,0,0,0,0,0,0,0,0,0,0,0,0,0,0,0,0,0,0,0.605720669,261.089,1.884,2,2,1,1,1,0,2,0.357142857,-1,1,9,59.1912,14,0,0,0,0,41.57,2.896749694,0.000666629,0.871603033,24.17643468,20.10032715,64,72,0,7,0,2,2,0,0,0,0,0,0,0,0,0,0,0,0,1,0,0,2,0,0,1,0,0,0,0,0,0,0,0,0,0,0,0,14,1,0.8,0,13,0
3385,3.523897719,312.833941,6.853371151,4.271811323,4.271811323,4.198377303,2.174580796,2.174580796,1.419861056,1.419861056,0.773964207,0.773964207,0.39336191,0.39336191,17.06623113,13.97948942,0,0,6.196843572,0,0,4.983978521,4.983978521,0,0,130.0178556,1.444444444,2.111111111,2.555555556,0,-1.39,9,127.054,104.2009193,5.741406045,1.847976372,1.042170728,48.35927868,11.98481481,0.325347136,11.98481481,0.325347136,0.707037037,0.311155703,-1.001157407,-0.311155703,-0.7977,27.6414,130.078,2,4,0,0,0,0,1,1,2,2,5,0,0,0,0,0,48,4.983978521,0,0,5.817220841,5.559266895,5.689743398,9.778515705,4.794537184,4.390415048,0,0,0,6.196843572,0,1,4.390415048,0,0,9.967957042,0,0,0,32.85214907,0,0,11.24901029,4.390415048,0,0,9.967957042,0,5.817220841,0,15.78591794,0,0,0,65.72,0,0,0,0,0,0,0,0,11.98481481,22.01518519,0,0,0,0,0,2,2,0,0,0,0,0,0,0,0,0,2,0,0,0,0,2,0,0,0,0,0,0,0,0,0,0,0,0,0,0,0,0,0,0,0,0,0,0,1,0,0,0,0,0,0,0,0,0,0,0,0,0,0,0,0,0,0,0,0,0,0,0,0,0,0,0,0,0,0,0,0,0,0,0,0,0,0,0,0,0.482564503,130.078,-0.7977,2,2,2,2,2,0,2,0,6,1,1,27.6414,9,0,0,0,0,65.72,1.956524602,0.005260164,0.959699002,11.52153791,9.495015827,42,46,0,4,0,2,2,0,0,0,0,0,0,0,0,0,0,0,0,1,1,1,0,0,0,0,0,0,0,0,0,0,0,0,0,0,0,6,9,2,-0.8,1,1,0
3899,2.124666471,587.7671185,14.0436056,9.784354941,9.784354941,8.876028663,5.276010415,5.276010415,3.824890629,3.824890629,2.465454512,2.465454512,1.457669247,1.457669247,17.64692974,17.96578233,0,11.25083777,5.760247419,12.13273414,18.32957771,6.9237372,0,10.47345186,4.523094937,270.0616122,1.263157895,1.894736842,2.368421053,0.166666667,-2.31,19,261.138,19345.54186,13.12945074,4.753017218,2.928096338,105.7566477,12.35030035,0.415912065,12.35030035,0.415912065,0.23601659,0.36086762,-4.395233082,-0.36086762,3.25412,60.6372,270.21,1,4,0,0,0,1,1,2,3,1,7,0,2,0,0,0,100,9.839883541,11.32369891,0,0,5.907179729,6.176298517,4.794537184,0,13.17124514,0,5.156663257,31.18920547,5.687386275,11.76029506,2,22.48887726,11.594566,0,5.156663257,0,13.10003572,5.316788604,47.34946225,0,0,5.316788604,18.85863142,0,0,11.06384299,6.176298517,6.9237372,21.68168759,34.98540678,0,0,0,55.13,0,0,0,0,0,0,0,0,41.77844366,19.80488968,0,0,0,0,0,1,0,0,0,0,1,1,0,0,0,1,1,0,0,0,0,0,0,0,0,3,0,1,0,1,1,0,0,0,1,0,0,0,0,0,0,0,0,0,3,0,0,0,0,0,0,0,0,0,0,0,0,0,0,0,0,0,0,0,0,0,0,0,0,0,0,0,0,0,0,0,0,0,0,0,0,0,0,0,0,0.910822991,270.21,3.25412,3,3,1,1,1,0,3,0.1,12,1,5,60.6372,20,0,0,0,0,55.13,3.955175983,0.002875774,0.996602948,24.77901922,20.92518829,98,112,0,12,0,2,2,0,0,0,0,0,0,0,0,0,0,0,0,2,2,3,0,0,0,0,0,0,0,0,0,0,0,0,0,0,0,11,19,1,0.4,3,8,0
4261,1.478006419,943.3792238,19.76937395,15.09172553,15.09172553,13.61419354,8.659515066,8.659515066,6.029257578,6.029257578,3.954686734,3.954686734,2.436944184,2.436944184,6.093240071,9.589074368,0,12.51406169,23.48298045,11.12690298,0,66.99099076,6.066367068,15.61755573,10.47053043,376.1535405,0.964285714,1.75,2.464285714,0.095238095,-3.87,28,356.256,2535239.579,18.90731101,9.17872083,5.311552663,162.1012125,12.30209746,0.444623651,12.30209746,0.407235313,0.154166077,0.407235313,-0.522939394,-0.444623651,3.3425,106.5113,376.416,4,7,0,0,0,2,1,3,5,3,7,0,6,0,0,0,142,21.10410764,6.606881965,0,0,5.907179729,6.093240071,9.778515705,4.794537184,0,0,30.33183534,35.89528683,30.06534653,11.37477255,3,14.32593732,23.37519235,0,10.30076712,0,13.15163837,11.05045608,89.7477123,0,0,16.36724469,16.16930973,0,0,16.98439832,17.88850132,0,21.48489166,73.05735783,0,0,0,106.34,0,0,0,0,0,0,0,0,0,68.16666667,0,0,0,1,0,1,0,0,0,0,2,2,0,0,0,1,2,1,0,0,0,0,0,0,1,0,0,2,0,2,0,0,0,0,2,0,0,0,0,0,0,1,0,0,0,0,0,0,0,0,0,0,0,0,0,0,0,0,0,0,0,0,0,0,2,0,0,0,0,0,0,0,0,1,0,0,0,0,0,0,0,0,0,0,0,0.572189012,376.416,3.3425,5,5,3,3,3,0,5,0.2,12,1,5,106.5113,30,0,0,0,0,106.34,5.259876429,0.000833522,0.992718203,38.59659929,32.6705861,138,155,0,21,0,4,3,0,0,0,0,0,0,0,0,1,1,0,0,3,3,0,0,0,0,0,0,0,0,0,0,0,0,0,0,0,0,18,28,2,1.8,0,10,0
5279,1.722908301,1748.012575,23.63709924,19.88423859,19.88423859,17.07986535,12.25312148,12.25312148,10.1374734,10.1374734,8.59624047,8.59624047,7.334286572,7.334286572,5.724985594,4.794537184,0,24.28088812,6.544756406,61.15942433,0,7.109797541,7.047671983,75.22245025,9.473725908,466.2004907,1.057142857,1.771428571,2.514285714,0.321428571,-3.39,35,440.333,283668582,19.86788108,6.428959092,2.124023991,201.1165897,13.32208074,0.374791341,13.32208074,0.252133443,0.003567229,0.252133443,-0.759892054,-0.374791341,4.354,135.6479,466.541,2,7,0,3,3,3,2,5,6,2,7,0,2,0,1,1,176,29.24150241,12.33186756,5.724985594,0,5.907179729,0,4.794537184,0,0,0,36.39820241,31.66759481,47.66211326,27.63025436,8,14.26826309,49.51887946,0,19.7677765,0,43.98800921,14.15746952,59.65783953,0,0,10.63357721,0,0,0,41.34465577,21.74346791,0,35.49390016,48.53093655,0,43.61169973,0,69.45,0,0,0,0,0,0,0,0,4.70025085,66.88308248,0,0,0,0,0,2,0,0,0,0,1,1,0,0,0,2,2,0,0,1,0,0,0,0,0,0,0,1,0,0,0,0,0,0,3,0,13,0,0,0,0,2,0,0,0,0,0,0,0,0,0,0,0,0,0,1,0,0,0,0,0,0,0,0,2,0,0,0,0,0,0,0,0,0,0,0,0,0,0,0,0,0,0,0,0,0.405842479,466.541,4.354,6,6,2,2,2,0,6,0.047619048,23,5,11,135.6479,42,0,0,0,0,69.45,3.730260437,0.000239273,0.884189412,41.02405415,27.34575413,220,290,0,28,0,4,3,0,1,0,0,0,0,0,0,0,2,0,0,8,5,0,0,0,0,0,0,0,0,0,0,0,0,0,0,0,0,24,35,1,3.2,0,17,0
5311,2.032661268,392.9373671,13.92443896,10.89310221,10.89310221,9.219545353,6.499645472,6.499645472,4.363395035,4.363395035,2.739924043,2.739924043,1.725543176,1.725543176,0,9.589074368,0,11.81435946,12.84164325,31.37067277,0,5.480096598,30.33183534,5.316788604,5.207253025,264.1473925,0.894736842,1.473684211,2.052631579,0.428571429,-1.88,19,244.165,18362.67235,15.17841121,9.103589517,7.205209338,112.5219809,11.59141463,0.326098479,11.59141463,0.242828618,0.013241896,0.242828618,-0.359425318,-0.326098479,2.4711,72.7029,264.325,3,5,0,0,0,1,0,1,3,3,5,0,8,0,0,0,104,5.316788604,0,0,11.81435946,0,0,14.79632739,5.480096598,0,0,31.04074445,24.97437738,18.52902952,0,1,14.79632739,17.50174573,0,5.480096598,0,38.52492974,5.316788604,30.33183534,0,0,10.7968852,5.687386275,0,0,17.02161248,9.589074368,0,38.52492974,30.33183534,0,0,0,78.43,0,0,0,0,0,0,0,0,0,49,0,0,0,0,0,0,0,0,0,0,2,2,0,0,0,0,2,0,1,0,0,0,0,0,0,0,0,2,0,1,0,0,0,0,1,0,0,0,0,0,0,0,0,0,0,0,0,0,0,0,0,0,0,0,0,0,0,0,0,0,0,0,0,0,1,0,0,0,0,0,0,0,0,0,0,0,0,0,0,0,0,0,0,3,0,0.3832201,264.325,2.4711,3,3,3,3,3,0,3,0.421052632,-1,0,7,72.7029,19,0,0,0,0,78.43,4.861981848,0.002083695,0.996768691,32.23265003,29.71263644,82,86,0,14,0,2,3,0,0,0,0,0,0,0,0,0,0,0,0,1,1,0,0,0,0,0,0,0,0,0,0,0,0,0,0,0,0,6,19,2,1,0,11,0
5394,2.906324848,567.1956839,10.29252874,7.207265097,7.207265097,6.609060905,3.678568789,3.678568789,2.646659856,2.646659856,1.732210742,1.732210742,1.054941054,1.054941054,11.59692313,9.589074368,0,11.34110522,0,9.082497541,13.37499206,0,0,15.29604542,5.733667477,194.0552234,1.571428571,2.285714286,2.928571429,0.166666667,-2.25,14,188.106,2040.690706,8.35284506,2.619892645,0.969381544,76.96785319,11.39548375,0.36413475,11.39548375,0.352194964,0.06,0.352194964,-0.74069161,-0.36413475,-2.0781,44.5409,194.154,2,8,0,0,0,0,2,2,7,1,8,0,1,0,0,0,72,5.733667477,6.327320075,11.34110522,0,5.907179729,5.689743398,4.794537184,14.17921031,4.681802935,5.098681808,5.213385096,0,7.047671983,0,2,4.794537184,11.55435695,0,24.37854297,12.78133946,0,0,22.50552865,0,0,11.42341088,0,0,0,30.2857227,7.047671983,0,10.48846518,11.12185726,0,5.647177221,0,108.17,0,0,0,0,0,0,0,0,2.131494709,39.53517196,0,0,0,0,0,5,0,0,0,0,1,1,0,0,0,5,0,1,0,0,0,0,0,0,0,0,0,1,0,0,1,0,0,0,0,0,1,0,0,0,0,0,0,0,0,0,0,1,0,0,0,0,0,0,0,0,0,0,0,0,0,0,0,0,0,0,0,0,0,0,0,1,0,0,0,0,0,0,0,0,0,0,0,0,0,0.560119174,194.154,-2.0781,7,7,1,1,1,0,7,0.066666667,10,2,1,44.5409,15,0,0,0,0,108.17,2.550230125,0.002808467,0.974257675,17.82294164,13.22415612,74,89,0,6,0,6,2,0,0,0,0,0,0,0,0,0,0,0,0,2,2,0,0,0,0,0,0,0,0,0,0,0,0,0,0,0,0,10,14,2,-1.4,0,3,0
5672,1.369708939,2247.96997,40.23311108,34.01610695,34.01610695,27.38479922,20.34967728,20.34967728,17.17895814,17.17895814,14.75981886,14.75981886,12.84476661,12.84476661,45.93044001,14.69560176,4.794537184,17.92905216,50.20969741,52.92147662,26.71643681,7.109797541,37.07042012,58.13469671,18.94745182,778.3941647,1,1.771929825,2.473684211,0.533333333,-4.65,57,724.515,7.49512E+12,37.90033363,13.18875057,4.803710457,333.2908168,15.17173188,0.496343357,15.17173188,0.343611226,0.028414341,0.343611226,-2.274489712,-0.496343357,4.7536,214.0775,778.947,2,12,1,5,6,2,1,3,11,2,12,0,7,1,1,2,302,33.93786746,11.1645023,6.103966388,5.601050811,0,17.90791586,19.38889383,4.794537184,0,0,55.84774046,61.40558606,90.93631434,27.37123345,9,38.43759076,34.49822707,0,14.78379798,11.33289652,87.61793429,59.45599996,82.58364973,0,5.749511833,9.636772685,5.687386275,5.749511833,0,116.1430303,45.96893776,11.33289652,68.83878056,60.19936726,0,10.90292493,0,133.87,0,0,0,0,0,0,0,0,0,125.3333333,0,1,0,0,0,1,1,0,0,0,3,3,0,0,0,3,1,0,0,1,0,1,0,0,0,0,0,0,0,1,0,0,0,0,2,0,6,0,0,0,3,4,0,0,0,0,0,0,0,0,0,0,0,0,0,3,0,0,0,0,0,0,0,0,1,0,0,0,0,0,0,0,0,0,0,0,0,0,0,0,0,0,0,0,0,0.19568989,778.947,4.7536,11,11,2,2,2,1,11,0.107692308,19,6,24,214.0775,65,0,0,0,0,133.87,5.239136524,0.000183214,0.957515486,78.23318559,55.36253788,338,439,0,45,0,4,8,0,0,2,0,1,0,0,0,3,4,0,0,9,3,0,0,0,0,0,0,0,0,0,0,0,0,0,0,0,0,16,57,5,4.6,0,44,0
24360,1.81341391,1164.420305,18.05167728,14.15180762,14.15180762,12.5250238,8.585127086,8.585127086,6.791866088,6.791866088,5.416790772,5.416790772,3.925153153,3.925153153,11.5703561,14.69560176,0,18.58697048,23.36558738,22.16030442,0,17.55720392,30.33183534,0,9.720841475,348.111007,1.269230769,2.076923077,2.884615385,0.25,-2.99,26,332.23,1523004.454,15.27944345,5.016137241,1.818757009,148.2282429,13.0104532,0.458197728,13.0104532,0.342676338,0.109782376,0.342676338,-1.789747024,-0.458197728,2.0796,94.5248,348.358,1,6,0,2,2,1,2,3,6,1,6,0,1,0,0,0,130,14.41049,6.606881965,5.601050811,0,5.559266895,5.969305288,4.794537184,9.778515705,0,0,25.12283841,24.61992283,16.5131272,29.0127646,5,14.63792753,16.87223022,0,9.551078169,0,32.097248,0,63.44236096,0,11.38785599,5.559266895,0,0,0,20.62691085,28.28408932,0,30.0349133,41.19273959,0,22.29078092,0,81.42,0,0,0,0,0,0,0,0,1.643468443,61.60653156,0,1,0,0,0,2,0,0,0,0,1,1,0,0,0,2,0,0,0,0,0,0,0,0,0,0,0,0,0,0,0,0,0,0,1,0,5,0,0,0,1,1,0,0,0,0,0,0,0,0,0,0,0,0,1,0,0,0,0,0,0,0,0,0,1,0,0,0,0,0,0,0,0,2,0,0,0,0,0,0,0,0,0,0,0,0.532763989,348.358,2.0796,6,6,1,1,1,1,6,0.033333333,18,4,7,94.5248,30,0,0,0,0,81.42,3.982393284,0.000942172,0.984181346,30.287616,21.32711485,154,195,0,20,0,2,4,0,0,0,0,1,0,0,0,1,1,0,0,5,3,0,0,0,0,0,0,0,0,0,0,0,0,0,0,0,0,17,26,2,1.8,0,11,0
31703,1.68626321,1376.518741,28.38602239,21.21013727,21.21013727,18.42777712,12.41180174,12.41180174,10.15993306,10.15993306,7.805280423,7.805280423,5.750258573,5.750258573,95.66900423,39.91624853,0,34.42413942,0,0,25.30889875,6.9237372,0,0,19.94425634,543.1740607,1.153846154,1.846153846,2.487179487,0.444444444,-3.39,39,514.293,374870204.1,27.18726294,9.662462759,4.111772825,222.081397,13.64305706,0.506847955,13.64305706,0.201631281,0.017252414,0.201631281,-2.240737143,-0.506847955,0.0013,131.7544,543.525,7,12,2,1,3,2,0,2,12,6,12,0,5,0,1,1,208,45.47689331,29.45646828,17.85651662,5.783244946,0,0,14.38361155,0,0,0,12.13273414,12.99010427,41.99466017,42.11205118,5,54.12683739,17.34973484,0,0,5.733667477,62.4310196,13.71667951,51.57981016,0,17.2485355,10.47053043,0,17.2485355,0,86.73990246,20.68908471,0,68.83913015,18.19910121,0,0,0,206.07,0,0,0,0,0,0,0,0,0,109.4166667,0,3,2,0,0,0,0,2,0,0,3,3,0,0,0,0,0,1,0,0,0,0,0,0,0,0,0,0,0,0,0,0,0,0,2,0,3,0,0,0,0,3,0,0,0,0,0,0,0,0,0,3,1,0,0,1,0,0,0,0,0,0,0,0,0,2,2,0,0,0,0,0,0,0,0,0,0,0,0,0,0,0,0,0,0,0.235262582,543.525,0.0013,12,12,6,6,6,3,12,0.11627907,18,1,13,131.7544,43,0,0,0,0,206.07,4.624658871,0.000154833,0.910091645,51.33547139,38.19688403,220,275,0,27,0,1,11,1,0,0,0,3,0,3,0,0,3,0,0,5,2,0,0,0,0,0,0,0,0,0,0,0,0,0,0,0,0,12,39,3,0.7,0,28,0
36314,1.387447664,2280.34627,44.94021786,35.23274852,35.23274852,29.27228993,20.47284996,20.47284996,17.3540403,17.3540403,13.47985515,13.47985515,10.18254051,10.18254051,112.6040952,39.2922681,4.794537184,35.30081563,5.563451492,13.8474744,25.98020854,92.71024629,0,5.316788604,23.68431477,853.3309553,0.822580645,1.403225806,1.951612903,0.446808511,-5.74,62,802.51,1.95363E+13,44.32035765,16.51284551,7.294407711,357.8854074,15.48379502,0.455736924,15.48379502,0.338014233,0.002885344,0.338014233,-2.390958147,-0.455736924,3.7357,217.6901,853.918,4,15,3,1,4,3,0,3,14,4,15,0,10,2,1,3,328,44.32068556,23.91294997,23.59222853,0,5.907179729,23.87722115,19.17814874,9.589074368,0,0,80.57751215,54.82260323,37.66755961,35.64903719,7,67.77112006,35.56764583,0,5.316788604,16.74788698,108.2518072,6.606881965,118.8320696,0,0,5.316788604,0,0,0,105.3200099,42.86246351,16.74788698,86.70533612,102.1417151,0,0,0,221.29,0,0,0,0,0,0,0,0,0,160.5,0,3,2,0,0,0,0,0,0,0,6,6,0,0,0,0,1,0,0,0,0,0,0,0,0,0,0,1,0,0,0,0,0,0,3,0,5,0,0,0,4,5,0,0,0,0,0,0,0,0,0,1,1,0,0,0,0,0,0,0,0,0,0,0,0,0,0,0,0,0,0,0,0,0,0,0,0,0,0,0,0,0,0,0,0,0.129786194,853.918,3.7357,14,14,4,4,4,3,14,0.147058824,23,3,25,217.6901,68,0,0,0,0,221.29,5.591556761,0.000127012,0.948847637,85.1900937,65.14892137,346,429,0,47,0,1,14,0,0,0,0,3,0,1,0,4,5,0,0,7,3,0,0,0,0,0,0,0,0,0,0,0,0,0,0,0,0,18,62,7,3.5,0,43,0
60750,2.419121978,506.8312696,13.49963552,9.032488305,9.032488305,8.374245891,5.044753463,5.044753463,3.871087893,3.871087893,2.663557922,2.663557922,1.722861648,1.722861648,36.65498848,18.68189467,0,5.817862778,4.567099648,12.26321064,0,0,0,4.983978521,15.57705783,263.0717623,1.611111111,2.277777778,2.777777778,0.555555556,-1.58,18,252.112,10211.95767,12.86606079,4.264616605,1.854653254,99.43404632,13.70087207,0.393564363,13.70087207,0.351313799,0.114055624,0.351313799,-3.713275227,-0.393564363,-1.2886,54.859,263.2,4,7,0,1,1,0,1,1,7,3,9,0,2,0,1,1,100,20.68358522,11.92182917,6.103966388,6.227901171,0,11.61227257,4.567099648,4.794537184,13.76480862,0,0,6.066367068,6.196843572,6.606881965,2,23.73074784,5.817862778,0,9.551078169,0,24.35836311,12.34054944,22.74749122,0,0,11.42341088,14.59869287,0,0,44.50147687,4.736862954,0,6.227901171,17.05774782,0,0,0,110.6,0,0,0,0,0,0,0,0,27.9247997,33.65853364,0,2,2,1,0,2,0,0,0,0,0,0,0,0,0,2,0,1,0,0,0,0,0,0,0,2,0,0,0,1,0,0,0,0,0,0,0,0,0,0,0,1,0,0,2,0,0,0,0,0,0,0,0,0,0,0,0,0,0,0,0,0,0,0,0,0,0,0,0,0,0,0,0,0,0,0,0,0,0,0,0,0,0,0,0,0.612087373,263.2,-1.2886,7,7,3,3,3,2,7,0.105263158,9,2,6,54.859,19,0,0,0,0,110.6,2.87818628,0.001552984,0.962670508,23.42483884,17.93086886,96,116,0,9,0,3,4,0,0,0,0,2,0,0,0,0,1,0,0,2,1,2,0,0,0,0,0,0,0,0,0,0,0,0,0,0,0,6,18,1,-1.1,2,12,0
60838,1.163284424,1685.119955,29.87973993,24.85644893,24.85644893,20.8170488,15.65470636,15.65470636,12.2359104,12.2359104,9.965617272,9.965617272,7.470643971,7.470643971,11.5703561,19.49013895,0,24.68021055,60.36120248,34.87147116,32.35197768,23.62357098,17.03264387,11.82364693,14.45770443,586.2791349,1.069767442,1.837209302,2.558139535,0.515151515,-3.76,43,548.385,8813764338,28.03622737,10.74900395,4.534533167,249.7555627,13.58117294,0.458197728,13.58117294,0.414728189,0.095133029,0.414728189,-1.863973748,-0.458197728,4.0911,159.9458,586.689,1,10,0,4,4,1,2,3,9,1,10,0,4,0,2,2,226,28.94717241,12.3563938,5.601050811,0,5.559266895,12.06254536,4.794537184,14.57305289,0,0,20.26829602,81.44336231,35.64448084,29.0127646,7,24.16932767,22.96547029,0,19.35089763,0,83.58775577,26.17902562,56.87307832,0,17.13736782,10.29612985,4.794537184,5.749511833,0,68.74083684,34.70491094,0,74.6262101,29.06000546,0,22.29078092,0,114.2,0,0,0,0,0,0,0,0,1.651016702,95.43231663,0,1,0,0,0,2,0,0,0,0,2,2,0,0,0,4,0,0,0,0,2,0,0,0,0,0,0,1,0,0,1,0,0,0,1,0,5,0,0,0,1,2,0,0,0,0,0,0,0,0,0,0,0,0,1,0,0,0,0,0,0,0,0,0,0,0,0,0,0,2,0,0,0,2,0,0,0,0,0,0,0,0,0,0,0,0.355955569,586.689,4.0911,9,9,1,1,1,1,9,0.081632653,17,6,19,159.9458,49,0,0,0,0,114.2,6.824173712,0.000625127,0.998135039,58.43217373,43.56091069,246,306,0,33,0,4,6,0,0,1,0,1,0,0,0,2,2,0,0,7,3,0,0,0,0,0,0,0,0,0,0,0,0,0,0,0,0,17,43,3,3,0,29,0
104741,1.15060473,1031.076056,29.83828805,24.24036357,25.05686015,19.33215401,15.62669471,17.11472858,13.19268345,14.88883284,10.55953083,12.0475647,8.283545498,9.480081907,35.74003997,36.37402852,0,17.27181046,41.59481125,77.04985948,11.12690298,0,12.13273414,12.99010427,0,606.3166075,0.926829268,1.585365854,2.292682927,0.8125,-1.22,41,559.406,781031347.5,32.68878869,13.60700932,7.655620742,243.6928034,12.95233595,0.507956031,12.95233595,0.452728834,0.019499234,0.452728834,-5.542129731,-0.507956031,8.6826,152.652,606.782,2,3,3,0,3,1,0,1,3,2,9,0,14,2,0,2,234,10.21305479,5.749511833,0,0,0,12.09882769,4.208898492,0,21.95207524,0,51.51503401,103.7128248,28.72609788,6.103966388,4,36.37402852,10.79956904,0,0,23.16870861,127.3567617,11.50570721,29.32600419,0,5.749511833,0,21.95207524,5.749511833,0,44.13045457,17.22039067,23.16870861,113.860049,18.19910121,0,0,0,57.53,0,-1.354989264,0,0,0,0,0,0,74.51272204,35.98115612,0,1,1,0,0,0,0,1,0,0,0,0,0,0,0,0,0,0,0,0,0,0,0,0,0,5,0,0,0,0,0,0,0,0,1,0,5,0,0,0,0,0,0,0,5,0,0,0,0,0,0,0,0,0,0,0,0,0,0,0,0,0,0,0,0,1,1,0,0,0,0,0,0,0,0,0,0,0,0,0,0,0,0,6,0,0.164586202,606.782,8.6826,3,3,2,2,2,1,3,0.318181818,0,1,36,152.652,44,0,1,0,0,57.53,7.208160567,0.000306677,0.994398226,63.36800751,52.55782013,218,258,0,32,0,0,3,0,0,0,0,1,0,0,0,0,0,0,0,4,1,5,0,0,1,0,0,0,0,0,0,0,0,0,0,0,0,6,41,1,4.3,5,37,0
104842,1.837836053,1276.658373,20.49927104,16.15142745,16.15142745,13.88439581,9.702727388,9.702727388,7.575586562,7.575586562,6.142842579,6.142842579,4.55356725,4.55356725,11.5703561,19.80212916,0,24.33648232,35.480337,22.02982792,0,35.75630512,6.9237372,0,9.720841475,392.1372217,1.206896552,2,2.724137931,0.318181818,-3.19,29,372.251,5499159.584,17.87794435,5.903749744,2.246075453,165.7523608,13.22419758,0.507941373,13.22419758,0.342676338,0.110336865,0.342676338,-1.832032677,-0.507941373,2.3476,105.5676,392.411,2,7,0,2,2,1,2,3,7,2,7,0,2,0,0,0,148,19.51701739,12.3563938,5.601050811,0,5.559266895,5.969305288,4.794537184,9.778515705,0,0,13.8474744,42.67056301,16.5131272,29.0127646,5,19.74445493,16.87223022,0,9.551078169,0,45.44180683,0,56.87307832,0,17.13736782,5.559266895,0,5.749511833,0,25.73343825,34.70491094,0,42.52210199,29.06000546,0,22.29078092,0,101.65,0,0,0,0,0,0,0,0,1.628604497,70.45472884,0,1,0,0,0,2,0,1,0,0,1,1,0,0,0,2,0,0,0,0,0,0,0,0,0,0,0,0,0,0,1,0,0,0,1,0,5,0,0,0,1,1,0,0,0,0,0,0,0,0,0,0,0,0,1,0,0,0,0,0,0,0,0,0,0,1,1,0,0,0,0,0,0,2,0,0,0,0,0,0,0,0,0,0,0,0.507959828,392.411,2.3476,7,7,2,2,2,1,7,0.060606061,17,4,9,105.5676,33,0,0,0,0,101.65,4.285588616,0.000728361,0.984624799,35.91351611,25.52952697,170,216,0,22,0,2,5,0,0,0,0,1,0,0,0,1,1,0,0,5,3,0,0,0,0,0,0,0,0,0,0,0,0,0,0,0,0,17,29,2,1.8,0,14,0
123631,1.507873957,1046.684904,21.63118127,17.23616369,17.99209263,15.13536159,10.11551554,10.49348001,7.152408396,7.559608522,5.083026255,5.372672717,3.441625503,3.622168134,5.817220841,4.390415048,0,5.022633314,35.1278554,44.65507898,18.46005421,13.17616461,12.13273414,20.18465538,25.81152875,446.1520965,1.161290323,2,2.774193548,0.363636364,-2.68,31,422.718,13732178.25,21.54820667,10.08499225,5.330841061,184.6422968,13.46824402,0.492785963,13.46824402,0.162432985,0.036408571,0.162432985,-0.47475551,-0.492785963,4.2756,118.1537,446.91,1,7,0,1,1,2,1,3,7,1,9,0,8,0,1,1,164,19.52737747,17.96240369,11.49902367,0,0,0,4.899909731,14.35837209,0,0,11.60093989,30.6862899,36.77424678,37.46977747,4,18.60100391,34.00911387,0,14.86786677,0,6.420821623,51.88150126,47.49900957,0,11.49902367,14.79051451,15.8956641,11.49902367,11.60093989,61.43257943,4.736862954,5.817220841,6.420821623,36.65915542,5.022633314,10.90292493,0,68.74,0,5.895463516,0,0,0,0,0,0,13.46824402,51.58073691,0,0,0,0,0,2,0,0,0,0,0,0,0,0,0,3,1,0,0,0,0,0,0,0,0,0,0,0,0,2,0,0,0,0,2,0,1,0,0,0,0,3,0,0,2,0,0,0,0,0,0,0,0,0,0,1,1,0,0,0,0,0,0,0,0,0,0,0,0,0,0,0,0,0,0,0,0,0,0,0,0,0,0,1,0,0.517854528,446.91,4.2756,7,7,1,1,1,0,7,0.235294118,13,2,12,118.1537,34,0,0,0,0,68.74,5.057296375,0.00019487,0.942826944,44.60658577,36.13745379,160,186,0,22,0,4,3,0,0,1,0,0,0,0,0,0,3,0,0,4,3,1,1,0,0,0,0,0,0,0,0,0,0,0,0,0,0,17,31,0,2.2,1,17,0
126565,1.775571233,1730.450548,22.27529192,17.92282373,17.92282373,15.98311201,11.28718038,11.28718038,9.672362453,9.672362453,8.233502854,8.233502854,6.731937741,6.731937741,24.16081954,15.00759197,0,12.32800135,6.544756406,54.73860271,0,0,49.38830668,20.51735497,4.736862954,439.1532062,1.060606061,1.757575758,2.515151515,0.269230769,-3.39,33,418.303,98632045.25,18.08317417,5.390137946,1.749453261,187.3117655,13.16377053,0.393180302,13.16377053,0.252133443,0.055524206,0.252133443,-1.477322806,-0.393180302,3.4744,124.0388,439.471,3,7,0,3,3,3,2,5,6,3,7,0,1,0,1,1,164,29.40090564,11.82895198,5.724985594,0,5.907179729,0,4.794537184,0,0,0,36.39820241,24.61992283,34.51047489,34.23713633,8,19.74445493,49.51887946,0,14.4509879,0,37.4432528,6.606881965,59.65783953,0,0,5.316788604,0,0,0,37.46236659,17.00660495,0,35.49390016,48.53093655,0,43.61169973,0,88.65,0,0,0,0,0,0,0,0,4.203190665,69.463476,0,2,1,0,0,2,0,0,0,0,1,1,0,0,0,2,1,0,0,0,0,0,0,0,0,0,0,1,0,0,0,0,0,0,3,0,13,0,0,0,0,1,0,0,0,0,0,0,0,0,0,0,0,0,0,0,0,0,0,0,0,0,0,0,2,0,0,0,0,0,0,0,0,0,0,0,0,0,0,0,0,0,0,0,0,0.373215962,439.471,3.4744,6,6,3,3,3,2,6,0.025,26,5,9,124.0388,40,0,0,0,0,88.65,3.611690497,0.000275566,0.898935985,35.17068118,22.94834269,214,285,0,26,0,3,4,0,0,0,0,2,0,0,0,0,1,0,0,8,5,0,0,0,0,0,0,0,0,0,0,0,0,0,0,0,0,24,33,1,2.7,0,15,0
148124,1.485705767,1976.328971,42.74998342,33.88496248,33.88496248,26.99041484,19.33466299,19.33466299,17.57384661,17.57384661,12.56716789,12.56716789,9.559609693,9.559609693,112.4219011,44.3987955,0,29.73736414,5.563451492,6.9237372,25.98020854,83.14962255,0,5.316788604,23.68431477,807.3466054,0.948275862,1.551724138,2.103448276,0.558139535,-4.67,58,754.466,1.46401E+12,42.92290433,15.17169409,7.099650361,336.1909091,14.94548197,0.455737673,14.94548197,0.407747107,0.063719049,0.407747107,-2.353438114,-0.455737673,3.2596,203.6044,807.89,5,15,3,1,4,2,0,2,14,5,15,0,8,2,1,3,314,49.42721295,35.61796717,17.48826215,0,0,24.00115593,9.589074368,14.38361155,0,0,62.37841095,63.46108069,25.18037091,35.64903719,6,68.08311027,29.78440088,0,5.316788604,16.74788698,127.7003324,6.606881965,82.93678273,0,0,5.316788604,4.794537184,0,0,110.2443432,38.06792632,16.74788698,90.19482184,71.80987974,0,0,0,224.45,0,0,0,0,0,0,0,0,0,151.4166667,0,4,3,0,0,0,0,0,0,0,5,5,0,0,0,0,1,0,0,0,0,0,0,0,1,0,0,1,0,0,0,0,0,0,2,0,5,0,0,0,3,5,0,0,0,0,0,0,0,0,0,1,1,0,0,0,0,0,0,0,0,0,0,0,0,0,0,0,0,0,0,0,0,0,0,0,0,0,0,0,0,0,0,0,0,0.146809486,807.89,3.2596,14,14,5,5,5,4,14,0.126984127,15,3,27,203.6044,63,0,0,0,0,224.45,5.116026302,0.000192609,0.958452661,83.0898582,65.09398916,326,403,0,43,0,1,14,0,0,0,0,4,0,1,0,4,5,0,0,6,2,0,0,0,0,0,0,0,0,0,0,0,0,0,0,0,0,12,58,6,2.7,0,45,0
156422,1.332261919,1433.134329,27.40720215,23.15987931,23.15987931,18.77500815,13.48052873,13.48052873,10.95061305,10.95061305,6.898977272,6.898977272,4.605084916,4.605084916,0,4.794537184,0,11.44610498,18.11213102,66.31475917,0,4.681802935,73.65377495,36.30469854,14.57240772,527.28964,0.974358974,1.692307692,2.41025641,0.35483871,-3.88,39,490.373,725071079.6,26.71621071,11.471317,6.407509731,229.4561343,13.24385987,0.491607609,13.24385987,0.324369991,0.169977318,0.324369991,-0.338092859,-0.491607609,5.98642,156.3444,527.669,2,8,0,1,1,3,1,4,6,2,8,0,7,0,1,1,204,14.79051451,18.17425658,0,0,0,6.031114512,10.21669833,9.476340119,5.098681808,0,62.7328655,31.18920547,41.88807518,30.28246447,5,14.26826309,28.30881199,0,14.68039447,0,33.10993927,50.08849232,77.98741724,0,11.43689811,15.37044016,16.29978624,5.749511833,0,60.1664241,10.15185342,6.9237372,32.02859109,66.73003775,0,16.4598347,0,80.65,0,0,0,0,0,0,0,0,1.780866919,79.46913308,0,0,0,0,0,2,0,0,0,0,1,1,0,0,0,3,2,0,0,0,0,0,0,0,0,0,0,2,0,2,1,0,0,0,3,0,1,0,0,0,0,2,0,0,0,0,0,0,0,0,0,0,0,0,0,0,1,0,0,0,0,0,0,0,0,0,0,0,0,0,0,0,0,0,0,0,0,0,0,0,0,0,0,0,1,0.308784287,527.669,5.98642,6,6,2,2,2,0,6,0.162790698,10,2,14,156.3444,43,0,0,0,0,80.65,6.063165134,0.000383889,0.991152507,57.22924164,47.46155299,208,243,0,31,0,5,3,0,0,1,0,0,0,0,0,0,2,0,0,5,4,0,0,0,0,0,0,0,0,0,0,0,0,0,0,0,0,22,39,1,3.5,0,20,0
176158,2.057258989,1095.997203,17.71481399,13.13844128,14.65029917,11.96923425,7.569291322,8.325220268,5.828245284,6.671881191,4.297951704,4.845757815,3.202276825,3.705261872,11.81435946,9.589074368,0,5.57310453,26.74527414,10.90292493,0,18.19910121,42.07708348,5.316788604,23.20187978,370.027583,0.92,1.6,2.32,0.052631579,-2.56,25,359.127,680504.673,15.93816067,5.75854482,2.455774241,153.198009,12.53184018,0.3499023,12.53184018,0.259138717,0.266684933,0.259138717,-0.460966081,-0.3499023,4.0523,99.3447,371.223,1,4,0,1,1,2,1,3,3,1,6,0,2,0,0,0,124,4.567099648,0,0,0,11.81435946,0,14.90586297,0,0,0,47.46734805,18.19910121,40.29697678,16.16884237,4,9.589074368,57.06537323,0,9.883888252,7.047671983,0,0,69.83358266,0,0,5.316788604,0,0,23.20187978,16.38145911,16.63674635,0,11.12690298,48.66141305,10.04526663,22.04913399,0,51.1,0,12.23588539,0,0,0,0,0,0,1.925428057,47.22757544,0,0,0,0,0,1,0,0,0,0,2,2,0,0,0,1,1,0,0,0,0,0,0,0,0,0,0,2,0,0,1,0,0,0,2,0,1,0,0,0,0,0,0,0,2,0,0,0,1,0,0,0,0,0,0,0,0,0,0,0,0,0,0,0,1,0,0,0,0,0,0,0,0,0,0,0,0,0,0,0,0,0,0,0,0,0.691294786,371.223,4.0523,3,3,1,1,1,0,3,0.071428571,19,2,5,99.3447,28,0,0,0,0,51.1,3.48218947,0.000378845,0.860459659,29.29168797,21.45906305,140,172,0,19,0,2,2,0,0,0,0,0,0,0,0,0,0,0,0,4,3,0,2,0,0,0,0,0,0,0,0,0,0,0,0,0,0,16,25,3,3.2,0,9,0
176870,1.956916735,1001.004202,20.47648073,16.47464963,16.47464963,14.2450447,9.107799663,9.107799663,6.071032107,6.071032107,4.082844816,4.082844816,2.682613459,2.682613459,0,0,0,0,43.7444143,22.1537627,6.327320075,14.21959508,36.39820241,21.20517996,25.37080171,393.1688562,0.931034483,1.655172414,2.344827586,0.272727273,-3.34,29,370.259,4235838.813,20.395692,10.27158895,5.347720173,169.5322632,5.85739678,0.48726952,5.85739678,0.162995094,0.392174356,0.162995094,0.392174356,-0.48726952,3.4051,111.9397,393.443,1,7,0,0,0,2,1,3,7,1,7,0,10,0,0,0,150,24.26424042,25.35894678,11.49902367,0,0,0,0,9.967957042,0,6.423349896,11.98680139,24.26546827,36.92302413,18.73046465,3,18.94745182,22.40817398,0,9.967957042,0,0,45.96391154,48.28897398,0,23.84280788,14.79051451,11.50524905,11.49902367,0,50.61507998,9.473725908,12.34378421,5.563451492,42.72552249,0,10.90292493,0,74.73,0,0,0,0,0,0,0,0,0,64.66666667,0,0,0,0,0,2,0,0,0,0,0,0,0,0,0,2,1,0,0,0,0,0,0,0,0,0,0,0,0,2,0,0,0,0,2,0,1,0,0,0,0,4,0,0,0,0,0,0,0,0,0,0,0,0,0,2,0,0,0,0,0,0,0,0,0,0,0,0,0,0,0,0,0,0,0,0,0,0,1,0,0,0,0,2,0,0.417884098,393.443,3.4051,7,7,1,1,1,0,7,0.322580645,10,1,8,111.9397,31,0,0,0,0,74.73,4.708285682,0.000385902,0.96823499,43.50060566,35.38111784,142,163,0,22,0,3,4,0,0,0,0,0,0,0,0,0,4,1,0,3,3,0,0,0,0,0,0,0,0,0,0,0,0,0,0,0,0,17,29,0,1.9,0,13,1
208908,1.291877087,1760.581604,28.11430893,21.52557821,23.09800374,19.23129794,12.39521229,14.83369028,9.2156127,11.88256534,6.008345079,7.249420414,4.02693825,4.777163732,9.837253136,12.80821203,0,18.17695641,52.45085334,16.46637642,24.7158234,24.26546827,36.39820241,20.60153425,20.75495378,580.1347322,1.025,1.9,2.7,0.172413793,-3.99,40,554.861,1089671666,27.57212509,12.03371284,7.146807076,235.6501557,13.43080267,0.487343923,13.43080267,0.148204627,0.066361687,0.148204627,-3.01899647,-0.487343923,6.1391,154.1242,581.069,2,8,0,0,0,3,2,5,8,2,11,0,11,0,0,0,206,19.7875911,51.67654547,0,0,0,0,0,22.77616907,0,0,23.73367403,66.22712218,29.43758757,22.83694404,5,21.96222592,43.84636701,0,15.28474565,0,13.15163837,23.8701678,101.287278,0,17.07321074,15.37044016,15.8956641,5.749511833,11.60093989,36.93913322,22.98889151,5.817220841,11.32369891,83.54087583,5.022633314,22.22662384,0,106.35,0,3.448439953,0,0,0,0,0,0,41.99815437,51.91451679,0,0,0,0,0,2,0,0,0,0,0,0,0,0,0,2,2,0,0,0,0,0,0,0,0,0,0,0,0,2,0,0,0,0,3,0,1,0,0,0,0,1,1,0,2,0,0,0,0,0,0,0,0,0,0,0,0,0,0,0,0,0,0,0,0,0,0,0,0,0,0,0,0,0,0,0,0,1,0,0,0,0,0,1,0,0.179479493,581.069,6.1391,8,8,2,2,2,0,8,0.25,22,2,10,154.1242,44,0,2,0,1,106.35,6.81997058,0.000136255,0.973333779,53.07499451,44.85547978,212,244,0,29,0,4,4,0,1,0,0,0,0,0,0,0,1,0,0,5,5,1,1,0,1,0,0,0,0,0,0,0,0,0,0,0,0,28,40,2,3.3,1,14,0
216239,1.6244376,1137.878945,23.30275414,16.45731905,17.213248,15.15121691,9.062991028,9.440955501,6.35385651,6.761056636,4.068618814,4.398207035,2.582987741,2.807679149,22.79349784,22.76031951,0,17.288494,17.18640994,12.13273414,25.37724969,30.33183534,0,20.93434433,16.33780284,464.0863027,0.9375,1.59375,2.25,0.095238095,-3.79,32,448.703,9882757.491,22.88541115,9.563603314,5.883370444,185.1110564,12.93887738,0.457236902,12.93887738,0.417418428,0.065938923,0.417418428,-4.641864625,-0.457236902,5.5497,113.2386,464.831,3,7,0,0,0,2,1,3,4,3,11,0,5,0,0,0,166,20.68722877,17.19295166,0,0,5.907179729,12.20741303,9.778515705,4.794537184,13.17124514,0,11.60093989,48.53093655,30.68565517,10.58608481,3,27.49718246,34.91400668,0,10.30076712,0,6.176298517,17.68124919,77.07415999,0,11.49902367,20.68722877,29.34055488,11.49902367,11.60093989,23.96994475,6.176298517,0,16.05191667,60.79414719,5.022633314,0,0,92.35,0,5.568014615,0,0,0,0,0,0,38.81663214,49.97646435,0,0,0,0,0,1,0,0,0,0,2,2,0,0,0,1,3,0,0,0,0,0,0,0,0,3,0,3,0,2,0,0,0,0,2,0,0,0,0,0,0,1,0,0,4,0,0,0,0,0,0,0,0,0,0,0,0,0,0,0,0,0,0,0,0,0,0,0,0,0,0,0,0,1,0,0,0,0,0,0,0,0,0,0,1,0.461339502,464.831,5.5497,4,4,3,3,3,0,4,0.147058824,20,1,8,113.2386,34,0,0,0,0,92.35,6.213310048,0.000764947,0.997279386,42.23875443,36.21171775,164,187,0,21,0,4,3,0,0,0,0,0,0,0,0,0,1,0,0,3,3,3,1,0,0,0,0,0,0,0,0,0,0,0,0,0,0,18,32,2,1.6,3,14,0
216326,1.897932074,596.7962802,13.56854962,10.18003016,10.18003016,9.0753874,6.097128166,6.097128166,4.773307727,4.773307727,3.618311971,3.618311971,2.609612873,2.609612873,11.94902056,14.38361155,0,18.23518108,24.2164158,5.563451492,4.899909731,18.19910121,0,5.316788604,5.733667477,259.0956913,1.263157895,2.052631579,2.736842105,0.307692308,-2.37,19,246.161,28986.62764,11.70535247,4.081360286,1.758964381,109.1084885,12.28074169,0.398430342,12.28074169,0.254766125,0.197408352,0.254766125,-0.586111111,-0.398430342,0.0298,66.8996,259.265,3,6,0,2,2,1,0,1,4,2,6,0,1,0,1,1,98,10.63357721,6.041840829,0,11.81435946,5.907179729,0,19.70040016,0,0,0,6.066367068,18.55355576,29.77986729,0,3,14.38361155,23.40892546,0,10.21669833,0,25.42824048,5.733667477,29.32600419,0,0,11.05045608,5.687386275,0,0,28.66328975,16.13383077,0,28.76308341,18.19910121,0,0,0,92.5,0,0,0,0,0,0,0,0,0,51.33333333,0,0,0,1,0,0,0,0,0,0,3,3,0,0,0,1,1,1,0,0,0,0,0,0,0,0,0,3,0,1,0,0,0,0,1,0,1,0,0,0,0,0,0,0,0,0,0,0,1,0,0,0,0,0,0,0,0,0,0,0,0,0,0,0,0,0,0,0,0,1,0,0,0,0,0,0,0,0,0,0,0,0,0,0,0,0.549434913,259.265,0.0298,4,4,2,2,2,0,4,0.047619048,10,2,5,66.8996,21,0,0,0,0,92.5,3.308752466,0.001991918,0.983538929,23.80101195,17.76558316,104,126,0,13,0,3,3,0,0,0,0,0,0,0,0,0,0,0,0,3,1,0,0,0,0,0,0,0,0,0,0,0,0,0,0,0,0,6,19,3,0.5,0,12,0
216345,1.706849592,1426.626183,28.3881761,22.43478701,23.9466449,19.2444225,13.03495131,13.79088026,9.898263857,10.77113542,6.7971643,7.30111693,4.974508939,5.226485254,12.08368166,9.589074368,0,24.58701704,46.03287438,11.12690298,0,35.10871821,62.37841095,5.316788604,37.66801042,580.1644108,1,1.65,2.25,0.3,-3.75,40,551.26,1091314322,27.80318082,11.77886824,5.73584142,243.0347537,14.34627035,0.496623995,14.34627035,0.326380126,0.042136402,0.326380126,-0.527841107,-0.496623995,5.8858,155.4987,581.5,1,8,0,2,2,3,0,3,5,1,10,0,6,0,1,1,208,19.69042424,29.92124069,0,5.907179729,0,6.031114512,14.68685165,4.794537184,0,0,47.46734805,61.37257979,29.20114651,24.81905625,5,19.06280028,40.97579381,0,15.11660807,4.992404733,32.03512245,26.74406676,93.46565886,0,11.49902367,14.79051451,4.794537184,11.49902367,23.20187978,60.42176664,4.794537184,0,42.62151053,71.72244249,10.04526663,0,0,83.47,0,12.46119326,0,0,0,0,0,0,0,79.42769563,0,0,0,0,0,0,0,0,0,0,2,2,0,0,1,3,1,0,0,0,0,0,0,0,0,0,0,3,1,0,0,0,0,0,3,0,0,0,0,0,0,2,0,0,2,0,0,0,0,0,0,0,0,0,0,1,0,0,0,0,0,0,0,0,0,0,0,0,0,0,1,0,0,0,0,0,0,0,0,0,0,0,0,0,1,0.39401464,581.5,5.8858,5,5,1,1,1,0,5,0.136363636,18,2,14,155.4987,44,0,0,0,0,83.47,4.736903043,0.000104901,0.779307387,55.34059489,43.92498291,214,255,0,30,0,4,4,0,0,0,0,0,0,0,0,0,2,0,0,5,3,0,2,0,0,0,0,0,0,0,0,0,0,0,0,0,0,18,40,3,4,0,23,0
227681,2.419819378,263.8686141,9.844934983,7.149120858,7.149120858,6.147065708,3.839956851,3.839956851,2.436838705,2.436838705,1.543859403,1.543859403,0.796976045,0.796976045,17.78366475,14.38361155,0,13.15163837,0,17.05194994,0,6.9237372,0,4.736862954,0,183.0531578,1.384615385,1.923076923,2.384615385,0.375,-1.65,13,174.091,950.2567876,9.438105727,3.840137826,2.14309372,74.95635684,10.91254582,0.443655025,10.91254582,0.30674077,0.225842782,0.30674077,-0.450089758,-0.443655025,-0.1779,42.243,183.163,0,5,0,1,1,0,0,0,4,0,5,0,3,0,0,0,70,4.736862954,0,6.730816747,0,11.81435946,5.969305288,14.38361155,4.899909731,0,0,6.9237372,0,18.57286184,0,1,19.12047451,17.78366475,0,4.899909731,0,13.34455882,6.730816747,12.15204021,0,0,0,0,0,0,29.41439123,19.12047451,0,13.34455882,12.15204021,0,0,0,63.68,0,0,0,0,0,0,0,0,0,40.5,0,0,0,0,0,0,0,0,0,0,3,3,0,0,0,1,0,0,0,0,0,0,0,0,0,0,0,2,0,0,0,0,0,0,0,0,0,0,0,0,1,1,0,0,0,0,0,0,1,0,0,0,0,0,0,0,0,0,0,0,0,0,0,0,0,0,0,0,0,0,0,0,0,0,0,0,0,0,0,0,0,0,0,0,0,0.449520981,183.163,-0.1779,4,4,0,0,0,0,4,0.230769231,4,1,3,42.243,13,0,0,0,0,63.68,2.590959955,0.002567872,0.954374296,19.82510766,16.49617175,60,67,0,8,0,1,4,0,0,0,0,0,0,0,0,1,1,0,0,1,0,0,0,0,0,0,0,0,0,0,0,0,0,0,0,0,0,0,13,4,-0.3,0,9,0
387447,2.161933231,759.043647,20.51829709,15.94776776,15.94776776,13.3630811,9.137899145,9.137899145,6.964666143,6.964666143,4.113162283,4.113162283,2.75396693,2.75396693,30.91578522,19.63711952,0,18.03265566,6.420821623,5.563451492,18.59053071,0,44.17930974,20.60153425,0,384.1968857,1.107142857,1.821428571,2.392857143,0.368421053,-2.775064935,28,359.045,1408881.216,21.52417216,10.53103936,6.75018304,164.1161124,12.82666698,0.474964712,12.82666698,0.474964712,0.091930561,0.425736095,-1.694984426,-0.425736095,0.3606,105.0095,384.245,4,8,0,0,0,1,1,2,6,4,9,0,9,0,0,0,148,20.68162236,11.73576882,0,5.907179729,5.907179729,7.118392334,14.57305289,4.983978521,0,0,44.17930974,17.90217916,18.81450877,12.13803617,2,19.63711952,18.93275179,0,20.60153425,5.917906046,38.67215107,0,60.17974554,0,0,10.63357721,0,0,0,50.93178741,11.21535881,5.917906046,36.32021269,48.92236606,0,0,0,124.44,0,0,0,0,0,0,0,0,0,72,0,0,0,0,0,2,0,0,0,0,2,2,0,0,0,2,2,0,0,0,0,0,0,0,0,0,0,2,0,0,0,0,0,0,1,0,0,0,0,0,0,0,0,0,0,0,0,0,0,0,0,0,0,0,0,0,0,0,0,0,0,0,0,0,0,0,0,0,0,0,0,0,0,0,0,0,0,0,0,0,0,0,0,0,0,0.463046153,384.245,0.3606,6,6,4,4,4,0,6,0.310344828,5,1,9,105.0095,29,0,0,0,0,124.44,4.211182903,0.000447829,0.939652714,43.30620807,38.06636712,134,149,0,19,0,4,4,0,0,0,0,0,0,0,0,0,0,0,0,2,2,0,0,0,0,0,1,0,0,0,0,0,0,0,0,0,0,12,28,2,1,0,15,0
457193,1.320824187,3416.975083,66.97663337,54.13427664,54.13427664,42.10163029,30.52749678,30.52749678,25.54388794,25.54388794,17.52323485,17.52323485,12.27785806,12.27785806,190.6877604,52.73990902,9.589074368,53.91802732,18.40509474,9.799819462,80.69427259,62.3136348,0,21.26715442,24.60852284,1254.628475,0.611111111,1.033333333,1.444444444,0.612903226,-8.72,90,1168.75,3.19E+21,68.76523752,27.57194843,13.70430123,521.8226519,15.18304278,0.458367475,15.18304278,0.328962492,0.076303049,0.328962492,-1.883873546,-0.458367475,0.72564,325.4772,1255.438,6,28,1,5,6,1,0,1,18,5,28,0,8,0,4,4,490,70.29115712,71.75328812,11.34326756,52.68622823,11.81435946,11.93861058,52.73990902,14.57305289,0,0,61.45626467,88.67967804,46.84365223,29.90380207,7,71.42532305,87.797515,0,55.65059132,23.67162418,169.3107923,60.10338103,44.60986768,0,11.45417541,32.42961229,5.687386275,0,0,220.3062177,57.41909775,37.51909858,126.7635388,21.34442226,0,22.55389627,0,359.98,0,0,0,0,0,0,0,0,6.415008684,227.4183246,0,0,0,1,0,1,0,0,0,0,12,12,0,0,0,7,4,1,0,4,0,0,0,0,0,0,0,10,0,1,1,0,0,0,2,0,4,0,0,0,2,2,0,0,0,0,0,0,0,0,0,0,0,0,2,0,0,0,0,0,0,0,0,0,0,0,0,0,0,0,0,0,0,0,0,0,0,0,0,0,0,0,0,0,0,0.117861158,1255.438,0.72564,18,18,5,5,5,0,18,0.083333333,16,5,44,325.4772,96,0,0,0,0,359.98,7.182924795,9.11E-05,0.979853833,141.9861404,114.9875943,480,581,0,62,0,12,16,0,0,0,0,0,0,0,0,2,2,0,0,7,1,0,0,0,0,0,0,0,0,0,0,0,0,0,0,0,0,15,90,13,2.4,0,68,0
462382,2.840105258,779.9005824,25.67299763,21.29787181,21.29787181,16.01014681,12.04541133,12.04541133,9.959640298,9.959640298,5.08577842,5.08577842,3.524873573,3.524873573,36.03312202,19.17814874,0,24.3606001,19.26246487,11.84961201,0,0,71.87425854,15.95036581,4.736862954,475.3046214,0.764705882,1.264705882,1.764705882,0.615384615,-2.9,34,434.302,12626219.89,29.13215434,15.08929085,11.81485646,203.1394656,13.08697694,0.444675771,13.08697694,0.407621288,0.087307759,0.407621288,-0.858085606,-0.444675771,3.5882,131.8411,475.63,3,8,0,0,0,1,0,1,5,3,8,0,14,0,0,0,190,25.48176595,24.97672415,0,11.81435946,0,6.093240071,9.589074368,4.794537184,0,0,71.87425854,42.5796345,0,6.041840829,1,23.91501169,24.19376005,0,15.95036581,17.75371814,85.53729252,0,35.89528683,0,0,15.95036581,4.794537184,0,0,42.31928254,25.72735647,17.75371814,66.36833956,30.33183534,0,0,0,113.6,0,0,0,0,0,0,0,0,0,83.66666667,0,0,0,0,0,0,0,0,0,0,4,4,0,0,0,0,3,0,0,0,0,0,0,1,1,0,0,3,0,0,0,0,0,0,1,0,0,0,0,0,0,1,0,0,0,0,0,0,0,0,0,0,0,0,0,0,0,0,0,0,0,0,0,0,0,0,0,0,0,0,0,0,0,0,0,0,0,0,0,0,0,0,0,0,0,0.355964628,475.63,3.5882,5,5,3,3,3,0,5,0.411764706,-7,0,20,131.8411,34,0,0,0,0,113.6,5.10662542,0.000302264,0.96622721,61.69072606,57.85930242,156,169,0,26,0,3,5,0,0,0,0,0,1,0,0,1,1,0,0,1,1,0,0,0,0,0,0,0,0,0,0,0,0,0,0,0,0,6,34,4,2.3,0,24,0
644241,1.406068512,1649.06082,27.57033885,20.86111346,20.86111346,18.65201825,11.8130834,11.8130834,8.80465434,8.80465434,5.871916984,5.871916984,3.87410158,3.87410158,17.64692974,17.96578233,0,16.93822404,23.02358155,23.25963712,16.96078679,62.04294683,12.99010427,30.56949129,0,529.183793,0.974358974,1.820512821,2.538461538,0.107142857,-5.06,39,507.35,649397948.1,25.58376013,10.36474192,5.926969544,221.1751249,13.60916504,0.416061884,13.60916504,0.416061884,0.001141361,0.323896904,-4.600782254,-0.323896904,6.35584,140.9809,529.526,2,8,0,0,0,2,3,5,7,2,11,0,6,0,0,0,196,15.20067686,0,0,5.948339281,5.907179729,6.176298517,9.778515705,14.95193556,13.17124514,0,6.066367068,67.94186244,52.97643609,23.27862756,5,17.96578233,23.23029156,0,24.50301373,0,20.02377292,10.63357721,108.0962804,0,16.94476576,10.63357721,30.49435697,0,0,30.41019346,6.176298517,13.8474744,27.17881965,85.71199798,0,16.94476576,0,97.62,0,0,0,0,0,0,0,0,42.29352352,59.28980982,0,0,0,0,0,5,0,0,0,0,1,1,0,0,0,5,2,0,0,0,0,0,0,0,0,3,0,1,0,3,2,0,0,0,2,0,0,0,0,0,0,0,0,0,3,0,0,1,0,0,0,0,0,0,0,0,0,0,0,0,0,0,0,0,0,0,0,0,0,0,0,0,0,1,0,0,0,0,0,0,0,0,0,0,0,0.265859822,529.526,6.35584,7,7,2,2,2,0,7,0.139534884,25,3,8,140.9809,43,0,0,0,0,97.62,6.063728738,0.000285076,0.985832734,49.78621345,41.12907097,210,245,0,28,0,7,1,0,0,0,0,0,0,0,0,0,0,0,0,5,5,3,0,0,0,0,0,0,0,0,0,0,0,0,0,0,0,29,39,1,2.5,3,13,0
2155128,1.384524031,1348.377552,21.37166824,16.62300474,19.07249448,15.08052004,9.72316698,12.51086068,7.071817863,10.1501371,4.803636643,7.782992475,3.364651075,6.198026967,0,9.589074368,0,17.21930023,15.18347844,39.33506162,23.09867083,16.3289846,49.38830668,16.36713419,4.983978521,466.0591888,1.193548387,2.032258065,2.870967742,0.181818182,-2.62,31,448.469,21190332.02,20.2920344,8.487756531,4.125977419,190.6745406,13.12458041,0.301208581,13.12458041,0.272211057,0.066526813,0.272211057,-0.176377604,-0.301208581,4.52962,127.9727,466.613,1,6,0,1,1,2,2,4,8,1,9,0,5,0,0,0,156,5.316788604,0,10.28799496,5.907179729,5.559266895,0,14.15617402,9.967957042,0,11.76188495,47.3641391,36.75265697,12.17367523,32.24627199,5,4.794537184,56.11591462,0,14.53505669,0,23.39647878,16.82249582,70.14212011,0,5.687386275,10.8760555,5.13155848,0,34.86055578,31.94794363,11.21535881,6.9237372,11.25737949,63.37739369,0,15.90400691,0,76.88,0,4.270293914,0,0,0,0,0,0,1.606711606,63.28966115,0,0,0,0,0,3,0,0,0,0,1,1,0,0,0,3,1,0,0,0,0,0,0,0,0,0,0,1,0,1,2,0,0,0,2,0,2,0,0,0,0,0,0,0,0,0,0,0,0,0,0,0,0,0,0,0,0,0,0,0,0,0,0,0,1,0,0,0,0,0,0,0,0,0,0,2,0,0,0,0,1,0,0,0,0,0.34400464,466.613,4.52962,8,8,1,1,1,0,8,0.142857143,21,3,6,127.9727,35,0,0,0,0,76.88,4.640581892,0.000402843,0.970865214,39.41864781,30.54432763,170,203,0,22,0,4,2,0,0,0,0,0,0,0,0,0,0,0,0,5,4,0,0,0,3,0,0,0,0,0,0,0,0,0,0,0,0,22,31,2,2.7,0,11,0
2733526,1.995947377,880.7355335,19.76937395,17.059686,17.059686,13.68587185,9.906848819,9.906848819,7.115272622,7.115272622,4.790265908,4.790265908,3.348420112,3.348420112,0,0,0,0,6.606881965,18.71508986,27.83656354,0,0,110.8481299,4.736862954,371.2249145,0.714285714,1.25,1.785714286,0.230769231,-2.84,28,342.292,2692338.49,19.90879458,9.910993617,5.113643813,168.6489043,5.8709882,0.492264494,5.8709882,0.118903331,0.692414394,0.118903331,0.692414394,-0.492264494,5.9961,119.582,371.524,0,2,0,0,0,3,0,3,2,0,2,0,8,0,0,0,144,9.636772685,12.3563938,0,0,0,0,0,0,0,0,79.72014202,60.48546326,6.544756406,0,3,4.736862954,11.14620906,0,4.899909731,0,13.34455882,27.24698234,101.6194934,0,5.749511833,4.736862954,0,5.749511833,0,32.14689207,0,0,30.0349133,84.92913896,0,11.14620906,0,12.47,0,0,0,0,0,0,0,0,0,54,0,0,0,0,0,0,0,0,0,0,0,0,0,0,0,1,0,0,0,1,0,0,0,0,0,0,1,0,0,0,0,0,0,0,3,0,0,0,0,0,0,1,0,0,0,0,0,0,0,0,0,0,0,0,0,0,0,0,0,0,0,0,0,0,0,0,0,0,0,0,0,0,0,0,0,0,0,0,0,0,0,0,0,0,0,0.450572679,371.524,5.9961,2,2,0,0,0,0,2,0.266666667,3,0,9,119.582,30,0,0,0,0,12.47,4.160901994,0.000355994,0.925702834,43.14179397,35.51036246,138,158,0,26,0,1,1,0,0,1,0,0,0,0,0,0,1,0,0,3,3,0,0,0,0,0,0,0,0,0,0,0,0,0,0,0,0,18,28,1,4.5,0,11,0
2802462,2.120926441,795.5112124,14.1125197,11.58999927,11.58999927,9.647867046,6.781815852,6.781815852,5.247769604,5.247769604,3.496489986,3.496489986,2.278489478,2.278489478,0,4.794537184,0,5.428790392,22.64739782,5.563451492,5.563451492,12.13273414,30.33183534,25.98020854,4.417150937,264.1150298,0.95,1.65,2.35,0.166666667,-2.35,20,248.196,48051.71191,12.67208496,4.968138209,2.248488107,117.2313271,12.08802196,0.455819944,12.08802196,0.1928162,0.004827675,0.1928162,-0.004827675,-0.455819944,4.5834,82.009,264.324,0,2,0,0,0,2,1,3,2,0,2,0,2,0,0,0,100,4.417150937,11.34326756,5.428790392,0,0,0,4.794537184,0,0,0,50.24567681,23.61409167,11.62981856,5.386224214,3,4.417150937,10.96924436,0,0,0,19.76538045,0,70.38408268,0,11.32369891,5.428790392,0,0,0,0,0,0,25.32883194,63.80899174,0,22.29294327,0,30.21,0,0,0,0,0,0,0,0,5.829009354,38.00432398,0,0,0,0,0,0,0,0,0,0,0,0,0,0,0,0,0,0,0,0,0,0,0,0,0,0,0,0,0,0,0,0,0,0,2,0,1,0,0,0,0,0,0,0,0,0,0,0,0,0,0,0,0,0,0,0,0,0,0,0,0,0,0,0,1,0,0,0,0,0,0,0,0,0,0,0,0,0,0,0,0,0,0,0,0,0.677635803,264.324,4.5834,2,2,0,0,0,0,2,0.090909091,8,1,5,82.009,22,0,0,0,0,30.21,3.749070259,0.002170456,0.992742328,26.63858814,20.79603627,106,125,0,18,0,0,2,0,0,0,0,0,0,0,0,0,0,0,0,3,3,0,0,0,0,0,0,0,0,0,0,0,0,0,0,0,0,17,20,1,2.8,0,4,0
2984337,1.210421337,1599.981651,26.06190269,20.57328525,21.38978183,18.65219834,12.16471115,13.15030971,8.748722317,9.810794114,6.515539606,7.53076162,4.685091004,5.560639134,0,9.589074368,0,11.81435946,40.8261756,27.77279803,16.66179468,31.63621882,65.23077033,15.18134214,4.736862954,521.1521606,0.842105263,1.526315789,2.184210526,0.137931034,-4.5,38,498.418,903778182.6,23.87206949,10.10200486,4.202786045,222.8342343,13.18593133,0.496765883,13.18593133,0.260885263,0.244747246,0.260885263,-0.244747246,-0.496765883,5.2695,145.798,521.602,0,8,0,1,1,3,2,5,8,0,9,0,8,0,0,0,188,4.736862954,5.749511833,10.98084098,0,11.81435946,0,24.04006227,0,0,10.19736362,36.02735322,60.33798239,52.45526212,7.109797541,6,14.32593732,34.34869284,0,24.64835152,0,11.5772581,19.40740755,96.31699495,0,22.8247541,4.736862954,0,5.749511833,11.76188495,55.87011853,0,0,27.13679897,90.34652845,0,27.84769069,0,90.21,0,1.531573077,0,0,0,0,0,0,1.993639595,81.641454,0,0,0,0,0,4,0,0,0,0,2,2,0,0,0,5,0,0,0,0,0,0,0,0,0,0,0,2,0,0,0,0,0,0,3,0,0,0,0,0,0,1,0,0,0,0,0,0,1,0,0,0,0,0,0,1,0,0,0,0,0,0,0,0,0,0,0,0,0,0,0,0,0,1,0,1,0,0,0,0,0,0,0,1,0,0.156098408,521.602,5.2695,8,8,0,0,0,0,8,0.186046512,25,3,8,145.798,43,0,0,0,0,90.21,5.274504513,0.00028264,0.973472257,47.69273771,35.50069253,208,253,0,29,0,5,3,0,0,0,0,0,0,0,0,0,1,0,0,6,5,0,0,0,1,0,0,0,0,0,0,0,0,0,0,0,0,28,38,2,3.2,0,13,0
3062316,1.431592913,1111.432171,23.37166824,18.50713466,20.07956019,15.92305529,10.65860328,11.85306434,7.751415203,9.189264211,5.361898965,6.588407717,3.631779672,4.619262292,0,4.794537184,0,12.51406169,38.90574894,37.56033989,17.53362945,6.066367068,32.0465756,35.38533223,16.70746729,487.1557218,1.212121212,2,2.727272727,0.363636364,-2.79,33,461.809,33876609.84,23.37093503,10.42964985,5.772233374,201.0019604,12.6930818,0.395044548,12.6930818,0.266999546,0.173117974,0.266999546,-0.266613609,-0.395044548,3.31354,132.0467,488.017,3,9,0,1,1,1,2,3,9,3,11,0,7,0,1,1,174,20.64001433,22.33727725,5.13155848,0,5.907179729,0,9.694446915,14.95193556,0,0,35.07045991,25.47729296,38.7901491,23.51374512,4,9.901064579,51.29957581,0,19.85184529,0,13.8474744,54.86415093,51.74994834,0,0,15.53348694,22.45467031,0,22.93772577,70.19621641,0,13.8474744,21.05954037,30.46231185,5.022633314,0,0,106.51,0,7.457830514,0,0,0,0,0,0,0,67.48661393,0,1,1,0,0,3,0,0,0,0,1,1,0,1,0,5,2,0,0,0,0,0,0,0,0,0,0,1,0,4,2,0,0,0,1,0,0,0,0,0,0,0,0,0,1,0,0,0,0,0,0,0,0,0,0,0,0,0,0,0,0,0,0,0,1,0,0,0,0,0,1,0,0,0,0,0,0,0,0,0,1,0,0,0,0,0.465717306,488.017,3.31354,9,9,3,3,3,1,9,0.194444444,13,3,10,132.0467,36,0,0,0,0,106.51,6.185236717,0.000820476,0.997563515,47.70875925,39.2700625,172,200,0,22,0,7,2,0,0,1,0,1,0,0,0,0,0,0,0,4,3,0,1,0,1,0,0,0,0,0,0,0,0,0,0,0,0,17,33,1,2,0,18,0
5278396,1.583891878,1057.287524,18.2169677,14.5130346,16.14602776,13.27598958,8.838349359,10.47134252,6.378707839,8.514683636,4.601831926,7.216139303,3.27919049,5.662999006,0,4.794537184,0,5.428790392,24.85819355,23.54844778,14.68645043,35.65650404,12.13273414,35.23174507,9.154013891,395.0649854,0.851851852,1.592592593,2.407407407,0.19047619,-2.15,27,378.369,2979401.871,16.98288719,7.110004368,3.287746557,165.0796356,12.36362269,0.440234639,12.36362269,0.199620833,0.037770797,0.199620833,-0.037770797,-0.440234639,4.7592,108.134,395.505,0,4,0,2,2,2,1,3,6,0,6,0,2,0,1,1,136,14.05392362,5.760247419,11.31297259,0,0,0,4.794537184,0,0,0,47.78923817,18.19910121,50.36763234,13.21376393,5,9.154013891,29.4079521,0,0,0,19.5819339,31.20318647,64.82063119,0,11.32369891,10.32870012,5.884182202,0,23.5237699,26.30327674,4.736862954,0,0,83.39092564,0,11.32369891,0,42.68,0,3.495010827,0,0,0,0,0,0,6.185596655,47.31939252,0,0,0,0,0,0,0,0,0,0,0,0,0,0,0,1,0,0,0,0,0,0,0,0,0,0,0,0,0,1,0,0,0,0,2,0,2,0,0,0,0,1,0,0,0,0,0,0,0,0,0,0,0,0,0,0,1,0,0,0,0,0,0,0,0,0,0,0,0,0,0,0,0,0,0,0,0,0,0,0,0,0,0,0,0,0.487533907,395.505,4.7592,6,6,0,0,0,0,6,0.064516129,18,3,6,108.134,31,0,0,0,0,42.68,3.874691798,0.000414985,0.933973489,33.42008133,25.3118,150,180,0,21,0,1,3,0,0,0,0,0,0,0,0,0,1,0,0,5,3,0,0,0,2,0,0,0,0,0,0,0,0,0,0,0,0,18,27,1,2.9,0,12,0
5284616,1.701997863,1755.50057,48.17226867,40.61073083,40.61073083,30.74958332,23.92402024,23.92402024,19.59072187,19.59072187,14.4789912,14.4789912,10.11653677,10.11653677,83.86619841,39.2922681,0,54.81057407,63.36049914,11.99392615,12.00970727,41.06682679,58.07504933,0,23.68431477,913.5551416,0.846153846,1.569230769,2.246153846,0.745098039,-3.37,65,834.555,4.79832E+13,54.23741623,25.12545058,14.32242976,386.7224916,14.36141029,0.460091562,14.36141029,0.328662805,0.019310587,0.328662805,-2.4280639,-0.460091562,6.1806,245.1374,914.187,3,14,1,3,4,0,0,0,13,3,14,0,6,1,2,3,366,43.90380668,30.13698494,5.783244946,5.787111153,11.69042468,5.969305288,19.17814874,4.794537184,0,0,71.07480664,106.9556178,58.46951041,24.41586555,4,62.97658287,29.22621986,0,4.899909731,35.50743628,180.0727366,27.87414903,47.6023297,0,0,0,0,0,0,131.8765775,47.65700069,35.50743628,125.5160199,47.6023297,0,0,0,195.43,0,0,0,0,0,0,0,0,0,155.5833333,0,3,2,0,0,0,0,0,0,0,5,5,0,0,0,1,0,0,0,0,0,0,0,0,0,0,6,1,0,0,0,0,0,0,0,0,3,0,0,0,1,5,0,0,0,0,0,0,0,0,0,3,3,0,1,3,0,0,0,0,0,0,0,0,0,0,0,0,0,1,0,0,0,0,0,0,0,0,0,0,0,0,0,0,0,0.15551124,914.187,6.1806,13,13,3,3,3,3,13,0.088235294,-8,3,40,245.1374,68,0,0,0,0,195.43,6.005004691,7.03E-05,0.935288036,111.3208842,94.13376473,328,384,0,51,0,1,13,0,0,0,0,3,0,3,0,1,5,0,0,4,0,0,0,0,0,0,0,0,0,0,0,0,0,0,0,0,0,0,65,9,4.7,0,59,0
5328940,1.570806637,1272.894954,25.65612529,20.60602701,22.11788491,17.42658525,11.67734975,12.43327869,8.61742605,9.431826303,6.24711576,6.855194333,4.149517439,4.657089783,0,5.261891555,0,0,61.74183306,39.14460365,13.30664111,19.24253168,12.13273414,33.21747988,37.41246864,529.1647451,1,1.75,2.444444444,0.384615385,-2.96,36,501.224,120795972.2,26.11292304,11.8498977,5.876517095,220.8076193,9.745119972,0.495116643,9.745119972,0.162840614,0.356834592,0.162840614,0.356834592,-0.495116643,5.19038,143.3557,530.456,1,8,0,1,1,2,1,3,8,1,10,0,9,0,1,1,190,29.32719693,11.81873315,11.49902367,0,0,0,4.983978521,0,5.261891555,0,23.20187978,25.60122774,56.43958395,53.32666843,4,14.21058886,45.47957726,5.261891555,14.78379798,0,6.420821623,65.91471966,46.07102996,0,23.31775681,19.52737747,11.37477255,17.2485355,23.20187978,75.38172904,0,11.33111287,11.98427311,30.46231185,10.04526663,10.90292493,0,82.88,0,12.60412889,0,0,0,0,0,0,0,67.28476,0,0,0,0,0,1,0,0,0,0,0,0,0,0,0,4,1,0,0,1,0,0,0,0,0,0,0,0,0,2,0,0,0,0,2,0,1,0,0,0,0,3,0,0,2,0,0,0,0,0,0,0,0,0,0,2,0,1,0,0,0,0,0,0,0,0,0,0,0,0,1,0,0,1,0,0,0,0,0,0,0,0,0,1,0,0.378828926,530.456,5.19038,8,8,1,1,1,0,8,0.230769231,13,2,15,143.3557,39,0,0,0,0,82.88,5.590636797,0.000340976,0.982449732,53.36031974,42.94486894,186,219,0,26,0,5,3,0,0,2,0,0,0,0,0,0,3,0,1,4,3,0,2,0,0,0,0,0,0,0,0,0,0,0,0,0,0,17,36,0,3.3,0,21,1
5330286,1.507758547,1240.387811,22.94901851,19.09617015,19.09617015,16.02487714,11.64218531,11.64218531,8.864198996,8.864198996,6.720289528,6.720289528,4.993424931,4.993424931,0,9.589074368,0,22.94780416,22.97683077,62.9359226,6.9237372,17.68768042,18.32957771,25.50144398,4.983978521,447.2382732,1.121212121,1.878787879,2.545454545,0.458333333,-3.33,33,418.311,53698339.43,21.51229275,8.897288872,4.083227162,191.8089706,13.32949847,0.367740192,13.32949847,0.263110189,0.05360289,0.263110189,-0.247639588,-0.367740192,2.96582,128.6469,447.543,2,9,1,1,2,0,3,3,9,2,9,0,5,1,1,2,172,15.53348694,11.46504,5.783244946,5.948339281,5.559266895,0,14.15617402,9.967957042,4.983978521,0,12.84164325,44.38530327,43.80393424,17.44768134,5,4.794537184,34.27023472,0,24.83582381,0,45.57260172,36.39572396,46.00712834,0,0,21.09275383,17.45358833,0,0,51.48130578,0,6.9237372,54.57030469,29.32095846,0,11.03340144,0,105.04,0,0,0,0,0,0,0,0,1.722068502,70.61126483,0,0,0,0,0,4,0,0,0,0,1,1,0,0,0,5,2,0,0,0,0,0,0,0,0,0,0,0,0,3,1,0,0,0,0,0,1,0,0,0,0,0,0,0,0,0,0,0,0,0,0,1,1,0,0,0,0,0,0,0,0,0,0,0,0,0,0,0,0,0,1,0,0,2,0,0,0,0,0,0,0,0,0,0,0,0.575410887,447.543,2.96582,9,9,2,2,2,0,9,0.135135135,12,5,13,128.6469,37,0,0,0,0,105.04,5.265331352,0.000595446,0.991571855,46.37342666,35.83214899,180,217,0,24,0,7,2,0,1,0,0,0,0,1,0,0,0,0,0,5,3,0,0,0,0,0,0,0,0,0,0,0,0,0,0,0,0,17,33,2,1.9,0,18,0
6450551,1.602536873,1151.645353,19.34672421,15.21647727,16.03297385,13.74151474,8.806134597,9.622631178,6.08151932,7.196874392,4.25008117,5.315626493,2.854167114,3.838264955,0,4.794537184,0,5.907179729,5.563451492,32.08174787,0,25.0064005,72.8157109,20.49813074,0,386.1201322,1.071428571,1.928571429,2.75,0.045454545,-3.38,28,368.336,4402971.946,18.00530517,8.102901425,3.818583506,166.4488257,12.07573222,0.355076705,12.07573222,0.251671946,0.090126648,0.251671946,-0.090126648,-0.355076705,4.6391,113.2139,386.48,2,5,0,0,0,2,2,4,4,2,6,0,5,0,0,0,138,5.316788604,0,0,0,5.907179729,0,14.87719751,0,5.098681808,0,29.96098615,54.61660969,28.42170672,22.4680082,4,4.794537184,40.72402982,0,20.49813074,0,9.790966951,7.047671983,83.81182174,0,0,5.316788604,0,0,11.76188495,28.13619385,0,0,21.74584467,76.65148121,0,23.05496515,0,70.67,0,1.55561208,0,0,0,0,0,0,0,59.61105459,0,0,0,0,0,3,1,0,0,0,1,1,0,0,0,2,2,0,0,0,0,1,0,0,0,0,0,1,0,0,0,0,0,0,2,0,1,0,0,0,0,0,0,0,0,0,0,0,0,0,0,0,0,0,0,0,0,0,0,0,0,0,0,0,0,0,0,0,0,0,0,0,0,1,0,0,0,0,0,0,0,0,0,0,0,0.524190817,386.48,4.6391,4,4,2,2,2,0,4,0.161290323,16,2,4,113.2139,31,0,0,0,0,70.67,5.132159269,0.001151888,0.995881066,36.16956311,28.3271754,146,171,0,22,0,4,1,0,0,0,0,0,0,0,0,0,0,0,0,4,4,0,0,0,1,0,0,0,0,0,0,0,0,0,0,0,0,22,28,2,2.9,0,7,0
6505803,2.620307724,1212.425897,31.55974897,25.13893225,25.13893225,19.83504397,13.77085589,13.77085589,10.60057076,10.60057076,7.216740715,7.216740715,4.952711749,4.952711749,53.90068129,24.28467613,0,41.42377176,11.99392615,6.076020107,20.29561519,45.07529203,6.9237372,17.21251289,19.94425634,585.3050153,1.214285714,1.904761905,2.5,0.483870968,-3.8,42,542.354,652578352.4,34.40147855,15.99859798,9.101640409,246.7588069,13.54377765,0.438726691,13.54377765,0.404704015,0.131979096,0.404704015,-1.00060425,-0.438726691,2.5376,157.7386,585.698,5,11,1,1,2,0,0,0,9,4,11,0,6,0,0,0,230,35.68436094,6.103966388,6.103966388,11.56648989,5.907179729,6.093240071,14.38361155,4.794537184,0,6.578935684,44.22757493,38.18012822,43.9044867,23.6020114,2,38.49526499,23.56690969,0,10.63357721,17.56947957,64.9524576,20.76435149,71.14844854,0,0,16.36724469,4.794537184,0,0,73.85365413,28.59420041,11.83581209,40.53659204,71.14844854,0,0,0,166.28,0,0,0,0,0,0,0,0,0,108,0,1,1,0,0,0,0,0,0,0,4,4,0,0,0,0,2,1,0,0,0,0,0,0,0,0,4,2,0,0,0,0,0,0,0,0,2,0,0,0,0,3,0,0,0,0,0,0,0,0,0,2,1,0,0,2,0,0,0,0,0,0,0,0,0,0,0,0,0,0,0,1,0,0,0,0,0,0,0,0,0,0,0,0,0,0.270594171,585.698,2.5376,9,9,4,4,4,1,9,0.139534884,1,2,16,157.7386,43,0,0,0,0,166.28,4.417650398,0.0001133,0.803388877,69.75789474,59.42993197,204,235,0,31,0,3,8,0,0,0,0,1,0,2,0,1,3,0,0,2,0,0,0,0,0,0,0,0,0,0,0,0,0,0,0,0,0,0,42,10,2.1,0,33,0
9813758,2.345992041,744.2558775,13.40541292,11.14260569,11.14260569,9.2027086,6.388350364,6.388350364,4.726627946,4.726627946,3.190838667,3.190838667,2.29492221,2.29492221,0,0,0,0,13.08951281,28.19236943,5.563451492,0,12.26321064,45.66564879,5.733667477,255.1483955,1.315789474,2.157894737,2.947368421,0.285714286,-2.14,19,238.189,34051.11796,11.92286316,4.512098561,1.917586903,111.0200453,5.540650241,0.365689322,5.540650241,0.180308596,0.568914373,0.180308596,0.568914373,-0.365689322,1.86994,77.5111,255.325,3,5,0,0,0,1,2,3,5,2,5,0,3,0,0,0,98,11.05045608,0,11.46504,0,0,0,4.400694606,9.967957042,0,0,6.066367068,31.54366003,24.98028438,11.03340144,3,0,22.49844143,0,14.36865165,5.733667477,13.8474744,18.40630142,35.65332426,0,0,11.05045608,5.817862778,0,0,27.45816446,0,13.8474744,11.25737949,24.39594478,0,16.68057866,0,68.24,0,0,0,0,0,0,0,0,2.133118859,37.36688114,0,0,0,0,0,3,0,0,0,0,0,0,0,0,0,3,1,1,0,0,0,0,0,0,0,0,0,0,0,1,2,0,0,0,1,0,3,0,0,0,0,0,0,0,0,0,0,1,0,0,0,0,0,0,0,0,0,0,0,0,0,0,0,0,0,0,0,0,0,0,0,0,0,0,0,0,0,0,0,0,0,0,0,0,0,0.749393268,255.325,1.86994,5,5,2,2,2,0,5,0.142857143,6,2,5,77.5111,21,0,0,0,0,68.24,3.271357172,0.000976779,0.958066781,26.59399673,20.05911211,102,123,0,14,0,5,0,1,0,0,0,0,0,0,0,0,0,0,0,3,3,0,0,0,0,0,0,0,0,0,0,0,0,0,0,0,0,15,19,0,1.3,0,6,0
9825149,1.252952528,1272.706001,22.90720215,19.43686069,19.43686069,16.74231608,12.34929445,12.34929445,9.70863462,9.70863462,7.351338929,7.351338929,5.506969369,5.506969369,0,0,0,0,18.46658557,39.39117379,45.31755571,6.327320075,30.33183534,49.89727827,10.47053043,453.2528606,0.970588235,1.794117647,2.617647059,0.357142857,-3.38,34,422.342,118256342.8,21.17324703,9.105175322,4.140039538,199.9367124,6.373870459,0.48889431,6.373870459,0.145867785,0.468209575,0.145867785,0.468209575,-0.48889431,5.3064,135.5854,453.59,2,6,1,1,2,2,2,4,6,1,6,0,7,1,1,2,174,19.93753981,30.14875387,0,0,0,0,0,9.967957042,0,0,42.46456948,67.95034247,24.3468923,5.386224214,6,4.736862954,16.85126421,0,19.43496642,5.917906046,38.33200929,25.36793669,72.68491875,0,16.87641482,10.47053043,5.817862778,5.749511833,0,39.06923564,6.606881965,5.917906046,37.28857881,67.12146726,0,22.16030442,0,69.2,0,0,0,0,0,0,0,0,2.334015311,63.49931802,0,0,0,1,0,3,0,0,0,0,0,0,0,0,0,4,0,1,0,0,1,0,0,0,0,0,0,0,0,1,0,0,0,0,2,0,1,0,0,0,0,1,0,0,0,0,0,0,0,0,0,0,0,0,0,0,0,0,0,0,0,0,0,0,0,0,0,0,0,0,0,0,0,0,0,0,0,0,0,0,0,0,0,0,0,0.410854496,453.59,5.3064,6,6,1,1,1,0,6,0.179487179,13,4,13,135.5854,39,0,0,0,0,69.2,5.466728425,0.000578564,0.99174181,45.05495518,34.81291629,188,225,0,28,0,5,1,0,0,1,0,0,0,0,0,0,1,0,0,6,4,0,0,0,0,0,0,0,0,0,0,0,0,0,0,0,0,22,34,0,3.7,0,17,0
9826528,2.268140013,807.3045903,19.26722023,13.10109684,15.25859513,12.32860626,7.242493082,8.321242228,5.111684702,6.357316921,3.181601354,3.852592458,1.898677783,2.351874516,48.36395884,17.96578233,0,11.25083777,3.570182271,12.13273414,12.13273414,6.066367068,28.07096723,10.15437719,10.21305479,481.9950396,1.192307692,1.923076923,2.576923077,0.1875,-1.89,26,468.084,477877.8649,20.42225412,9.164647634,5.063969644,159.6240078,14.16882046,0.393591235,14.16882046,0.276562364,0.152234171,0.276562364,-1.369451006,-0.393591235,2.4667,95.2685,482.196,4,6,0,0,0,2,0,2,5,4,10,0,7,0,0,0,140,15.52984339,18.52806919,11.63444168,0,5.907179729,0,9.632125768,18.65134174,0,0,0,52.92270597,3.570182271,23.54510601,2,33.0164257,39.87282291,0,5.480096598,0,6.103966388,18.53055253,56.91713163,0,0,10.7968852,24.54601769,0,22.59087063,35.43796484,4.837588584,21.02184479,10.35798868,30.33183534,0,0,0,90.82,0,0,0,0,0,0,0,0,42.2966551,37.10482145,0,2,2,0,0,0,0,0,0,0,1,1,0,0,0,0,2,0,1,0,0,0,0,0,0,0,0,1,0,2,0,0,0,0,2,0,0,0,0,0,0,0,0,0,4,0,0,0,0,0,0,0,0,0,0,0,0,0,0,0,0,0,0,0,0,0,0,0,0,0,0,0,0,0,0,0,0,0,0,0,0,0,0,0,0,0.359960329,482.196,2.4667,5,5,4,4,4,2,5,0.259259259,14,0,9,95.2685,27,0,0,0,0,90.82,5.020340232,0.00035316,0.97891493,35.9223723,29.70187444,128,147,0,16,0,2,4,0,0,0,0,2,0,0,0,0,0,0,0,2,2,3,0,0,0,0,0,1,0,0,0,0,0,0,0,0,0,12,26,1,1.2,3,14,0
9887053,0,190.8183502,11.1378282,8.010279201,10.28248726,6.447264863,4.332642069,4.332642069,3.107748324,3.107748324,1.948912778,1.948912778,1.130870467,1.130870467,11.93861058,0,0,33.14894872,0,12.84164325,12.84164325,0,0,0,31.26946411,397.060148,0.933333333,1.2,1.333333333,0.75,-0.451688312,15,383.176,864.4997418,16.95947329,8.824483561,8.536836805,102.273227,9.099537037,2,9.099537037,2,0,0.675828778,-1.824074074,-0.675828778,1.5551,49.959,397.288,4,6,1,0,1,0,0,0,2,2,7,0,0,1,0,1,90,21.68038974,0,0,0,0,33.00387764,0,9.589074368,12.08368166,0,25.68328649,0,0,0,1,40.86739622,11.93861058,0,0,0,37.76696815,0,11.46733495,0,0,0,0,0,0,34.23534702,30.65434143,0,25.68328649,0,0,11.46733495,0,122.2,0,0,0,0,0,0,0,0,0,48,2,0,0,0,0,0,0,0,2,2,2,0,0,0,0,0,2,0,0,0,0,0,0,0,0,0,0,0,0,0,0,0,0,0,0,0,0,0,0,0,0,0,0,0,0,0,0,0,0,0,0,0,0,0,0,0,0,0,0,0,0,0,0,0,0,0,0,0,0,0,0,0,0,0,0,0,0,0,0,0,0,0,0,0,0,0.602405331,397.288,1.5551,2,2,2,2,2,0,2,0,-3,0,6,49.959,13,0,0,0,0,122.2,1.175950566,0.002891831,0.858952011,27.22258183,26.22685652,58,60,0,8,0,2,4,0,0,0,0,0,0,0,2,0,0,0,0,1,0,0,0,0,0,0,0,0,0,0,0,1,0,0,0,0,0,0,15,2,-0.6,0,11,0
9914412,1.24009312,1359.02692,26.158279,21.35258465,21.35258465,18.69100448,12.68569215,12.68569215,8.921020251,8.921020251,6.342171743,6.342171743,4.297425462,4.297425462,0,4.794537184,0,5.907179729,35.17460618,55.85916598,6.327320075,19.24253168,54.59730362,25.50144398,14.21058886,513.2376045,0.973684211,1.736842105,2.5,0.275862069,-4.21,38,482.35,622673716.2,25.44000787,12.3546558,6.368824577,221.3069157,12.40745279,0.492841757,12.40745279,0.25515764,0.153410327,0.25515764,-0.153410327,-0.492841757,4.7354,147.5809,513.598,2,9,0,1,1,3,1,4,8,2,9,0,10,0,1,1,196,24.84416607,12.14518285,11.49902367,0,5.907179729,0,9.694446915,9.967957042,0,0,18.19910121,48.8853911,48.02508454,32.44714415,5,19.00512605,34.00273999,0,14.86786677,0,6.420821623,57.19828986,78.62080932,0,11.49902367,20.10730312,17.19263533,11.49902367,0,67.33975915,4.736862954,0,16.7788103,73.05735783,0,10.90292493,0,97.84,0,0,0,0,0,0,0,0,0,82,0,0,0,0,0,2,0,0,0,0,1,1,0,0,0,3,2,0,0,0,0,0,0,0,0,0,0,1,0,3,0,0,0,0,3,0,1,0,0,0,0,3,0,0,0,0,0,0,0,0,0,0,0,0,0,1,1,0,0,0,0,0,0,0,0,0,0,0,0,0,0,0,0,0,0,0,0,0,0,0,0,0,0,1,0,0.293750531,513.598,4.7354,8,8,2,2,2,0,8,0.238095238,15,2,11,147.5809,42,0,0,0,0,97.84,7.065774234,0.000990522,0.999153109,53.97062516,43.91717019,196,227,0,29,0,5,4,0,0,1,0,0,0,0,0,0,3,0,0,5,4,0,0,0,0,0,0,0,0,0,0,0,0,0,0,0,0,23,38,1,2.7,0,18,0
9931954,1.912234443,927.9300507,16.6814338,13.37163472,13.37163472,11.6690351,8.033387688,8.033387688,6.087617703,6.087617703,4.49504232,4.49504232,3.430803553,3.430803553,5.817220841,9.184952232,0,5.907179729,17.62490862,35.17263322,17.69618563,0,7.047671983,39.883024,0,323.1433904,1.208333333,2,2.75,0.210526316,-2.66,24,305.227,451418.5214,14.90236391,5.760949154,2.374584867,138.6249836,13.88836312,0.354187835,13.88836312,0.251595985,0.214659161,0.251595985,-0.404381383,-0.354187835,2.9793,92.4936,323.371,3,4,0,1,1,2,1,3,2,3,5,0,3,0,0,0,122,15.61755573,5.817220841,0,0,5.907179729,0,4.794537184,4.390415048,0,0,24.26546827,42.29158222,29.68636574,5.563451492,4,9.184952232,16.81010466,0,15.61755573,0,12.96557803,13.59242839,58.90577773,0,11.25737949,10.63357721,4.390415048,0,0,24.48358664,12.96557803,5.817220841,21.48489166,36.39820241,0,22.16030442,0,56.92,0,0,0,0,0,0,0,0,13.88836312,42.11163688,0,0,0,0,0,1,1,0,0,0,1,1,0,0,0,0,3,0,0,0,0,1,0,0,0,0,0,1,0,0,0,0,0,0,2,0,0,0,0,0,0,0,0,0,1,0,0,0,0,0,0,0,0,0,0,0,0,0,0,0,0,0,0,0,0,0,0,0,0,0,0,0,0,0,0,0,0,0,0,0,0,0,0,0,0,0.693922213,323.371,2.9793,2,2,3,3,3,0,2,0.111111111,12,2,7,92.4936,27,0,0,0,0,56.92,4.152751808,0.001091098,0.988620215,30.83641949,23.08300625,132,160,0,19,0,3,1,0,1,0,0,0,0,0,0,0,0,0,0,4,3,1,0,0,0,0,0,0,0,0,0,0,0,0,0,0,0,16,24,1,2.3,1,10,0
9933475,1.379368601,1283.863221,22.7858818,18.85819921,18.85819921,16.11852484,11.25743133,11.25743133,8.343129495,8.343129495,6.002764326,6.002764326,4.341561686,4.341561686,5.817220841,0,4.390415048,11.62950017,34.39505478,24.17620674,32.25847613,31.37526582,12.99010427,19.85184529,14.21058886,450.2067189,1.03030303,1.878787879,2.696969697,0.36,-3.39,33,423.298,59273995.01,21.45542383,9.229951712,4.431856961,191.0449354,15.02619078,0.492840636,15.02619078,0.229976259,0.099727847,0.229976259,-0.436543447,-0.492840636,5.22422,124.9437,450.514,1,7,0,1,1,2,2,4,6,1,8,0,8,0,1,1,172,24.09447711,6.327320075,23.06575634,5.879988336,0,0,0,14.35837209,0,0,0,63.54118315,29.2079764,24.61960444,5,18.60100391,21.80584986,0,19.85184529,0,26.18620207,33.35094872,48.17030425,0,23.12852384,14.21058886,4.390415048,23.12852384,0,53.20279402,0,12.74095804,24.95639286,36.65915542,0,21.80584986,0,72.5,0,0,0,0,0,0,0,0,15.02619078,57.14047589,0,0,0,0,0,3,1,0,0,0,0,0,0,0,0,3,1,0,0,0,1,1,0,0,0,0,0,0,0,0,1,0,0,0,2,0,2,0,0,0,0,3,0,0,1,0,0,0,0,0,0,0,0,0,0,1,0,0,0,0,0,0,0,0,0,0,0,0,0,0,0,0,0,0,0,0,0,0,0,0,0,0,0,1,0,0.371025308,450.514,5.22422,6,6,1,1,1,0,6,0.216216216,14,3,12,124.9437,37,0,0,0,0,72.5,5.535756574,0.000805023,0.99577679,46.31847937,36.34026107,178,212,0,25,0,4,3,0,0,1,0,0,0,0,0,0,3,0,0,5,4,1,0,0,0,0,0,0,0,0,0,0,0,0,0,0,0,21,33,0,2.4,1,16,0
9936746,1.609537767,1421.014631,23.98239871,18.83378824,20.40621376,16.31257084,10.76801237,11.96247343,8.203795085,9.843425777,5.886949568,7.331345816,4.064904942,5.404830266,6.041840829,9.901064579,0,18.07751319,16.53442409,33.22752595,17.00988133,23.46952001,35.75630512,29.36162662,16.59334462,491.1182736,1.088235294,1.794117647,2.5,0.2,-3.49,34,469.828,60112851.83,22.30954475,8.699205847,3.992873512,205.3229008,12.9993538,0.507964316,12.9993538,0.226505209,0.086379187,0.226505209,-0.538611846,-0.507964316,5.53396,134.6325,492.004,2,7,0,1,1,2,2,4,7,2,9,0,4,0,0,0,172,10.423316,22.61683914,5.824404498,5.907179729,0,0,14.35404156,0,0,21.53414949,23.73367403,62.7328655,26.71406977,12.13250663,5,9.901064579,40.24397677,0,14.76446326,4.992404733,33.23387405,5.316788604,86.76988053,0,10.75059381,5.316788604,5.687386275,5.749511833,22.93772577,31.48985539,4.794537184,20.7712116,45.67897312,53.52334128,5.022633314,5.001081977,0,92.4,0,7.820195198,0,0,0,0,0,0,2.018769733,67.43881285,0,0,0,0,0,3,0,1,0,0,1,1,0,0,1,4,1,0,0,0,0,0,0,0,0,0,0,1,0,1,2,0,0,0,2,0,3,0,0,0,0,0,0,0,1,0,0,0,0,0,0,0,0,0,0,0,0,0,0,0,0,0,0,0,0,1,1,0,0,0,0,0,0,0,0,0,0,0,0,0,0,0,1,0,0,0.366749604,492.004,5.53396,7,7,2,2,2,0,7,0.105263158,20,3,8,134.6325,38,0,0,0,0,92.4,4.842297377,0.000396374,0.970493258,44.30422644,34.29154528,188,227,0,25,0,5,2,0,0,0,0,0,0,0,0,0,0,0,0,5,4,0,1,0,1,0,0,0,0,0,0,0,0,0,0,0,0,22,34,2,3.2,0,14,0
9938202,2.41E-06,1190.545916,24.67515134,19.99857834,22.44806808,16.89799805,11.53395621,12.51955477,8.259733512,9.396483342,5.669272793,6.829072273,3.775578641,4.829149274,11.73975001,17.96578233,0,35.99236855,37.64235044,60.51927311,24.5927407,11.76188495,6.066367068,9.883888252,13.89087684,580.1177184,1.054054054,1.837837838,2.567567568,0.44,-1.98,37,552.252,74327499.45,31.23901584,14.82521746,9.068040281,229.2775077,12.93019729,0.486710251,12.93019729,0.4159876,0,0.4159876,-4.381957655,-0.486710251,6.224,142.385,581.484,0,6,0,1,1,1,2,3,7,0,12,0,10,0,1,1,204,13.89087684,12.02341041,0,11.17830223,0,6.176298517,14.67842544,0,13.17124514,36.57595127,6.066367068,43.21441968,35.63443114,37.44555451,4,27.06212199,47.4788762,0,9.883888252,0,36.87900327,38.66301231,64.3388684,0,5.749511833,10.16565335,13.17124514,5.749511833,36.57595127,48.54690056,17.45791788,0,30.58616378,56.89901351,0,10.90292493,0,64.8,0,1.597002021,0,0,0,0,0,0,44.35992298,44.293075,0,0,0,0,0,1,0,0,0,0,0,0,0,0,0,2,0,0,0,0,0,0,0,0,0,3,0,0,0,0,0,0,0,0,1,0,1,0,0,0,0,2,0,0,5,0,0,0,0,0,0,0,0,0,0,0,1,0,0,0,0,0,0,0,0,0,0,0,0,0,0,0,0,1,0,1,0,0,0,0,0,0,0,4,0,0.208044998,581.484,6.224,7,7,0,0,0,0,7,0.263157895,10,3,15,142.385,38,0,0,0,0,64.8,6.271769969,0.00058964,0.997079442,55.7660568,47.43817241,180,206,0,25,0,2,4,0,0,1,0,0,0,0,0,0,2,0,0,4,3,3,2,0,1,0,0,0,0,0,0,0,0,0,0,0,0,17,37,1,3.1,3,20,0
10127622,2.086710628,1011.497468,19.55167728,14.09299569,16.43492118,12.91792266,7.806307012,8.977269755,5.588739729,6.911615385,3.754079809,4.560040456,2.468536365,3.18920482,11.72440057,4.794537184,4.390415048,29.98130241,16.22672031,4.472719516,12.39368714,29.81387284,0,31.71080762,21.54505587,456.0000083,1.444444444,2.222222222,2.925925926,0.176470588,-2.2,27,442.567,1278262.696,19.55852083,8.218322882,4.057159665,166.7281234,15.13682122,0.393874382,15.13682122,0.276639911,0.000486308,0.276639911,-0.695005918,-0.393874382,3.5256,103.6107,457.687,3,7,0,0,0,2,1,3,6,3,10,0,6,0,0,0,142,14.99041565,5.516700718,5.817220841,0,5.907179729,0,9.632125768,14.85449017,0,0,27.53088379,24.26546827,11.5203915,47.01864208,3,19.12906821,55.8462375,0,15.03117477,7.047671983,0,18.53055253,51.46881351,0,0,10.7968852,15.7651876,0,27.53088379,33.77854922,11.88526057,5.817220841,10.35798868,35.06550786,5.022633314,11.03340144,0,88.41,0,6.200718356,0,0,0,0,0,0,17.49260142,44.36348286,0,1,1,0,0,2,0,0,0,0,1,1,0,0,0,2,2,0,1,0,0,0,0,0,0,0,0,1,0,2,1,0,0,0,2,0,1,0,0,0,0,0,0,0,3,0,0,1,0,0,0,0,0,0,0,0,0,0,0,0,0,0,0,0,0,0,0,0,0,0,0,0,0,0,0,0,0,0,0,0,0,0,0,1,0,0.389285654,457.687,3.5256,6,6,3,3,3,1,6,0.206896552,16,1,8,103.6107,29,0,0,0,0,88.41,4.350343456,0.000229881,0.905772696,36.3176985,28.46024769,140,166,0,17,0,4,3,0,0,0,0,1,0,0,0,0,0,0,0,3,3,1,1,1,0,0,0,0,0,0,0,0,0,0,0,0,0,16,27,1,1.8,1,12,0
10184653,1.680260779,1214.677845,24.07877502,18.84689415,19.6028231,16.38505049,10.76301937,11.14098385,8.09899299,8.506193117,5.098208905,5.387855367,3.419665973,3.600208603,5.817220841,9.184952232,0,17.03377943,53.60359243,6.420821623,24.53607432,24.27512131,18.9952537,20.60153425,21.0746658,485.1629956,1.323529412,2.176470588,2.911764706,0.291666667,-3.27,34,460.747,52867959.3,23.87369803,10.77167626,5.990027316,201.280417,13.55244821,0.485667739,13.55244821,0.247689198,0.004357248,0.247689198,-0.509476623,-0.485667739,4.3899,130.4064,485.947,2,8,0,1,1,2,1,3,7,2,10,0,8,0,1,1,178,25.00721285,29.81588191,0,5.907179729,0,0,4.794537184,14.35837209,0,0,17.67696,38.36081224,36.18157569,29.44048424,4,18.65867814,45.60367988,0,14.86786677,0,12.52478801,44.48744151,59.65104979,0,5.749511833,15.37044016,21.58305037,5.749511833,11.60093989,60.73287719,9.531400138,5.817220841,6.420821623,48.81119563,5.022633314,10.90292493,0,88.61,0,5.912266876,0,0,0,0,0,0,13.55244821,61.97972936,0,0,0,0,0,2,0,0,0,0,1,1,0,0,0,3,2,0,0,1,0,0,0,0,0,0,0,1,0,3,0,0,0,0,2,0,1,0,0,0,0,2,0,0,2,0,0,0,0,0,0,0,0,0,0,0,0,0,0,0,0,0,0,0,0,0,0,0,0,0,0,0,0,0,0,0,0,0,0,0,0,0,0,0,0,0.457293353,485.947,4.3899,7,7,2,2,2,0,7,0.216216216,15,2,11,130.4064,37,0,0,0,0,88.61,5.310973065,0.000154004,0.939538286,48.29190552,40.23543441,176,203,0,24,0,5,3,0,0,1,0,0,0,0,0,0,2,0,0,4,3,1,1,0,0,0,0,0,0,0,0,0,0,0,0,0,0,17,34,2,2.3,1,18,0
10384072,1.995973414,1273.267491,17.99927104,13.2604768,14.01640575,12.5417139,7.963571735,8.341536208,6.214669131,6.621869258,4.714392118,5.043980339,3.637592239,3.875125647,11.81435946,14.69560176,0,5.749511833,43.56558843,5.516700718,0,24.26546827,24.26546827,10.30076712,11.60093989,362.0458199,0.846153846,1.615384615,2.423076923,0,-3.31,26,351.684,1559882.845,14.98498982,5.094812712,1.916803619,151.7554462,12.54363599,0.507941182,12.54363599,0.259161261,0.089872205,0.259161261,-0.450790344,-0.507941182,4.2307,99.7122,362.772,3,5,0,1,1,3,1,4,3,3,6,0,1,0,0,0,126,10.09050592,5.749511833,0,0,11.81435946,0,14.90586297,0,0,0,29.8000411,35.89528683,32.39193467,11.12690298,5,14.69560176,45.22114921,0,10.30076712,0,0,0,64.68047284,0,16.87641482,5.316788604,0,5.749511833,11.60093989,21.90486537,0,0,20.71597735,48.53093655,5.022633314,32.93275285,0,82.19,0,6.335329166,0,0,0,0,0,0,0,58.77578194,0,0,0,0,0,1,1,1,0,0,2,2,0,0,0,0,2,0,0,0,0,1,0,0,0,0,0,2,0,0,0,0,0,0,3,0,5,0,0,0,0,0,0,0,1,0,0,0,1,0,0,0,0,0,0,0,0,0,0,0,0,0,0,0,0,1,1,0,0,0,0,0,0,0,0,0,0,0,0,0,0,0,0,0,0,0.443027405,362.772,4.2307,3,3,3,3,3,0,3,0.033333333,23,2,4,99.7122,30,0,0,0,0,82.19,3.74968481,0.000707496,0.968148963,27.71658256,19.54323658,152,190,0,20,0,2,3,0,0,0,0,0,0,0,0,0,0,0,0,5,4,0,1,0,0,0,0,0,0,0,0,0,0,0,0,0,0,21,26,2,2.6,0,7,0
10385095,1.769477946,983.5616034,20.25878407,14.37885365,14.37885365,13.3630811,8.112076558,8.112076558,5.835664416,5.835664416,3.897011257,3.897011257,2.500672446,2.500672446,34.81240679,30.01518395,0,11.12690298,11.37477255,0,42.46456948,18.19910121,0,10.63357721,0,380.1008362,0.607142857,1,1.428571429,0,-4.2,28,364.228,1764206.312,18.58691184,7.58340472,3.802983823,158.8751793,12.29384805,0.504242101,12.29384805,0.259065966,0.111924342,0.259065966,-0.650460497,-0.504242101,3.0136,101.8916,380.356,6,8,0,0,0,3,0,3,6,6,8,0,4,0,0,0,142,31.05968679,0,22.99804733,0,11.81435946,0,9.589074368,0,0,0,18.19910121,42.46456948,11.37477255,11.12690298,3,30.01518395,23.18913201,0,0,0,0,10.63357721,71.79057367,0,22.99804733,10.63357721,11.37477255,22.99804733,0,32.24046904,0,0,20.71597735,60.66367068,0,0,0,139.12,0,0,0,0,0,0,0,0,0,79.66666667,0,0,0,0,0,0,0,4,0,0,2,2,0,0,0,0,2,0,0,0,0,0,0,0,0,0,0,2,0,2,0,0,0,0,3,0,0,0,0,0,0,0,0,0,0,0,0,0,0,0,0,0,0,0,0,0,0,0,0,0,0,0,0,0,2,4,4,0,0,0,0,0,0,0,0,0,0,0,0,0,0,0,0,0,0,0.384695012,380.356,3.0136,6,6,6,6,6,0,6,0.133333333,16,0,3,101.8916,30,0,0,0,0,139.12,5.260157605,0.000975279,0.995481138,35.51696623,28.49261851,144,168,0,20,0,2,6,0,0,0,0,0,0,0,0,0,0,0,0,3,3,0,0,0,0,0,0,0,0,0,0,0,0,0,0,0,0,18,28,2,1,0,10,0
11152667,1.873791489,786.7050781,17.81119031,13.47258835,14.28908493,12.02487714,8.005149923,8.821646504,5.869785616,6.921984458,3.937403579,5.120302926,2.79524501,3.808289456,6.031114512,13.97948942,0,17.7662414,27.54988856,19.38639965,23.46952001,18.19910121,0,15.95036581,5.733667477,362.1212751,1.32,2.16,2.84,0.294117647,-2.45,25,343.278,569108.0228,17.37553167,7.623858436,4.342746503,148.1556811,13.4665313,0.351369542,13.4665313,0.316166005,0.043886842,0.316166005,-0.752800663,-0.351369542,2.5266,96.277,362.43,5,6,0,1,1,1,1,2,4,4,8,0,4,0,1,1,132,21.68403329,10.69436803,0,0,5.907179729,6.031114512,4.794537184,9.184952232,0,11.33678588,12.13273414,43.14895235,17.46374443,5.687386275,3,13.97948942,28.96246639,0,10.63357721,5.733667477,18.88348407,18.40630142,41.02620338,0,10.44059869,21.68403329,14.87233851,0,11.33678588,31.06964788,0,5.817220841,22.51332762,30.33183534,0,10.44059869,0,96.25,0,1.190581538,0,0,0,0,0,0,13.4665313,49.6762205,0,0,0,0,0,0,0,0,0,0,2,2,0,0,0,0,3,1,0,0,0,0,0,0,0,0,0,3,0,1,0,0,0,0,1,0,0,0,0,0,0,0,0,0,1,0,0,0,0,0,0,0,0,0,0,0,0,0,0,0,0,0,0,0,0,0,0,0,0,1,0,1,0,0,0,0,0,0,0,0,0,0,1,0,1,0.67285869,362.43,2.5266,4,4,4,4,4,0,4,0.148148148,10,2,7,96.277,27,0,0,0,0,96.25,4.287209204,0.000335733,0.9445226,34.70579168,28.7023728,128,147,0,17,0,4,2,0,1,0,0,0,0,0,0,0,0,0,0,3,2,1,0,0,1,0,0,0,0,0,0,0,0,0,0,0,0,11,25,2,1.3,1,14,0
11178236,2.25E-06,1047.104406,18.96589085,15.55433595,17.14033249,13.13022896,8.683170033,8.683170033,6.375591512,6.375591512,4.847641316,4.847641316,3.542718076,3.542718076,0,9.589074368,0,28.54794074,42.21115375,11.51833249,0,49.96579653,16.0579365,9.967957042,4.736862954,442.0640526,1.107142857,1.821428571,2.464285714,0.25,-2.71,28,424.149,2118344.102,20.03534327,8.116559134,3.183457511,172.3316941,13.25024321,1,13.25024321,0.254371011,0,0.254371011,-0.149669312,-1,-1.65188,95.681,443.301,0,7,1,0,1,1,2,3,6,0,8,0,5,0,0,0,144,21.71831381,18.78344081,0,22.95434588,5.824404498,0,19.55703141,9.134199296,0,0,24.26546827,0,37.55412487,12.80372554,4,35.87448782,11.56648989,0,14.53505669,0,20.01325001,13.71667951,76.88909045,0,0,21.5485505,0,0,0,39.81822609,17.82637577,6.9237372,43.62216583,42.85599899,0,0,0,77.96,0,0,0,0,0,0,0,0,3.7188048,59.61452853,0,0,0,0,0,4,0,0,0,0,2,2,0,0,0,4,0,0,0,0,0,0,0,0,0,0,0,0,0,0,0,0,0,0,1,0,2,0,0,0,0,1,0,0,1,0,0,1,0,0,0,2,0,0,0,1,0,0,0,0,0,0,0,0,0,0,0,0,0,0,0,0,0,0,0,0,0,0,0,0,0,0,0,0,0,0.345742193,443.301,-1.65188,6,6,0,0,0,0,6,0.166666667,13,2,6,95.681,30,0,0,0,0,77.96,3.424240868,0.000305762,0.902444734,38.39752354,28.36813332,146,179,0,20,0,4,3,0,0,0,0,0,0,2,0,0,1,0,0,4,3,0,0,1,0,0,0,0,0,0,0,0,0,0,0,0,0,17,28,2,2.2,0,11,0
11228183,1.058513984,2217.385046,39.65791452,31.30576679,33.6946889,26.94553056,18.3091703,21.15589658,13.90206712,17.11431813,9.615521136,12.37069238,6.534222262,8.647179258,26.54116821,23.32665244,0,22.18816207,17.19630854,61.48122675,23.25963712,36.02735322,79.65892438,38.03780414,11.60093989,812.2581382,0.892857143,1.571428571,2.25,0.261904762,-4.92,56,768.086,2.35528E+12,40.73460591,18.81158111,10.88810121,337.4141295,13.35017342,0.375865871,13.35017342,0.293198317,0.140220895,0.293198317,-4.426475302,-0.375865871,7.8806,226.3161,813.446,2,11,0,1,1,5,0,5,10,2,14,0,16,0,1,1,292,15.11660807,5.687386275,0,0,21.61785716,0,19.80876518,13.13989185,0,11.76188495,66.19824351,104.4149472,71.75379809,9.818794524,6,18.13564522,56.35545455,0,14.52191433,0,28.79838581,62.78867794,147.5911959,0,11.12690298,14.9387932,17.06215882,0,23.36282484,87.66192766,16.56804756,10.11431827,22.34226179,131.1183083,5.022633314,11.12690298,0,128.13,0,3.320626199,0,0,0,0,0,0,26.70034685,100.5068047,0,0,0,0,0,0,0,0,0,0,1,1,0,0,0,4,2,0,0,0,0,0,0,0,0,0,0,1,0,2,0,0,0,0,5,0,0,0,0,0,0,0,0,0,1,0,0,0,0,0,0,0,0,0,0,0,0,0,1,1,0,0,0,0,0,0,0,0,0,0,1,0,0,0,0,1,1,0,0,0,0,0,0,0,0,0.057731342,813.446,7.8806,10,10,2,2,2,0,10,0.262295082,21,1,17,226.3161,61,1,2,0,1,128.13,8.161178002,0.000149944,0.992393157,79.14563389,66.54469818,292,338,0,42,0,6,5,0,0,2,0,0,0,0,0,0,0,0,0,6,5,0,1,0,2,0,0,0,0,0,0,0,0,0,0,0,0,30,56,4,5.2,0,27,0
11327430,1.627488897,1460.346778,20.07877502,16.25948684,17.07598342,14.79282634,10.09676774,10.91326432,7.511045838,8.563244679,5.758907216,6.978766936,4.275876553,5.506262311,0,4.794537184,0,5.428790392,30.06719049,24.2164158,20.17228826,17.40315295,18.19910121,47.36447921,9.154013891,413.1085645,0.8,1.533333333,2.4,0.16,-3.15,30,394.346,20410974.85,17.68668787,6.97187271,2.738101952,176.4675093,12.91488349,0.439617724,12.91488349,0.199677206,0.011011537,0.199677206,-0.011011537,-0.439617724,5.6645,123.841,413.498,0,4,0,1,1,3,2,5,5,0,5,0,2,0,1,1,148,14.05392362,5.583020142,11.31297259,0,0,0,4.794537184,0,0,11.33678588,48.53093655,12.13273414,50.45507113,18.59998814,6,9.154013891,48.3625007,0,0,0,0,31.20318647,76.95336533,0,11.12690298,10.32870012,5.884182202,0,11.33678588,26.30327674,4.736862954,0,0,75.94172587,0,42.2684356,0,42.68,0,1.781410949,0,0,0,0,0,0,6.36565051,54.35293854,0,0,0,0,0,0,0,0,0,0,0,0,0,0,0,1,0,0,0,0,0,0,0,0,0,0,0,0,0,1,0,0,0,0,3,0,4,0,0,0,0,1,0,0,0,0,0,0,0,0,0,0,0,0,0,0,1,0,0,0,0,0,0,0,1,0,0,0,0,0,0,0,0,0,0,0,0,0,0,0,0,0,1,0,0,0.374250655,413.498,5.6645,5,5,0,0,0,0,5,0.057142857,21,3,7,123.841,35,0,0,0,0,42.68,4.219156461,0.000454847,0.962963782,35.40724742,25.58567954,172,212,0,25,0,1,3,0,0,0,0,0,0,0,0,0,1,0,0,6,5,0,0,0,1,0,0,0,0,0,0,0,0,0,0,0,0,26,30,1,3.6,0,8,0
11488320,1.565243639,1154.390186,23.37166824,18.39930039,19.15522934,15.97789685,10.61534958,10.99331405,7.735404606,8.142604733,5.599695052,5.8916029,3.790112117,3.964651446,5.817220841,9.184952232,0,22.72116571,34.76456778,25.93115606,12.39368714,38.4229378,0,25.50144398,21.0746658,473.1629956,1.242424242,2.03030303,2.757575758,0.347826087,-3.17,33,448.736,30359932.82,23.00386301,10.18175727,5.257168152,195.6050779,14.41635777,0.492785648,14.41635777,0.233421341,0.001607892,0.233421341,-0.556084705,-0.492785648,3.7637,124.9394,473.936,2,8,0,1,1,2,1,3,7,2,10,0,7,0,1,1,174,20.10730312,18.24914924,17.31624451,5.907179729,0,0,9.694446915,14.35837209,0,0,17.66730696,31.04074445,31.58977608,29.88127425,4,18.65867814,39.9162936,0,20.18465538,0,18.94560963,39.10852735,47.49900957,0,11.49902367,20.10730312,15.8956641,11.49902367,11.60093989,60.67075163,4.794537184,5.817220841,12.84164325,36.65915542,5.022633314,10.90292493,0,88.61,0,5.907948198,0,0,0,0,0,0,14.41635777,58.62013847,0,0,0,0,0,2,0,0,0,0,1,1,0,0,0,3,2,0,0,1,1,0,0,0,0,0,0,1,0,2,0,0,0,0,2,0,1,0,0,0,0,2,0,0,2,0,0,0,0,0,0,0,0,0,0,1,0,0,0,0,0,0,0,0,0,0,0,0,0,1,0,0,0,0,0,0,0,0,0,0,0,0,0,0,0,0.539702463,473.936,3.7637,7,7,2,2,2,0,7,0.194444444,14,2,12,124.9394,36,0,0,0,0,88.61,5.133910021,0.0001693,0.938252246,47.18479271,37.97088563,172,202,0,23,0,5,3,0,0,1,0,0,0,0,0,0,2,0,0,4,3,1,1,0,0,0,0,0,0,0,0,0,0,0,0,0,0,17,33,1,2.1,1,18,0
11609586,1.337731698,942.4815843,16.89913046,13.86698066,13.86698066,12.38214273,8.44358924,8.44358924,5.974513019,5.974513019,4.252277304,4.252277304,2.953285458,2.953285458,0,0,0,0,0,30.02773685,16.46637642,12.39368714,12.13273414,75.32931437,0,328.1687966,0.8,1.52,2.36,0.095238095,-3.27,25,308.259,1184836.79,15.26898252,7.092850241,3.634771051,146.4856731,4.022592794,0.384709621,4.022592794,0.045629715,0.901763437,0.045629715,0.901763437,-0.384709621,4.9611,104.4541,328.419,3,4,0,0,0,2,2,4,3,3,4,0,6,0,0,0,124,15.61755573,0,0,0,0,0,4.983978521,0,0,0,18.19910121,54.44884259,53.10037088,0,4,0,27.96508376,0,9.967957042,0,6.420821623,17.17833361,84.81765289,0,0,10.63357721,17.06215882,0,0,16.51271345,6.420821623,0,5.563451492,79.2542014,0,10.90292493,0,52.74,0,0,0,0,0,0,0,0,0,49.5,0,0,0,0,0,2,1,0,0,0,0,0,0,0,0,1,3,0,0,0,0,1,0,0,0,0,0,0,0,3,0,0,0,0,2,0,1,0,0,0,0,0,0,0,0,0,0,0,0,0,0,0,0,0,0,0,0,0,0,0,0,0,0,0,1,0,0,0,0,0,0,0,0,1,0,0,0,0,0,0,0,0,0,0,0,0.468682518,328.419,4.9611,3,3,3,3,3,0,3,0.214285714,11,2,5,104.4541,28,0,0,0,0,52.74,5.17357886,0.002285577,0.998682256,32.52929308,25.88418568,130,150,0,21,0,4,0,0,0,0,0,0,0,0,0,0,0,0,0,4,4,0,0,0,0,0,0,0,0,0,0,0,0,0,0,0,0,22,25,0,3,0,6,0
11624601,2.217186143,845.8152295,19.10408353,14.82838526,14.82838526,12.51510031,7.860761528,7.860761528,5.22442217,5.22442217,3.515684235,3.515684235,2.338168995,2.338168995,0,4.794537184,0,35.27669023,23.66935712,0,13.17616461,32.23263595,6.069221313,10.30076712,25.20614789,356.1484551,1.307692308,2.076923077,2.692307692,0.277777778,-3.47,26,336.222,552497.1756,18.86276686,8.575388451,4.329150365,151.0472305,12.39045588,0.496752955,12.39045588,0.235309572,0.047547399,0.235309572,-0.323510015,-0.496752955,2.13258,96.4131,356.382,3,8,0,0,0,1,1,2,7,2,8,0,7,0,0,0,136,25.26104494,28.94955925,0,11.78716807,0,0,4.794537184,0,10.24587008,0,0,25.12283841,11.62981856,32.93468494,2,19.00512605,17.41242878,5.261891555,4.983978521,0,13.34455882,31.87693313,35.39237126,0,23.44823332,25.26104494,11.50524905,17.379012,0,31.7176353,11.21535881,11.33111287,18.05064018,24.26546827,0,0,0,119.49,0,0,0,0,0,0,0,0,0,65.83333333,0,0,0,1,0,1,0,0,0,0,1,1,0,0,0,2,1,1,0,0,0,0,0,0,0,0,0,1,0,2,0,0,0,0,1,0,0,0,0,0,0,3,0,0,0,0,0,0,0,0,0,0,0,0,0,2,0,1,0,0,0,0,0,0,0,0,0,0,0,0,0,0,0,1,0,0,0,0,0,0,0,0,0,0,0,0.779550882,356.382,2.13258,7,7,2,2,2,0,7,0.259259259,8,1,7,96.4131,27,0,0,0,0,119.49,4.064615868,0.000631639,0.968836338,40.04427823,32.94003614,126,145,0,18,0,4,4,0,0,0,0,0,0,0,0,0,3,0,1,2,2,0,0,0,0,0,0,0,0,0,0,0,0,0,0,0,0,12,26,1,0.8,0,13,1
11626560,1.583535194,1051.871143,21.2503479,16.40836204,17.92021994,14.43556075,9.745538648,10.50146759,7.314510887,8.099675487,5.289117624,6.002843425,3.630212804,4.308163107,11.92118723,4.390415048,0,10.84049609,22.37743747,37.05805904,12.13273414,19.18694784,17.07549008,15.39944893,33.67241021,449.1185439,1.233333333,2,2.766666667,0.333333333,-2.35,30,428.169,8625144.759,20.90396188,8.794861928,4.237011144,183.6966026,13.88247659,0.482024591,13.88247659,0.165691689,0.068580248,0.165691689,-0.627303668,-0.482024591,5.0377,116.4741,450.345,3,6,0,1,1,1,2,3,6,2,9,0,5,0,1,1,158,15.78731903,11.92118723,11.56737461,0,0,0,4.681802935,9.374393569,5.098681808,0,23.20187978,51.05399446,34.10667493,17.26131771,4,9.127278001,29.01974256,0,20.08125187,0,31.91118766,18.82318029,58.21557088,0,16.87641482,15.78731903,10.20827783,5.749511833,23.20187978,27.85397608,0,5.817220841,37.47463915,36.78963192,10.04526663,11.12690298,0,77.99,0,12.31391826,0,0,0,0,0,0,15.88443901,42.02386496,0,0,0,1,0,3,0,0,0,0,0,0,0,0,0,3,1,1,0,0,0,0,0,0,0,0,0,0,0,1,0,0,0,0,1,0,0,0,0,0,0,1,0,0,3,0,0,0,0,0,0,0,0,0,0,0,0,0,0,0,0,0,0,0,0,0,0,0,0,1,0,0,0,1,0,0,0,0,0,0,0,0,0,0,0,0.533055459,450.345,5.0377,6,6,2,2,2,0,6,0.151515152,14,3,12,116.4741,33,0,0,0,0,77.99,5.081178099,0.000611416,0.990495765,40.86620307,32.24943535,160,190,0,21,0,5,1,0,1,0,0,0,0,0,0,0,1,0,0,4,3,1,2,0,0,0,0,0,0,0,0,0,0,0,0,0,0,17,30,0,2.9,1,16,0
11634725,1.536712275,1344.700297,24.24191173,17.94174224,19.45360013,16.33373889,10.25469321,11.01062216,7.54005375,8.383689657,5.089332352,5.637138463,3.361674968,3.774875445,17.7662414,14.29147963,0,17.57785456,33.22477856,5.563451492,18.19910121,42.72552249,6.9237372,25.58551277,23.20187978,499.0978085,1.205882353,2.029411765,2.764705882,0.125,-3.46,34,480.201,51988946.1,23.68993658,10.21218996,5.361513695,204.5384587,13.30883491,0.393875889,13.30883491,0.267776352,0.198581375,0.267776352,-0.615743789,-0.393875889,5.43302,129.9934,500.361,4,7,0,0,0,2,2,4,5,4,10,0,7,0,0,0,174,20.72408312,11.51114884,0,5.948339281,5.907179729,0,4.794537184,14.35837209,0,0,35.33461392,54.44884259,22.97977195,29.05267038,4,14.29147963,40.74478507,0,20.26872417,0,12.96557803,11.92367057,93.60794214,0,11.25737949,10.63357721,16.0261406,0,23.20187978,32.57252465,0,12.74095804,27.65720899,60.92462369,10.04526663,11.25737949,0,102.93,0,12.10243345,0,0,0,0,0,0,13.30883491,60.47762053,0,1,1,0,0,3,1,0,0,0,1,1,0,0,0,2,3,0,0,0,0,1,0,0,0,0,0,1,0,2,1,0,0,0,2,0,0,0,0,0,0,0,0,0,3,0,0,0,0,0,0,0,0,0,0,0,0,0,0,0,0,0,0,0,0,0,0,0,0,0,0,0,0,0,0,0,0,0,0,0,0,0,0,0,0,0.271014782,500.361,5.43302,5,5,4,4,4,1,5,0.189189189,20,2,8,129.9934,37,0,0,0,0,102.93,6.081942899,0.000399859,0.990065789,44.47816622,36.03515216,178,208,0,24,0,5,2,0,0,0,0,1,0,0,0,0,0,0,0,4,4,1,2,0,0,0,0,0,0,0,0,0,0,0,0,0,0,23,34,1,3.1,1,13,0
11640390,1.501420007,1464.41932,21.87166824,17.73318531,17.73318531,15.48309636,10.7989402,10.7989402,8.921810947,8.921810947,6.382896471,6.382896471,4.794934067,4.794934067,5.601050811,5.106527395,0,5.917906046,18.65950602,44.75878912,0,6.196843572,41.78674365,41.38218093,15.70162452,421.1902604,1,1.78125,2.5625,0.192307692,-3.77,32,398.32,30635279.99,18.95594667,6.867587016,3.030217978,184.9573643,10.2514191,0.390132958,10.2514191,0.149553286,0.191032101,0.149553286,-0.629021151,-0.390132958,4.8221,126.1712,421.504,3,6,1,0,1,2,3,5,6,2,6,0,3,1,0,1,158,10.84019487,22.85289599,0,0,0,0,4.400694606,14.95193556,0,0,48.53093655,31.89811458,34.82472039,16.81167952,6,5.106527395,22.23748843,0,19.35263017,0,31.2843373,5.733667477,78.88176233,0,22.51475897,5.733667477,5.817862778,0,0,30.06020837,0,0,31.50769099,73.05735783,0,38.93438462,0,89.33,0,0,0,0,0,0,0,0,2.023403303,65.55993003,0,1,0,1,0,4,0,0,0,0,0,0,0,0,0,4,0,1,0,0,0,0,0,0,0,0,0,0,0,1,0,0,0,0,2,0,2,0,0,0,0,0,0,0,0,0,0,1,0,0,0,0,0,0,0,0,0,0,0,0,0,0,0,0,0,0,0,0,0,0,0,0,0,1,0,0,0,0,0,0,0,0,0,0,0,0.435837306,421.504,4.8221,6,6,2,2,2,1,6,0.081081081,19,4,8,126.1712,37,0,0,0,0,89.33,4.811839912,0.00035889,0.965282685,38.03816199,28.78300733,186,227,0,26,0,5,1,0,0,0,0,1,0,0,0,0,0,0,0,6,5,0,0,0,0,0,0,0,0,0,0,0,0,0,0,0,0,27,32,0,3.3,0,10,0
11655119,1.324636799,1264.663798,22.03695866,18.61267801,18.61267801,16.36530598,11.69815645,11.69815645,8.551916856,8.551916856,6.512152553,6.512152553,4.850283296,4.850283296,0,0,0,0,6.606881965,85.83817705,11.25737949,0,36.65915542,37.74877091,14.57240772,441.2164751,0.96969697,1.909090909,2.787878788,0.346153846,-3.29,33,414.319,105014233,20.32636919,8.921106372,3.983102876,192.5335263,6.065554653,0.492181753,6.065554653,0.121058959,0.658671456,0.121058959,0.658671456,-0.492181753,3.8175,127.27,441.535,0,7,0,2,2,1,3,4,7,0,7,0,6,0,1,1,168,9.473725908,18.05032179,0,0,0,0,19.54966971,0,5.098681808,0,6.066367068,48.73693008,61.28268354,24.42439264,6,9.473725908,10.90292493,0,24.64835152,0,19.38639965,39.45491511,60.55218462,0,28.26427081,4.736862954,0,5.749511833,0,64.10326663,17.70244098,0,12.11474962,54.85825662,0,33.41768391,0,65.3,0,0,0,0,0,0,0,0,2.147544195,62.68578914,0,0,0,0,0,4,0,0,0,0,0,0,0,0,0,5,0,0,0,0,0,0,0,0,0,0,0,0,0,0,1,0,0,0,1,0,2,0,0,0,0,2,0,0,0,0,0,0,0,0,0,0,0,0,0,0,1,0,0,0,0,0,0,0,0,0,0,0,0,0,0,0,0,2,0,0,0,0,0,0,0,0,0,0,0,0.453319775,441.535,3.8175,7,7,0,0,0,0,7,0.157894737,16,5,12,127.27,38,0,0,0,0,65.3,4.72610519,0.000459481,0.974732486,43.51028312,32.97845427,182,219,0,26,0,5,2,0,0,1,0,0,0,0,0,0,2,0,0,6,4,0,0,0,0,0,0,0,0,0,0,0,0,0,0,0,0,22,33,0,2.9,0,16,0
11667893,1.49731694,1000.818768,19.56226716,15.99039174,15.99039174,13.52680657,9.303933783,9.303933783,7.560508592,7.560508592,4.988996194,4.988996194,3.384091728,3.384091728,0,4.794537184,0,11.3221702,17.92607068,23.48298045,5.563451492,30.72326485,24.26546827,45.83216432,0,373.1902604,1.142857143,1.964285714,2.785714286,0.227272727,-3.41,28,350.276,3232800.043,17.97674299,7.306717224,3.66651952,163.9798177,12.85226494,0.383867767,12.85226494,0.258910785,0.102450506,0.258910785,-0.192096771,-0.383867767,4.0441,111.7116,373.46,3,6,0,1,1,1,2,3,5,3,6,0,5,0,0,0,142,15.95036581,5.817862778,0,0,5.907179729,0,9.778515705,4.983978521,0,0,19.91384147,47.52510539,48.46980655,5.563451492,4,4.794537184,23.09981506,0,9.967957042,0,25.80722127,22.49512222,77.74545467,0,0,15.95036581,17.19263533,0,0,22.41989318,11.95974688,0,35.33236606,61.05510019,0,0,0,78.94,0,0,0,0,0,0,0,0,0,60.41666667,0,0,0,0,0,2,0,0,0,0,1,1,0,0,0,2,3,0,0,0,0,0,0,0,0,0,0,1,0,3,0,0,0,0,1,0,1,0,0,0,0,0,0,0,0,0,0,0,0,0,0,0,0,0,0,0,0,0,0,0,0,0,0,0,0,0,0,0,0,0,0,0,0,2,0,0,0,0,0,0,0,0,0,0,0,0.628906154,373.46,4.0441,5,5,3,3,3,0,5,0.161290323,11,3,8,111.7116,31,0,0,0,0,78.94,4.750752955,0.000955656,0.991615341,37.83500287,30.48656297,150,176,0,22,0,5,1,0,0,0,0,0,0,0,0,0,0,0,0,4,3,0,0,0,0,0,0,0,0,0,0,0,0,0,0,0,0,18,28,1,2.5,0,12,0
11707110,1.904147443,1785.490615,26.59312917,20.26357861,22.4210769,17.57829516,11.59101878,12.66976793,9.066378954,10.31201117,6.364245189,7.035236292,4.499591067,4.9527878,22.62549803,23.56856378,0,39.92064603,27.78659807,0,39.80544226,37.25557254,22.59087063,10.63357721,0,615.0778804,1.081081081,1.810810811,2.459459459,0.230769231,-3.74,37,592.219,271183013.9,24.93246797,9.287553957,4.365407599,223.2380644,14.7950617,0.338441795,14.7950617,0.335874042,0.080438634,0.335874042,-0.580811623,-0.338441795,3.94012,148.7574,615.403,2,9,1,0,1,2,2,4,8,2,11,0,5,1,0,1,190,10.63357721,17.02130783,0,5.907179729,11.11853379,5.689743398,28.0849105,9.184952232,0,0,6.066367068,78.75445348,34.83427005,16.89147327,5,9.184952232,56.59361062,0,13.70129894,7.047671983,32.73095847,10.63357721,88.60731282,0,5.687386275,27.4418544,21.58305037,0,22.59087063,19.60847867,11.84220917,16.31114031,31.37067277,56.84818103,0,16.59031121,0,107.13,0,0,0,0,0,0,0,0,19.26968415,73.85942761,0,0,0,0,0,3,0,0,0,0,1,1,0,0,0,3,2,0,0,0,0,0,0,0,0,0,0,1,0,3,1,0,0,0,2,0,1,0,0,0,0,0,0,0,2,0,0,0,0,0,0,0,0,0,0,0,0,0,0,0,0,0,0,0,0,0,0,0,0,0,0,0,0,1,0,0,0,0,0,0,0,0,0,0,0,0.331238805,615.403,3.94012,8,8,2,2,2,0,8,0.12195122,22,3,11,148.7574,41,0,0,0,0,107.13,5.680293754,0.000435637,0.993345195,48.08009467,37.06498164,206,253,0,26,0,5,4,0,0,0,0,0,0,0,0,0,0,0,0,5,4,1,0,0,0,0,0,1,0,0,0,0,0,0,0,0,0,23,37,4,2.7,1,14,0
11719003,1.794734508,1003.851103,20.96589085,16.0392139,17.55107179,13.8674124,9.151189452,9.907118398,6.91408468,7.757720587,4.269480597,4.805767771,2.909264856,3.320450732,6.041840829,9.901064579,0,18.55590252,21.5570574,16.69035448,0,42.72552249,19.91384147,20.60153425,23.20187978,432.1119813,1.24137931,2.034482759,2.724137931,0.238095238,-2.54,29,411.163,3526574.4,21.17565472,9.305067927,5.291451881,178.8260653,12.67009235,0.393875889,12.67009235,0.267775363,0.227772294,0.267775363,-0.570085471,-0.393875889,4.6672,116.5374,433.339,4,6,0,0,0,1,2,3,4,4,8,0,7,0,0,0,152,20.72408312,11.51179077,0,0,5.907179729,0,4.794537184,4.983978521,0,0,35.33461392,43.67639416,34.58506427,17.67135611,3,9.901064579,34.92692229,0,15.28474565,0,25.93115606,11.92367057,70.09453567,0,11.12690298,10.63357721,5.817862778,0,23.20187978,33.63038696,0,0,35.9412319,48.79188955,10.04526663,11.12690298,0,90.04,0,12.31382264,0,0,0,0,0,0,0,56.90839958,0,1,1,0,0,2,1,0,0,0,1,1,0,0,0,1,3,0,0,0,0,1,0,0,0,0,0,1,0,1,0,0,0,0,1,0,0,0,0,0,0,0,0,0,2,0,0,0,0,0,0,0,0,0,0,0,0,0,0,0,0,0,0,0,0,0,0,0,0,0,0,0,0,1,0,0,0,0,0,0,0,0,0,0,0,0.4361553,433.339,4.6672,4,4,4,4,4,1,4,0.225806452,11,2,9,116.5374,31,0,0,0,0,90.04,5.109310553,0.000484421,0.979100343,41.04612706,33.98403212,148,171,0,21,0,4,2,0,0,0,0,1,0,0,0,0,0,0,0,3,3,0,2,0,0,0,0,0,0,0,0,0,0,0,0,0,0,17,29,1,3,0,13,0
11960529,2.163663175,610.4788115,12.75071238,10.28618331,10.28618331,8.599972197,6.141136592,6.141136592,5.013838324,5.013838324,3.669528654,3.669528654,2.589036361,2.589036361,5.907179729,4.794537184,0,5.538925252,11.08015221,30.72750487,0,6.066367068,12.13273414,22.20848285,5.733667477,244.1324111,1.5,2.333333333,3,0.384615385,-1.88,18,228.17,21508.87797,11.22411824,3.812330573,1.588198109,104.7769726,11.37798737,0.36552988,11.37798737,0.250473921,0.131015684,0.250473921,-0.441496126,-0.36552988,1.2604,69.2003,244.298,4,5,0,1,1,1,1,2,3,3,5,0,2,0,1,1,94,16.0344346,11.34110522,0,0,5.907179729,0,4.794537184,4.983978521,0,0,6.066367068,38.44287099,0,16.61907746,3,4.794537184,16.94058116,0,15.28474565,5.733667477,25.3043057,6.544756406,29.5869572,0,0,11.05045608,0,0,0,22.41989318,5.538925252,0,35.94777362,18.19910121,0,11.03340144,0,83.8,0,0,0,0,0,0,0,0,0,41.08333333,0,0,0,0,0,2,1,0,0,0,1,1,0,0,0,1,2,1,0,0,0,1,0,0,0,0,0,1,0,0,0,0,0,0,1,0,1,0,0,0,0,0,0,0,0,0,0,1,0,0,0,0,0,0,0,0,0,0,0,0,0,0,0,0,1,0,0,0,0,0,0,1,0,0,0,0,0,0,0,0,0,0,0,0,0,0.743254466,244.298,1.2604,3,3,3,3,3,0,3,0.1,6,2,5,69.2003,20,0,0,0,0,83.8,3.106288726,0.001751967,0.975793394,23.83389306,18.10538825,100,121,0,13,0,4,1,0,1,0,0,0,0,0,0,0,0,0,0,3,2,0,0,0,0,0,0,0,0,0,0,0,0,0,0,0,0,10,18,1,1,0,9,0
11977753,1.592098393,1903.202179,25.02636878,20.22722004,20.22722004,17.36934183,11.74804179,11.74804179,9.60134713,9.60134713,6.933905358,6.933905358,4.736960262,4.736960262,5.414990469,10.05642874,0,5.689743398,0,55.21699205,0,22.37871485,74.64162159,34.23627956,0,469.1902604,0.861111111,1.611111111,2.388888889,0.133333333,-4.76,36,446.364,234470212.1,21.75195123,7.891095025,3.286018746,207.2574448,13.40746584,0.333026473,13.40746584,0.333026473,0.148733087,0.293159237,-0.609467512,-0.293159237,5.89378,143.193,469.548,0,6,0,0,0,3,3,6,6,0,6,0,3,0,0,0,174,0,0,0,0,0,5.689743398,19.10215634,4.794537184,5.261891555,0,36.39820241,61.37257979,29.58041547,45.4352445,6,0,32.8392513,5.261891555,19.10215634,7.047671983,19.26246487,0,101.237824,0,22.88351057,5.689743398,0,0,0,19.10215634,12.46266245,11.33111287,19.41092589,89.98462915,0,49.65354056,0,76.5,0,0,0,0,0,0,0,0,3.35126723,75.7320661,0,0,0,0,0,4,0,0,0,0,0,0,0,0,0,5,0,0,0,0,0,0,0,0,0,0,0,0,0,0,1,0,0,0,3,0,4,0,0,0,0,0,0,0,0,0,0,1,0,0,0,0,0,0,0,0,0,1,0,0,0,0,0,0,1,0,0,0,0,0,0,0,0,2,0,0,0,0,0,0,0,0,0,0,0,0.323629936,469.548,5.89378,6,6,0,0,0,0,6,0.073170732,23,3,8,143.193,41,0,0,0,0,76.5,4.357557999,0.000193941,0.916085816,43.54570739,32.3805752,206,254,0,30,0,5,1,0,0,0,0,0,0,0,0,0,0,0,1,6,6,0,0,0,0,0,0,0,0,0,0,0,0,0,0,0,0,32,36,1,4.1,0,7,1
16219401,1.930451552,905.2941497,14.39697675,11.4988279,11.4988279,10.23718344,6.76366659,6.76366659,5.124201616,5.124201616,3.78327558,3.78327558,2.795437896,2.795437896,0,4.794537184,0,5.907179729,5.57310453,27.84769069,0,6.196843572,43.58600393,27.00060091,0,275.105862,1.19047619,2.047619048,2.952380952,0.058823529,-2.88,21,262.207,135588.2782,11.9063292,4.312039813,1.76277458,121.2846603,12.15226931,0.349928058,12.15226931,0.257518329,0.100338719,0.257518329,-0.100338719,-0.349928058,3.066,83.6567,275.311,1,4,0,1,1,1,2,3,3,1,4,0,1,0,0,0,102,9.883888252,0,0,0,5.907179729,0,9.778515705,0,0,0,18.19910121,24.27512131,35.90773555,16.9544188,4,4.794537184,34.14661557,0,9.551078169,7.047671983,0,5.316788604,60.04926904,0,0,5.316788604,5.687386275,0,0,15.4582579,11.84220917,0,11.25737949,48.79188955,0,22.55204957,0,46.92,0,0,0,0,0,0,0,0,2.063408919,44.10325775,0,0,0,0,0,2,0,0,0,0,1,1,0,0,0,2,1,0,0,0,0,0,0,0,0,0,0,1,0,1,1,0,0,0,1,0,2,0,0,0,0,0,0,0,0,0,0,0,0,0,0,0,0,0,0,0,0,0,0,0,0,0,0,0,1,0,0,0,0,0,0,0,0,1,0,0,0,0,0,0,0,0,0,0,0,0.693734143,275.311,3.066,3,3,1,1,1,0,3,0.041666667,14,3,3,83.6567,24,0,0,0,0,46.92,3.529091916,0.001396191,0.98060818,24.71893693,17.97059553,118,144,0,17,0,3,1,0,0,0,0,0,0,0,0,0,0,0,0,4,3,0,0,0,0,0,0,0,0,0,0,0,0,0,0,0,0,16,21,2,2.1,0,6,0
16224745,1.892354158,860.2080481,15.97432702,12.82921092,14.41520746,11.14786705,7.672198727,8.465196997,5.935877071,6.728875341,4.347591218,5.16006859,3.13288647,3.713246289,0,0,0,0,11.73576882,52.87188377,0,15.3940444,19.44135913,31.44409612,10.717646,375.0807057,1.347826087,2.217391304,2.913043478,0.4,-1.93,23,358.118,360410.9291,14.64897035,5.609917492,2.417066072,141.5627627,6.294704349,0.382582133,6.294704349,0.16516128,0.363030885,0.16516128,0.363030885,-0.382582133,1.9415,92.1461,376.262,3,7,0,1,1,0,3,3,7,2,8,0,2,0,1,1,120,11.05045608,5.817862778,5.647177221,0,0,0,4.681802935,4.983978521,14.71276151,0,0,35.31634355,36.83408099,22.56033465,4,0,27.3949839,0,29.69533157,7.047671983,18.75954929,18.82318029,28.75717823,0,11.12690298,11.05045608,5.817862778,0,15.9299439,37.46805578,7.047671983,0,24.45347729,23.06325023,0,16.7740802,0,86.06,0,0,0,0,0,0,0,0,4.304318703,39.66511858,0,0,0,1,0,5,0,0,0,0,0,0,0,0,0,5,1,1,0,0,0,0,0,0,0,0,0,0,0,1,1,0,0,0,0,0,1,0,0,0,0,0,0,0,1,0,0,0,0,0,0,0,0,0,0,0,0,0,0,0,0,0,0,0,0,0,0,0,0,1,0,0,0,0,0,0,0,0,0,0,0,0,0,0,0,0.714098407,376.262,1.9415,7,7,2,2,2,0,7,0.076923077,11,4,7,92.1461,26,0,0,0,0,86.06,3.698386116,0.000533476,0.957756194,30.47539227,22.76963696,128,156,0,15,0,7,0,0,1,0,0,0,0,0,0,0,0,0,0,4,3,0,0,1,0,0,0,0,0,0,0,0,0,0,0,0,0,15,23,0,1.5,0,11,0
16654980,1.818536992,830.9103312,20.43251065,15.6527133,15.6527133,13.9148348,9.292055594,9.292055594,6.762736207,6.762736207,4.836290642,4.836290642,3.32939787,3.32939787,11.73975001,13.17124514,0,17.07524226,64.37275554,12.26321064,0,6.066367068,9.799819462,14.95193556,15.20739338,410.1678086,0.896551724,1.517241379,2.137931034,0.5,-2.66,29,389.232,4257985.471,19.64756674,7.992266269,4.348852006,165.0035127,13.64375548,0.416754583,13.64375548,0.416754583,0.12674178,0.383689165,-4.587699987,-0.383689165,1.8128,100.7414,410.4,2,8,0,2,2,0,2,2,8,1,11,0,3,0,2,2,156,25.00721285,11.63572556,0,5.948339281,0,6.176298517,0,9.967957042,18.15522366,0,0,6.066367068,44.00568776,37.68490734,4,22.64497105,17.58406484,0,14.95193556,0,6.176298517,68.14004042,23.8930292,0,11.25737949,15.53348694,30.75530998,0,0,67.55848904,15.65002443,0,5.563451492,18.32957771,0,11.25737949,0,89.63,0,0,0,0,0,0,0,0,40.93126644,36.31873356,0,0,0,1,0,3,0,0,0,0,0,0,0,0,0,5,0,1,0,0,0,0,0,0,0,3,0,0,0,3,0,0,0,0,0,0,0,0,0,0,0,2,0,0,3,0,0,0,0,0,0,0,0,0,0,0,2,0,0,0,0,0,0,0,0,0,0,0,0,0,0,0,0,1,0,0,0,0,0,0,0,0,0,0,0,0.819735391,410.4,1.8128,8,8,1,1,1,0,8,0.09375,14,4,12,100.7414,32,0,0,0,0,89.63,4.061603729,0.000214064,0.896272097,39.81074257,32.41652781,156,183,0,18,0,6,2,0,0,0,0,0,0,0,0,0,2,0,0,4,2,3,0,0,0,0,0,0,0,0,0,0,0,0,0,0,0,12,29,0,0.4,3,20,0
16720766,1.366596051,1211.455401,21.58721119,16.88558468,17.70208126,14.88796135,10.39927771,11.87068223,8.346950312,9.568251133,6.425382581,6.889998197,4.915181017,5.279652014,16.40813126,13.52432438,0,24.60846967,12.84164325,29.69290746,11.12690298,6.327320075,16.83031029,39.55021392,9.32205917,443.1627253,1.225806452,2.064516129,2.903225806,0.428571429,-2.53,31,418.329,17407872.83,20.37699828,7.864710145,4.033343328,180.0687181,11.08095089,0.392666533,11.08095089,0.332782057,0.017097127,0.332782057,-4.026223977,-0.392666533,2.0628,115.4817,443.529,4,9,2,0,2,1,2,3,8,3,10,0,6,1,0,1,164,14.99041565,17.79236007,0,0,0,10.30416488,4.183085433,15.10693078,8.417796984,0,24.26546827,42.87655654,18.15659045,24.1389134,5,17.70740981,27.15542909,0,14.53505669,11.05687978,43.87093454,11.92367057,53.98290197,0,0,10.45576234,5.817862778,0,0,40.77022942,20.90807193,5.917906046,42.47304951,42.85599899,0,11.03340144,0,132.36,0,-4.026223977,0,0,0,0,0,0,28.89871755,49.21083976,0,1,1,0,0,3,0,0,0,0,0,0,0,0,0,3,1,1,0,0,0,0,0,0,0,0,0,0,0,1,1,0,0,0,1,0,2,0,0,0,0,0,0,0,0,0,0,0,0,0,0,0,0,0,0,0,0,0,0,0,0,0,0,0,0,0,0,0,0,0,0,0,0,0,0,0,0,0,0,0,0,0,0,0,0,0.531090173,443.529,2.0628,8,8,3,3,3,1,8,0.171428571,14,4,11,115.4817,35,0,2,0,1,132.36,5.365513806,0.000853466,0.995345759,40.04079525,31.69525155,174,208,0,21,0,5,4,0,0,0,0,1,0,0,0,0,0,0,0,5,3,0,0,0,1,0,0,0,0,0,0,0,0,0,0,0,0,16,31,2,1.2,0,17,0
17755052,1.356279678,1469.07673,23.99298858,19.4752354,21.10822856,16.95364094,11.68678414,14.35159234,8.972316397,12.09150421,6.620765172,9.028924172,4.754944563,6.736571319,10.02329115,8.417796984,0,0,32.12768124,65.22464187,11.13291638,15.64200187,24.39594478,26.06355015,14.70482,513.1616797,1.085714286,1.885714286,2.657142857,0.434782609,-2.64,35,486.433,178545433.2,22.80063204,9.099920948,4.5170535,207.1203286,11.84469322,0.377775865,11.84469322,0.210789562,0.529182557,0.210789562,-3.13476112,-0.377775865,2.1484,137.2285,513.649,1,10,0,2,2,1,3,4,9,1,12,0,5,0,2,2,184,9.636772685,0,11.64226728,10.02329115,0,0,9.998591539,18.38575403,9.4038978,11.33678588,12.13273414,12.13273414,61.64011774,41.39969804,6,13.15465994,48.29748538,0,29.37044638,0,6.544756406,63.63798128,35.33945904,0,11.38785599,4.899909731,5.817862778,0,11.33678588,96.52631491,21.30491051,0,4.877147194,30.46231185,0,32.50740156,0,107.55,0,-1.407556102,0,0,0,0,0,0,25.24412206,52.74676737,0,0,0,0,0,4,1,0,0,0,0,0,0,0,0,6,1,0,0,0,0,1,0,0,0,0,0,0,0,1,0,0,0,0,1,0,2,0,0,0,0,1,0,0,0,0,0,0,0,0,0,0,0,0,0,0,1,0,0,0,0,0,0,0,0,0,0,0,0,0,1,0,0,0,0,0,1,0,0,0,0,0,1,0,0,0.43264465,513.649,2.1484,9,9,1,1,1,0,9,0.125,18,5,11,137.2285,40,0,2,0,1,107.55,5.131294431,0.000282677,0.968423756,46.59520716,36.59043483,198,238,0,23,0,7,3,0,0,1,0,0,0,0,0,0,1,0,0,6,4,0,0,0,2,0,0,0,0,0,0,0,0,0,0,0,0,20,35,2,1.5,0,18,0
23725625,1.342397518,1259.579177,22.24191173,17.51289975,17.51289975,15.50804039,10.83835556,10.83835556,8.427744266,8.427744266,6.212894956,6.212894956,4.234604977,4.234604977,5.817220841,18.7740266,0,28.85498389,43.67999946,23.79131895,6.066367068,34.06528774,12.13273414,10.19736362,0,434.1754188,1,1.6875,2.40625,0.333333333,-3.55,32,411.287,45182479.76,20.35811513,8.180995217,3.879817335,183.3854393,14.56357136,0.338908698,14.56357136,0.271550147,0.012221855,0.271550147,-0.574516435,-0.338908698,2.3474,116.7772,434.471,1,7,1,1,2,2,1,3,4,1,8,0,4,1,1,2,164,9.799819462,5.817220841,0,5.907179729,11.46644662,0,14.38361155,9.489096856,5.098681808,0,24.26546827,36.60419594,43.90397751,16.6436037,5,13.97948942,22.58680789,0,19.99718308,5.917906046,19.26246487,26.17902562,75.45642538,0,0,5.559266895,4.390415048,0,0,57.99056816,11.21535881,11.73512689,34.45701141,47.25910666,0,10.77244843,0,86.37,0,0,0,0,0,0,0,0,14.56357136,64.76976197,0,0,0,0,0,2,1,0,0,0,2,2,0,0,0,3,1,0,0,0,0,1,0,0,0,0,0,2,0,0,0,0,0,0,2,0,1,0,0,0,0,0,0,0,1,0,0,0,0,0,0,0,0,0,0,0,0,0,0,0,0,0,0,0,0,0,0,0,0,0,1,0,0,0,0,0,0,0,0,0,0,0,0,0,0,0.68309163,434.471,2.3474,4,4,1,1,1,0,4,0.111111111,17,3,11,116.7772,36,0,0,0,0,86.37,5.203416709,0.000908497,0.994816133,41.19473487,32.25785325,176,212,0,24,0,4,3,0,0,0,0,0,0,0,0,0,0,0,0,5,3,1,0,0,0,0,0,0,0,0,0,0,0,0,0,0,0,17,32,3,2.2,1,16,0
24180719,2.088807324,1145.776297,19.76722023,14.01506508,15.58749061,12.73118259,7.890175212,9.920404911,5.78603979,8.064343758,3.798836198,5.482158357,2.627162961,3.917295212,38.69181555,21.99316426,0,16.33893841,17.45422306,12.13273414,18.46005421,6.9237372,4.722094864,9.967957042,11.60093989,413.0412464,1.333333333,2.074074074,2.777777778,0.176470588,-2.52,27,399.721,1032455.966,19.24738073,7.241185927,3.787772176,158.1652359,14.7860448,0.345389271,14.7860448,0.232305136,0.035772838,0.232305136,-3.813967192,-0.345389271,3.8772,98.5947,413.833,2,6,0,0,0,1,2,3,4,2,10,0,6,0,0,0,142,4.983978521,11.46439806,5.817220841,15.8065361,0,0,9.516632049,22.1826056,0,0,18.52467709,24.61992283,23.34336285,22.02632469,3,21.99316426,44.1282637,0,9.967957042,0,13.34455882,10.47494847,58.37676633,0,0,4.722094864,14.46821637,0,11.60093989,29.92185258,10.02329115,11.63444168,29.26599899,30.59278835,5.022633314,11.03340144,0,91.92,0,2.061856165,0,0,0,0,0,0,52.77886353,25.18705808,0,0,0,0,0,2,1,0,0,0,1,1,0,0,0,1,2,0,0,0,0,1,0,0,0,0,0,0,0,1,0,0,0,0,1,0,1,0,0,0,0,0,0,0,3,0,0,0,0,0,0,1,0,0,0,0,0,0,0,0,0,0,0,0,0,0,0,0,0,0,0,0,0,1,0,0,1,0,0,0,0,0,0,0,0,0.599743859,413.833,3.8772,4,4,2,2,2,0,4,0.206896552,17,2,8,98.5947,29,0,2,0,1,91.92,4.72337441,0.001151959,0.99501976,34.9075135,27.83401276,144,171,0,17,0,3,3,0,0,0,0,0,0,1,0,0,0,0,0,3,3,2,1,0,1,0,0,0,0,0,0,0,0,0,0,0,0,16,27,3,1.4,2,10,0
24737642,1.527863585,1051.121264,24.94901851,20.2583915,21.07488808,16.88424915,12.42527461,13.30492742,9.491371494,10.38105246,7.193278248,8.139244798,5.01805695,5.963403133,11.85906167,18.7740266,0,35.59919211,17.80213589,49.95337506,35.60225415,19.35147195,4.899909731,15.61755573,0,500.2257401,1.085714286,1.8,2.485714286,0.538461538,-2.65,35,467.376,109266710.2,25.44313013,11.39084615,5.780650579,209.050522,13.83418437,0.342681623,13.83418437,0.245530895,0.057718359,0.245530895,-0.556037216,-0.342681623,3.8497,132.6619,500.64,2,7,1,1,2,1,1,2,6,2,9,0,8,1,1,2,188,15.53348694,22.56061336,0,17.59760441,0,0,14.38361155,9.374393569,0,11.33678588,19.26246487,69.83806999,17.48827067,12.08368166,4,18.7740266,28.93439028,0,20.51746546,5.917906046,69.99501105,13.59242839,51.72775507,0,0,10.63357721,4.390415048,0,11.33678588,53.1576027,9.589074368,11.73512689,78.97086976,29.64553104,0,0,0,91.4,0,1.36658466,0,0,0,0,0,0,13.23091056,69.23583812,0,0,0,0,0,1,0,0,0,0,3,3,0,0,0,2,2,0,0,1,1,0,0,0,0,0,0,2,0,0,0,0,0,0,1,0,0,0,0,0,0,0,0,0,1,0,0,0,0,0,0,1,0,0,0,0,0,0,0,0,0,0,0,0,0,0,0,0,0,0,0,0,0,0,0,0,0,0,0,0,1,0,0,0,0,0.537536696,500.64,3.8497,6,6,2,2,2,0,6,0.210526316,8,2,17,132.6619,38,0,0,0,0,91.4,4.944952596,0.000312073,0.971195159,52.24976509,41.9320701,182,215,0,26,0,4,3,0,1,0,0,0,0,1,0,0,0,0,0,4,2,1,0,0,1,0,0,0,0,0,0,0,0,0,0,0,0,11,35,3,2.7,1,24,0
24753719,1.935658501,806.387044,15.52673326,12.11418298,12.11418298,10.7070399,6.873099767,6.873099767,5.006236416,5.006236416,3.649611307,3.649611307,2.455225493,2.455225493,5.907179729,4.794537184,0,0,12.1082079,22.21588826,0,24.72262828,42.59504598,4.567099648,9.944115979,296.1160924,1.181818182,1.954545455,2.636363636,0.117647059,-2.79,22,280.198,167620.4347,14.16008693,5.90976533,2.662819146,127.2573219,11.53488144,0.4967682,11.53488144,0.274212096,0.421000848,0.274212096,-0.51472456,-0.4967682,2.8172,83.2867,296.326,2,5,0,0,0,2,1,3,4,2,5,0,4,0,0,0,112,9.303962602,5.749511833,0,0,5.907179729,0,10.00179021,5.480096598,0,0,18.19910121,41.28151105,23.82175219,7.109797541,3,14.73865316,16.81010466,0,10.04719625,0,6.544756406,7.109797541,65.8546831,0,5.749511833,10.21695955,0,5.749511833,0,22.79132994,6.544756406,0,15.92144017,54.72778012,0,10.90292493,0,63.49,0,0,0,0,0,0,0,0,2.060810658,50.43918934,0,0,0,0,0,1,0,0,0,0,1,1,0,0,0,1,1,0,1,0,0,0,0,0,0,0,0,1,0,0,0,0,0,0,2,0,1,0,0,0,0,1,0,0,0,0,0,0,0,0,0,0,0,0,0,1,0,0,0,0,0,0,0,0,0,0,0,0,0,0,0,0,0,0,0,0,0,0,0,0,0,0,0,0,0,0.574595261,296.326,2.8172,4,4,2,2,2,0,4,0.166666667,10,1,4,83.2867,24,0,0,0,0,63.49,3.869898849,0.000788635,0.96641068,29.38069087,22.89209466,114,134,0,17,0,2,3,0,0,0,0,0,0,0,0,0,1,0,0,3,3,0,0,0,0,0,0,0,0,0,0,0,0,0,0,0,0,16,22,1,1.6,0,7,0
24776445,1.889033145,1117.053613,19.60408353,14.1096384,16.43799287,12.75303876,7.774342953,10.42168344,5.777545633,8.607681461,3.77840387,5.530939694,2.430448498,3.623029946,15.74443287,13.21233417,0,15.48156828,21.96739907,6.255769184,18.19910121,30.46231185,12.13273414,10.30076712,23.20187978,420.0102187,1,1.777777778,2.407407407,0.052631579,-2.41,27,407.193,968733.5208,19.35431191,7.680498333,4.471415305,166.4384389,12.53501575,0.321927338,12.53501575,0.25667468,0.049056633,0.25667468,-3.405450959,-0.321927338,4.7112,107.198,421.305,1,5,0,0,0,2,1,3,4,1,8,0,4,0,0,0,138,5.316788604,0,9.837253136,0,5.907179729,0,9.778515705,8.417796984,0,0,29.26824685,48.53093655,23.70345052,26.19812959,3,13.21233417,44.63369892,0,4.983978521,0,4.895483476,11.57255779,76.40286531,0,11.25737949,5.316788604,5.687386275,0,23.20187978,25.56472442,9.837253136,0,10.35798868,65.68963066,10.04526663,11.25737949,0,76.13,0,8.926031288,0,0,0,0,0,0,23.16754829,38.87864265,0,0,0,0,0,1,0,0,0,0,1,1,0,0,0,1,1,0,0,0,0,0,0,0,0,0,0,1,0,1,0,0,0,0,2,0,0,0,0,0,0,0,0,0,2,0,0,0,0,0,0,0,0,0,0,0,0,0,0,0,0,0,0,0,0,0,0,0,0,0,0,0,0,1,0,0,0,1,0,0,0,0,0,0,0,0.662102176,421.305,4.7112,4,4,1,1,1,0,4,0.137931034,17,1,6,107.198,29,0,2,0,1,76.13,5.058636206,0.000678287,0.990801782,34.22682907,28.21505117,142,165,0,19,0,2,3,0,0,0,0,0,0,0,0,0,0,0,0,3,3,0,2,0,1,0,0,0,0,0,0,0,0,0,0,0,0,18,27,3,2.9,0,8,0
24785538,1.306383695,1360.54317,23.2858818,18.6238304,18.6238304,16.49215163,11.37896902,11.37896902,9.058975837,9.058975837,6.59798477,6.59798477,4.490199704,4.490199704,11.4866226,9.184952232,0,5.907179729,42.15493519,17.63145034,31.17122095,4.515397894,36.21959171,30.91360115,4.983978521,461.2087846,1.294117647,2.176470588,2.970588235,0.347826087,-4.02,34,437.313,87602487.7,20.57731854,7.78624457,3.622769716,194.1478437,13.30074307,0.32505314,13.30074307,0.249614333,0.217132535,0.249614333,-0.877020698,-0.32505314,3.6051,124.6421,461.505,3,10,1,1,2,0,4,4,8,3,11,0,6,1,1,2,174,15.53348694,11.05562597,11.63572556,17.80321635,0,0,9.893218992,9.499376415,14.47307538,5.098681808,0,56.87249197,30.41980109,11.88422985,6,9.184952232,34.69533156,0,29.77940036,0,44.06385499,22.07824334,54.36714782,0,0,15.53348694,27.66186616,0,0,47.77026175,4.794537184,5.947697344,44.21885773,42.72552249,0,5.516700718,0,116.13,0,0,0,0,0,0,0,0,14.90906032,63.00760635,0,0,0,0,0,6,1,0,0,0,1,1,0,0,0,6,3,0,0,0,0,1,0,0,0,0,0,1,0,4,0,0,0,0,0,0,1,0,0,0,0,0,0,0,1,0,0,0,0,0,0,0,0,0,0,0,0,0,0,0,0,0,0,0,0,0,0,0,0,0,0,0,0,1,0,0,0,0,0,0,0,0,0,0,0,0.375756788,461.505,3.6051,8,8,3,3,3,0,8,0.153846154,20,6,9,124.6421,39,0,0,0,0,116.13,4.427042368,0.000193814,0.817052536,42.92318108,33.3415086,194,236,0,23,0,9,1,0,0,0,0,0,0,0,0,0,0,0,0,6,4,1,0,0,0,0,0,0,0,0,0,0,0,0,0,0,0,21,34,1,1.3,1,17,0
24788740,1.468716497,943.9057985,22.82769817,18.96107385,19.7170028,15.34624435,11.40213325,11.78009773,9.12815879,9.564594571,6.470514776,6.722491091,4.709538161,4.835526319,6.103966388,9.901064579,0,17.74299182,50.2090778,22.63869376,0,6.327320075,29.165378,40.95586698,11.60093989,457.2244529,1.1875,1.875,2.53125,0.541666667,-2.22,32,425.75,18587375.49,22.95558549,9.728883022,4.74757134,194.3538722,13.49737885,0.386770654,13.49737885,0.231031576,0.135952906,0.231031576,-0.515548065,-0.386770654,3.101,126.1485,458.006,2,7,1,1,2,1,1,2,6,2,8,0,6,0,1,1,172,20.22313546,12.14518285,0,5.907179729,0,0,4.794537184,9.967957042,0,0,44.50488563,30.0349133,49.35170766,17.71580043,4,9.901064579,23.3259824,0,20.18465538,0,51.17365253,37.62369176,52.43625264,0,0,10.21669833,5.817862778,0,11.60093989,64.64719676,4.794537184,0,61.95264268,30.59278835,5.022633314,0,0,81.59,0,6.063359895,0,0,0,0,0,0,0,63.88108455,0,1,1,0,0,2,0,0,0,0,1,1,0,0,0,4,1,0,0,0,0,0,0,0,0,0,0,1,0,1,0,0,0,0,1,0,1,0,0,0,0,0,0,0,1,0,0,0,0,0,0,0,0,0,0,0,0,0,0,0,0,0,0,0,0,0,0,0,0,0,1,0,0,0,0,0,0,0,0,0,0,0,0,0,0,0.693273333,458.006,3.101,6,6,2,2,2,1,6,0.171428571,6,3,15,126.1485,35,0,0,0,0,81.59,4.770579299,0.000334366,0.958426355,47.77861101,38.26149888,170,202,0,24,0,5,2,0,1,0,0,1,0,0,0,0,0,0,0,4,2,0,1,0,0,0,0,0,0,0,0,0,0,0,0,0,0,12,32,1,2.9,0,22,0
24821094,1.500767607,1299.9887,22.7858818,18.09365196,18.09365196,16.13536159,10.87160457,10.87160457,7.974613838,7.974613838,5.853475237,5.853475237,4.241172498,4.241172498,0,4.794537184,0,11.94902056,35.63470502,29.9041184,12.40334018,4.899909731,59.27910655,16.54689273,15.56921224,440.196074,1.090909091,1.848484848,2.606060606,0.2,-4.2,33,416.315,59394803.67,20.68875669,8.738936643,4.025546245,190.8726799,12.17174686,0.45738383,12.17174686,0.245526934,0.005660024,0.245526934,-0.069879863,-0.45738383,4.2173,126.7354,440.507,2,8,0,1,1,2,2,4,7,1,8,0,5,0,1,1,166,15.37044016,29.33813451,5.647177221,5.907179729,0,0,4.794537184,14.64975998,5.098681808,0,24.77803689,55.31586576,18.6529643,11.42806504,5,9.531400138,22.75844394,0,24.64835152,0,18.88348407,18.82318029,73.57957948,0,22.75640315,10.47053043,5.817862778,11.49902367,0,43.64504406,4.794537184,0,18.88348407,73.57957948,0,22.29078092,0,99.16,0,0,0,0,0,0,0,0,1.888507469,71.2781592,0,0,0,1,0,4,0,0,0,0,1,1,0,0,0,5,0,1,0,0,1,0,0,0,0,0,0,1,0,1,0,0,0,0,2,0,1,0,0,0,0,1,0,0,0,0,0,0,0,0,0,0,0,0,0,0,0,0,0,0,0,0,0,0,1,0,0,0,0,1,0,0,0,0,0,0,0,0,0,0,0,0,0,0,0,0.466703243,440.507,4.2173,7,7,1,1,1,0,7,0.135135135,17,3,7,126.7354,37,0,0,0,0,99.16,5.095987534,0.000833382,0.993819113,42.5812907,32.67048164,178,213,0,25,0,6,2,0,0,0,0,0,0,0,0,0,1,0,0,5,4,0,0,0,0,0,0,0,0,0,0,0,0,0,0,0,0,22,33,2,2.4,0,13,0
24856436,1.497548522,1475.306334,26.15612529,21.42475016,21.42475016,17.74053331,12.34729929,12.34729929,9.820872768,9.820872768,6.54765939,6.54765939,4.439902392,4.439902392,5.601050811,9.901064579,0,12.1040233,28.49353149,31.8664119,16.56603278,42.80439865,12.13273414,50.84390691,4.983978521,500.2648223,1.081081081,1.810810811,2.486486486,0.333333333,-4.02,37,468.351,241184185.4,24.66458182,9.794347262,4.979011599,215.0476194,13.18120387,0.384141309,13.18120387,0.278022187,0.242184183,0.278022187,-1.138382649,-0.384141309,2.886,145.7965,500.607,2,10,0,1,1,1,3,4,10,2,10,0,7,0,1,1,192,20.22313546,10.98727503,11.46504,5.948339281,5.559266895,0,4.794537184,19.33156291,4.983978521,6.578935684,12.14238718,57.29334879,43.75064174,12.2386844,5,5.106527395,28.35651327,0,29.21545116,0,25.99328162,43.44339594,77.36410092,0,5.817862778,15.77596523,17.32311183,0,0,67.54867617,12.14580722,0,19.54140239,66.11090603,0,16.85126421,0,104.34,0,0,0,0,0,0,0,0,3.162078028,78.42125531,0,1,0,0,0,5,0,0,0,0,0,0,0,0,0,7,1,0,0,1,0,0,0,0,0,0,1,0,0,3,0,0,0,0,1,0,1,0,0,0,0,0,0,0,0,0,0,0,0,0,0,0,0,0,0,0,0,0,0,0,0,0,0,0,0,0,0,0,0,0,1,0,0,1,0,0,0,0,0,0,0,0,0,0,0,0.37351787,500.607,2.886,10,10,2,2,2,1,10,0.170731707,13,4,10,145.7965,41,0,0,0,0,104.34,5.581396525,0.000401542,0.987520835,51.6982383,41.37552558,202,241,0,27,0,8,2,0,0,1,0,1,0,0,0,0,0,0,0,5,4,0,0,0,0,0,0,0,0,0,0,0,0,0,0,0,0,22,37,2,2.2,0,17,0
24866313,0.896967196,1751.192533,29.88189364,24.26410004,24.26410004,21.60248942,14.92508878,14.92508878,11.26553695,11.26553695,8.474973631,8.474973631,6.031020946,6.031020946,0,9.589074368,0,17.7322655,32.00343012,65.1536193,0,24.78737429,53.43084628,52.39864138,0,587.2757213,0.863636364,1.636363636,2.409090909,0.272727273,-5.16,44,554.424,24951461555,27.65987855,12.21530622,5.862949278,254.4956645,13.17221434,0.367980972,13.17221434,0.236371917,0.021560483,0.236371917,-0.163314911,-0.367980972,3.6911,168.7624,587.688,2,11,0,2,2,2,3,5,8,2,11,0,7,0,2,2,222,15.11660807,5.693927995,5.824404498,11.81435946,0,0,24.57164443,9.967957042,5.098681808,0,0,73.62924871,85.39905606,17.97936317,7,9.589074368,34.09205694,0,34.94911864,5.917906046,6.420821623,56.02999318,85.45104497,0,22.64523548,10.21669833,11.37477255,0,0,92.57677294,9.589074368,5.917906046,6.420821623,85.45104497,0,33.54816041,0,123.24,0,0,0,0,0,0,0,0,0,95,0,0,0,0,0,5,1,0,0,0,2,2,0,0,0,7,2,0,0,0,1,1,0,0,0,0,0,2,0,2,0,0,0,0,2,0,1,0,0,0,0,0,0,0,0,0,0,0,0,0,0,0,0,0,0,0,0,0,0,0,0,0,0,0,0,0,0,0,0,0,1,0,0,1,0,0,0,0,0,0,0,0,0,0,0,0.295688063,587.688,3.6911,8,8,2,2,2,0,8,0.14,23,5,12,168.7624,50,0,0,0,0,123.24,7.840085768,0.000405317,0.997313185,57.28723211,45.0226904,240,285,0,33,0,9,2,0,0,1,0,0,0,0,0,0,0,0,0,7,5,0,0,0,0,0,0,0,0,0,0,0,0,0,0,0,0,28,44,2,3.1,0,20,0
24905401,1.977145619,738.5899321,15.5791395,11.83035141,12.58628035,10.63117695,6.914956217,7.29292069,5.135619214,5.572054994,3.811211219,4.063187534,2.475133276,2.601121434,5.601050811,5.106527395,0,6.544756406,5.022633314,22.25380597,0,30.46231185,30.46231185,10.19736362,17.33460737,313.0981898,1,1.590909091,2.090909091,0.117647059,-2.14,22,297.66,173654.206,14.78299077,5.926701502,2.639121231,133.1101284,10.98843474,0.379053009,10.98843474,0.126747798,0.083025164,0.126747798,-1.236592183,-0.379053009,2.9247,87.5289,313.788,4,4,0,0,0,2,1,3,3,3,5,0,4,0,0,0,112,10.84019487,5.601050811,0,0,0,0,5.098681808,0,5.098681808,0,47.9991423,28.82308861,23.32768478,6.196843572,3,5.106527395,11.60093989,0,10.19736362,5.733667477,5.601050811,6.544756406,77.07415999,0,11.12690298,5.733667477,0,0,11.60093989,21.84864742,5.601050811,0,11.12690298,60.92462369,5.022633314,11.12690298,0,74.93,0,5.90703566,0,0,0,0,0,0,0,44.78740878,0,1,0,0,0,2,1,0,0,0,0,0,0,0,0,1,1,1,0,0,0,1,0,0,0,0,0,0,0,0,0,0,0,0,2,0,0,0,0,0,0,0,0,0,1,0,0,0,0,0,0,0,0,0,0,0,0,0,0,0,0,0,0,0,0,0,0,0,0,0,0,0,0,0,0,0,0,0,0,0,0,0,0,0,0,0.692988446,313.788,2.9247,3,3,3,3,3,1,3,0.166666667,10,1,4,87.5289,24,0,0,0,0,74.93,4.111764366,0.000949539,0.981188767,27.90878928,21.37114189,116,138,0,17,0,3,1,1,0,0,0,1,0,0,0,0,0,0,0,3,3,0,1,0,0,0,0,0,0,0,0,0,0,0,0,0,0,17,22,0,2.5,0,7,0
24958200,1.670030225,876.0231087,16.51829709,13.4046053,13.4046053,11.72034669,8.314549537,8.314549537,6.316135189,6.316135189,4.727706532,4.727706532,3.412156036,3.412156036,5.907179729,4.794537184,0,0,16.99805826,24.1631233,18.40509474,10.74817,18.32957771,34.68093869,5.733667477,320.1637113,1.208333333,2.041666667,2.75,0.263157895,-2.66,24,300.236,618002.4917,14.90236391,6.091591861,2.672125442,140.0124918,11.54742992,0.365529746,11.54742992,0.250483804,0.452781095,0.250483804,-0.452781095,-0.365529746,2.5914,94.4326,320.396,3,5,0,1,1,2,1,3,4,2,5,0,3,0,1,1,122,11.05045608,5.516700718,0,0,5.907179729,0,4.794537184,4.681802935,5.098681808,0,24.26546827,49.0668584,18.12782419,11.25083777,4,4.794537184,16.81010466,0,15.09727335,5.733667477,18.75954929,13.08951281,59.78831603,0,5.687386275,11.05045608,0,0,0,28.77717728,0,0,34.68098946,48.66141305,0,16.59031121,0,72.94,0,0,0,0,0,0,0,0,1.805562484,50.02777085,0,0,0,0,0,2,0,0,0,0,1,1,0,0,0,2,1,1,0,0,0,0,0,0,0,0,0,1,0,0,0,0,0,0,2,0,1,0,0,0,0,0,0,0,0,0,0,0,0,0,0,0,0,0,0,0,0,0,0,0,0,0,0,0,0,0,0,0,0,1,0,1,0,0,0,0,0,0,0,0,0,0,0,0,0,0.778873601,320.396,2.5914,4,4,2,2,2,0,4,0.111111111,10,2,7,94.4326,27,0,0,0,0,72.94,4.471042662,0.001645129,0.995438317,31.10917787,23.81891038,130,155,0,19,0,4,1,0,1,0,0,0,0,0,0,0,0,0,0,4,3,0,0,0,0,0,0,0,0,0,0,0,0,0,0,0,0,16,24,1,2.2,0,10,0
24964624,1.586197899,1478.230764,21.00142475,16.87676292,16.87676292,15.12194158,10.48115528,10.48115528,8.30851307,8.30851307,6.442642631,6.442642631,4.476000777,4.476000777,0,4.794537184,0,11.22866865,5.647177221,46.12885065,16.38496772,6.196843572,24.26546827,52.6619331,10.717646,407.1746103,0.967741935,1.741935484,2.451612903,0.16,-3.77,31,386.309,22021302.88,18.03531,6.617690246,2.794770804,177.9281641,12.02243652,0.347225117,12.02243652,0.347225117,0.184104846,0.321398289,-0.259690255,-0.321398289,4.2427,121.7021,407.477,3,6,1,0,1,2,3,5,5,2,6,0,3,1,0,1,152,5.733667477,0,5.647177221,0,0,5.689743398,0,19.27789212,5.098681808,0,54.59730362,42.52210199,28.24889602,11.21062871,6,0,16.55010215,0,19.58203674,5.733667477,24.80139012,0,88.9746134,0,22.38428247,11.42341088,0,0,0,19.58203674,5.538925252,0,24.82591636,77.72141851,0,38.93438462,0,89.07,0,0,0,0,0,0,0,0,1.506515204,64.7434848,0,0,0,0,0,4,1,0,0,0,0,0,0,0,0,3,1,1,0,0,0,1,0,0,0,0,0,0,0,0,0,0,0,0,2,0,3,0,0,0,0,0,0,0,0,0,0,0,0,0,0,0,0,0,0,0,0,0,0,0,0,0,0,0,0,0,0,0,0,0,0,0,0,2,0,0,0,0,0,0,0,0,0,0,0,0.468068132,407.477,4.2427,5,5,2,2,2,0,5,0.083333333,20,4,7,121.7021,36,0,0,0,0,89.07,4.519473561,0.000591805,0.982100818,35.90064145,26.28169802,180,222,0,25,0,5,1,1,0,0,0,0,0,0,0,0,0,0,0,6,5,0,0,0,0,0,0,0,0,0,0,0,0,0,0,0,0,27,31,1,3.1,0,8,0
24978538,1.017179646,2532.551918,46.40899138,36.44928959,39.65470828,30.86507465,21.68118537,26.01107489,17.4898325,22.61169354,12.18075361,16.46213864,8.491267153,11.63300166,52.79624858,34.8013763,0,10.97844196,56.11070876,74.70185079,40.60427964,12.13273414,47.18666434,45.99672633,16.33780284,973.2955098,0.861538462,1.538461538,2.2,0.425531915,-4.1,65,919.194,1.29334E+14,48.82235248,20.82219146,12.66871277,389.2527073,14.17796398,0.501490163,14.17796398,0.501490163,0.001861688,0.380358391,-6.05287182,-0.380358391,8.8332,251.8865,974.634,2,11,1,2,3,4,0,4,11,2,18,0,16,0,2,2,350,14.95356129,4.895483476,0,0,25.76772402,5.508330501,14.59435665,21.55768883,13.17124514,11.76188495,61.35335416,108.9648707,85.32170024,23.79663368,7,39.53823925,66.07842594,0,14.52191433,5.414990469,65.76738265,81.54136712,118.7845139,0,0,14.9387932,24.54601769,0,23.36282484,115.4174333,24.59740724,5.414990469,55.45220106,117.3214281,5.022633314,5.57310453,0,128.36,0,-3.255323386,0,0,0,0,0,0,95.79389142,69.40587641,0,0,0,0,0,0,0,0,0,0,1,1,0,0,0,3,2,0,0,0,0,0,0,0,0,3,1,1,0,2,0,0,0,0,4,0,0,0,0,0,0,1,0,0,4,0,0,0,0,0,0,0,0,0,0,0,1,0,0,0,0,0,0,0,0,0,0,0,0,0,1,0,0,0,0,1,1,1,0,0,0,0,0,0,0,0.104648967,974.634,8.8332,11,11,2,2,2,0,11,0.225352113,22,3,30,251.8865,71,0,4,0,2,128.36,8.485152722,0.00010019,0.989830014,92.21419671,78.19160784,350,409,0,47,0,5,6,0,0,2,0,0,0,0,0,0,1,0,0,7,4,3,1,0,3,0,0,0,0,0,0,0,0,0,0,0,0,24,65,6,5.6,3,41,0
25099184,1.882273029,958.8029332,18.6814338,14.13902162,14.13902162,12.4567288,7.876766744,7.876766744,5.805544831,5.805544831,3.772094259,3.772094259,2.415025891,2.415025891,5.817220841,14.04272165,0,29.05823872,5.817862778,17.32374656,12.13273414,18.19910121,19.91669571,25.81491935,0,354.140451,1.153846154,1.884615385,2.5,0.166666667,-3.47,26,338.236,861528.5732,17.35618038,7.188388051,3.777444875,148.4456448,14.23084169,0.362376329,14.23084169,0.169768301,0.051568405,0.169768301,-0.664640456,-0.362376329,4.1797,93.9551,354.364,3,6,0,0,0,1,2,3,5,3,8,0,5,0,0,0,132,10.63357721,17.70430493,17.4529464,0,0,0,5.098681808,13.76480862,10.36057336,0,12.13273414,37.6100271,17.80213589,5.563451492,3,8.780830095,17.45358833,5.261891555,15.18134214,0,19.88931523,10.63357721,64.85347507,0,6.069221313,10.63357721,26.23441843,0,0,15.18134214,0,29.88929175,29.78640901,36.39820241,0,0,0,89.42,0,0,0,0,0,0,0,0,27.29836624,41.36830043,0,0,0,0,0,3,1,0,0,0,0,0,0,0,0,3,3,0,0,0,0,1,0,0,0,0,0,0,0,3,1,0,0,0,1,0,0,0,0,0,0,0,0,0,2,0,0,0,0,0,0,0,0,0,0,0,0,1,0,0,0,0,0,0,0,0,0,0,0,0,0,0,0,1,0,0,0,0,0,0,0,0,0,0,0,0.639479104,354.364,4.1797,5,5,3,3,3,0,5,0.178571429,14,2,7,93.9551,28,0,0,0,0,89.42,4.242372448,0.000392951,0.953279639,35.1248538,28.79774517,134,155,0,18,0,6,0,0,0,0,0,0,0,0,0,0,0,0,1,3,3,2,0,0,0,0,0,0,0,0,0,0,0,0,0,0,0,17,26,0,1.4,2,10,1
25124816,1.055961398,2677.918867,42.83755909,34.36012893,35.17662551,29.4475732,20.11639865,21.96471027,15.04517719,17.02761517,11.4388973,12.74208048,8.274259391,9.100849476,33.25229884,21.99316426,0,11.31296332,64.80900373,68.8250624,19.43193379,41.87732538,28.79663938,44.47384653,19.44168295,851.338893,0.868852459,1.606557377,2.295081967,0.318181818,-6.17,61,804.605,5.0235E+13,41.55932761,17.43447605,8.579000306,352.7590383,14.51646533,0.495923459,14.51646533,0.259104649,0.048458,0.259104649,-3.172485904,-0.495923459,6.858,231.3967,851.981,2,14,0,2,2,3,3,6,12,2,17,0,12,0,2,2,318,25.00721285,34.46802884,0,15.97163043,5.907179729,0,14.09514152,32.15056264,4.305215991,0,19.05647134,79.42321998,75.02127124,48.80798602,8,31.46689017,44.58814621,0,28.55775589,0,32.2280429,75.27738964,107.9514366,0,34.14425914,25.00721285,31.7913282,11.49902367,0,108.6684761,16.44411278,11.63444168,35.68682061,85.19009196,0,28.2924127,0,146.53,0,-3.172485904,0,0,0,0,0,0,56.53463236,91.05452021,0,0,0,0,0,4,0,0,0,0,1,1,0,0,0,7,2,0,0,0,0,0,0,0,0,0,0,1,0,4,1,0,0,0,3,0,1,0,0,0,0,2,0,0,2,0,0,1,0,0,0,0,0,0,0,2,0,0,0,0,0,0,0,0,1,0,0,0,0,1,1,0,0,1,0,0,1,0,0,0,0,0,0,0,0,0.133265285,851.981,6.858,12,12,2,2,2,0,12,0.176470588,28,5,20,231.3967,68,0,2,0,1,146.53,8.396281564,0.000146527,0.993454149,84.25794572,66.59482473,334,402,0,44,0,9,5,0,0,1,0,0,0,0,0,0,2,0,0,8,6,2,0,0,1,0,0,0,0,0,0,0,0,0,0,0,0,34,61,3,3.8,2,31,0
25126798,1.701320839,849.2211357,15.6480536,12.81305377,12.81305377,11.36450464,8.061480309,8.061480309,6.145373004,6.145373004,4.813106787,4.813106787,3.656009696,3.656009696,0,5.261891555,0,6.041840829,12.33872767,22.29078092,25.68328649,6.327320075,29.33870072,26.11983868,0,306.1592946,1.347826087,2.217391304,3.043478261,0.411764706,-2.68,23,288.229,488454.5731,13.94700176,5.840473736,2.482270158,133.7321371,9.17987278,0.346034664,9.17987278,0.14080563,0.16648408,0.14080563,0.16648408,-0.346034664,3.46638,86.3347,306.373,1,6,1,0,1,0,3,3,5,1,6,0,4,1,0,1,116,4.983978521,11.9744973,0,0,0,0,4.681802935,9.967957042,10.36057336,0,12.84164325,24.82591636,23.34336285,30.42265533,4,0,11.03340144,5.261891555,24.73242031,5.917906046,38.14594894,0,30.98421786,0,17.3266008,0,0,0,0,24.73242031,0,17.24901891,38.14594894,30.98421786,0,22.29078092,0,83.18,0,0,0,0,0,0,0,0,1.967397014,46.86593632,0,0,0,0,0,5,1,0,0,0,0,0,0,0,0,5,1,0,0,0,0,1,0,0,0,0,0,0,0,0,0,0,0,0,0,0,1,0,0,0,0,0,0,0,0,0,0,0,0,0,0,0,0,0,0,0,0,1,0,0,0,0,0,0,0,0,0,0,0,0,0,0,0,0,0,0,0,0,0,0,0,0,0,0,0,0.799678778,306.373,3.46638,5,5,1,1,1,0,5,0.153846154,11,4,8,86.3347,26,0,0,0,0,83.18,3.782217151,0.001075468,0.97817381,29.86290323,22.24638989,124,149,0,17,0,6,0,0,0,0,0,0,0,0,0,0,0,0,1,4,3,0,0,0,0,0,0,0,0,0,0,0,0,0,0,0,0,15,23,0,1.6,0,10,1
25227436,1.441368386,1013.768311,21.13961743,16.51386026,17.2697892,14.49815034,9.992439136,10.37040361,7.670296708,8.106732489,5.735816679,5.987792994,3.903626903,4.029615061,5.538925252,9.901064579,0,18.55590252,37.37461099,22.4147157,6.327320075,12.13273414,24.39594478,25.1686339,17.33460737,428.1727517,1.266666667,2,2.7,0.380952381,-2.68,30,403.724,9094713.265,20.58704771,8.590407864,4.115931865,179.0058747,13.06663237,0.39628232,13.06663237,0.24020594,0.042363248,0.24020594,-0.971306156,-0.39628232,2.1489,116.2926,428.924,5,8,0,1,1,1,2,3,6,4,9,0,6,0,1,1,158,26.04087173,17.79236007,0,5.907179729,0,0,4.794537184,9.967957042,0,0,23.73367403,43.02501757,30.91587166,16.9669903,4,9.901064579,34.35938383,0,20.26872417,5.733667477,30.84323095,24.59630451,53.44208379,0,0,15.95036581,5.817862778,0,11.60093989,51.20096272,4.794537184,0,30.86775719,42.85599899,5.022633314,11.03340144,0,120.16,0,5.963950774,0,0,0,0,0,0,0,63.73049367,0,1,1,0,0,3,1,0,0,0,1,1,0,0,0,3,2,1,0,0,0,1,0,0,0,0,0,1,0,1,0,0,0,0,1,0,1,0,0,0,0,0,0,0,1,0,0,0,0,0,0,0,0,0,0,0,0,0,0,0,0,0,0,0,0,0,0,0,0,1,0,0,0,0,0,0,0,0,0,0,0,0,0,0,0,0.477143385,428.924,2.1489,6,6,4,4,4,1,6,0.181818182,11,3,9,116.2926,33,0,0,0,0,120.16,5.18264207,0.000648591,0.990733668,40.80366204,32.19322941,160,190,0,21,0,6,2,1,0,0,0,1,0,0,0,0,0,0,0,4,3,0,1,0,0,0,0,0,0,0,0,0,0,0,0,0,0,16,30,1,2,0,16,0
25227847,1.434326061,1675.35651,30.89032981,23.78577696,23.78577696,21.48222814,13.9171334,13.9171334,9.438549526,9.438549526,6.241199902,6.241199902,4.350539426,4.350539426,11.81435946,9.589074368,0,55.13849568,35.62193791,10.77244843,12.13273414,24.26546827,36.39820241,25.58551277,31.41159129,596.2495661,0.590909091,1.022727273,1.477272727,0.193548387,-5.37,44,564.392,8285604370,30.09972165,14.19967606,7.152786196,252.2704778,13.40067907,0.492111309,13.40067907,0.275078567,0.081022761,0.275078567,-0.619346854,-0.492111309,2.6951,167.2776,596.648,8,13,0,0,0,2,3,5,11,5,13,0,13,0,0,0,226,42.0451685,60.09276294,0,0,11.81435946,0,9.589074368,14.95193556,0,0,24.26546827,24.26546827,54.67218592,11.03340144,5,23.79966323,45.25593488,0,14.95193556,17.20100243,0,50.08849232,84.18426081,0,17.2485355,42.0451685,11.63572556,17.2485355,0,66.22121013,0,0,20.97693036,72.79640482,0,21.80584986,0,202.62,0,0,0,0,0,0,0,0,0,105.1666667,0,0,0,0,0,3,0,0,0,0,2,2,0,0,0,3,2,3,0,0,0,0,0,0,0,0,0,2,0,2,0,0,0,0,2,0,2,0,0,0,0,3,0,0,0,0,0,0,0,0,0,0,0,0,0,0,0,0,0,0,0,0,0,0,2,0,0,0,0,0,0,0,0,3,0,0,0,0,0,0,0,0,0,0,0,0.133672526,596.648,2.6951,11,11,5,5,5,0,11,0.270833333,20,3,11,167.2776,48,0,0,0,0,202.62,6.330764532,0.000160824,0.975688441,60.82640581,48.98760353,226,264,0,31,0,8,5,3,0,0,0,0,0,0,0,0,3,0,0,5,5,0,0,0,0,0,0,0,0,0,0,0,0,0,0,0,0,28,44,2,1.8,0,18,0
35397514,2.155165847,1178.916643,19.22325016,14.70038446,17.10287758,12.15190289,7.678649233,9.95481075,5.957131971,8.523631626,4.264059256,6.283040835,2.888747187,4.653280055,10.02329115,13.21233417,0,16.27261315,22.34636476,4.472719516,22.31036391,45.28454944,0,20.65203876,4.736862954,439.0201392,1.076923077,1.692307692,2.269230769,0.235294118,-2.26,26,422.175,535997.3761,18.52868296,6.475413264,3.009837959,158.9319347,12.83930493,0.494474259,12.83930493,0.328072458,0.171111636,0.328072458,-3.823192791,-0.494474259,2.75732,104.3995,440.319,1,7,0,0,0,2,1,3,6,1,9,0,4,0,0,0,138,4.736862954,5.749511833,0,0,10.02329115,5.689743398,13.85629416,13.21233417,0,0,15.9299439,36.75265697,24.63443055,28.72606873,3,13.15465994,42.67402276,0,9.134199296,14.09534397,11.81922068,11.83189241,50.85228693,0,5.749511833,15.14870122,5.687386275,5.749511833,15.9299439,24.66179382,24.11863512,6.9237372,5.563451492,44.49457552,0,11.03340144,0,82.33,0,-3.823192791,0,0,0,0,0,0,29.4139362,37.08230756,0,0,0,0,0,2,0,0,0,0,0,0,0,0,0,2,1,0,0,0,0,0,0,0,0,0,0,0,0,1,3,0,0,0,2,0,1,0,0,0,0,1,0,0,1,0,0,1,0,0,0,0,0,0,0,1,0,0,0,0,0,0,0,0,0,0,0,0,0,0,0,0,0,0,0,0,1,0,0,0,0,0,0,0,0,0.676704437,440.319,2.75732,6,6,1,1,1,0,6,0.142857143,12,1,7,104.3995,28,0,2,0,1,82.33,4.107432711,0.000345293,0.92769062,36.18722191,28.41134694,142,172,0,17,0,3,4,0,0,0,0,0,0,0,0,0,1,0,0,3,3,0,0,1,1,0,0,0,0,0,0,0,0,0,0,0,0,16,26,3,1.6,0,9,0
42623951,2.078198348,1055.559097,18.40541292,13.85566534,14.67216192,11.54946194,7.358988797,8.842152045,6.579712273,8.262114515,3.202202162,4.927166162,2.306311526,3.712095417,21.37943725,12.80821203,0,16.49099998,11.12690298,0,35.23866275,20.7712116,0,19.78873371,5.733667477,364.111773,1.2,1.92,2.6,0.266666667,-2.59,25,347.27,302777.729,17.24009411,5.74235195,3.588622927,143.5098879,14.17272067,0.366474601,14.17272067,0.242096899,0.00705135,0.242096899,-3.758013603,-0.366474601,1.5894,90.6629,364.406,3,8,0,0,0,0,3,3,7,2,10,0,3,0,0,0,132,5.733667477,4.895483476,11.46439806,15.97163043,0,0,4.983978521,22.04570479,4.983978521,5.098681808,0,32.90394574,35.25635895,0,3,12.80821203,21.61880766,0,24.30413161,0,31.20562033,5.733667477,36.54048569,0,11.12690298,10.45576234,10.33875433,0,0,33.53875898,10.02329115,5.817220841,20.7712116,35.61874833,0,16.7740802,0,115.27,0,-3.758013603,0,0,0,0,0,0,40.26511171,31.15956856,0,0,0,1,0,4,0,0,0,0,0,0,0,0,0,4,1,1,0,0,0,0,0,0,0,0,0,0,0,1,0,0,0,0,0,0,1,0,0,0,0,0,0,0,1,0,0,0,0,0,0,0,0,0,0,0,0,0,0,0,0,0,0,0,0,0,0,0,0,0,0,0,0,2,0,0,1,0,0,0,0,0,0,0,0,0.729118427,364.406,1.5894,7,7,2,2,2,0,7,0.111111111,12,3,7,90.6629,27,0,2,0,1,115.27,4.173423959,0.000860219,0.981452333,33.61328379,28.63927068,138,161,0,15,0,6,2,0,0,0,0,0,0,0,0,0,0,0,0,3,3,1,0,0,1,0,0,0,0,0,0,0,0,0,0,0,0,16,25,2,0.3,1,9,0
42642645,1.100038116,1725.309257,32.09743659,25.31465987,25.31465987,22.3405055,15.10068889,15.10068889,11.22984404,11.22984404,8.097944541,8.097944541,5.28154985,5.28154985,28.86379161,13.97948942,4.390415048,11.43689811,53.28737192,45.33522184,36.39820241,31.50574232,0,20.51746546,18.94745182,632.2446412,0.891304348,1.608695652,2.304347826,0.323529412,-4.81,46,598.392,41249734674,31.18400417,13.67285635,7.026803458,264.1473432,15.23723746,0.492841728,15.23723746,0.239585805,0.066580432,0.239585805,-1.277428589,-0.492841728,5.7724,167.4664,632.664,2,10,1,1,2,3,1,4,8,2,12,0,12,1,1,2,240,29.58102902,16.98172314,23.06575634,11.81435946,0,0,19.47296262,8.780830095,0,0,0,67.79340142,54.72484369,32.44714415,6,37.31735628,34.09205694,0,9.883888252,5.414990469,19.26246487,57.19828986,78.49495594,0,22.99804733,24.84416607,20.15560264,22.99804733,0,68.26296036,14.32593732,17.04943215,19.26246487,66.86051426,0,10.90292493,0,111.25,0,0,0,0,0,0,0,0,28.43732247,84.31267753,0,0,0,0,0,1,0,0,0,0,2,2,0,0,0,2,2,0,0,0,0,0,0,0,0,0,0,2,0,2,0,0,0,0,3,0,1,0,0,0,0,4,0,0,2,0,0,0,0,0,0,0,0,0,0,1,1,0,0,0,0,0,0,0,0,0,0,0,0,0,0,0,0,1,0,0,0,0,0,0,0,0,0,1,0,0.149640302,632.664,5.7724,8,8,2,2,2,0,8,0.235294118,22,3,16,167.4664,51,0,0,0,0,111.25,7.3972024,0.000324508,0.995496979,63.02788521,50.92011435,246,292,0,34,0,4,6,0,0,1,0,0,0,0,0,0,4,0,0,6,4,2,0,0,0,0,0,0,0,0,0,0,0,0,0,0,0,23,46,2,2.8,2,26,0
44182295,2.057999162,1096.436212,22.97432702,16.25445672,19.22845159,14.53082462,9.126850555,11.68876295,7.202833972,10.52548932,5.026651736,7.885530164,3.166757678,5.359166183,56.30759703,26.69556952,0,30.69936298,9.63654934,13.17616461,12.13273414,0,22.59087063,10.03888347,9.843390349,572.0089754,1.193548387,1.870967742,2.419354839,0.368421053,-1.77,31,552.183,8053841.917,23.88397474,8.998531411,4.858040104,190.3582183,14.70233284,0.494359318,14.70233284,0.238284284,0.204393563,0.238284284,-4.225921632,-0.494359318,3.4783,117.5268,572.343,4,7,1,0,1,2,0,2,6,4,12,0,9,1,0,1,170,20.26670635,22.94150522,11.63444168,10.02329115,0,0,4.722094864,21.58904213,0,0,0,60.0524367,9.63654934,30.25505462,3,36.53895987,49.6763206,0,0,0,30.11345371,23.75556297,45.28731307,0,5.749511833,14.77574642,30.23340397,5.749511833,22.59087063,43.19852012,10.02329115,21.02184479,19.26246487,24.26546827,0,0,0,107.89,0,-4.225921632,0,0,0,0,0,0,69.78486981,26.01699782,0,2,2,0,0,0,0,0,0,0,0,0,0,0,0,0,2,0,0,0,0,0,0,0,0,0,0,0,0,3,0,0,0,0,2,0,0,0,0,0,0,1,0,0,4,0,0,0,0,0,0,0,0,0,0,1,0,0,0,0,0,0,0,0,0,0,0,0,0,0,0,0,0,0,0,0,1,0,0,0,0,0,0,0,0,0.343230857,572.343,3.4783,6,6,4,4,4,2,6,0.272727273,15,1,13,117.5268,33,0,2,0,1,107.89,4.627663716,0.000146366,0.912071809,41.96616495,33.87936942,166,200,0,19,0,2,5,0,0,0,0,2,0,0,0,0,1,0,0,3,2,3,0,0,1,0,0,1,0,0,0,0,0,0,0,0,0,12,31,2,1.5,3,19,0
44462758,1.59673551,989.1047091,20.2169677,15.82359635,15.82359635,14.09735679,9.527037195,9.527037195,7.013137661,7.013137661,4.946707522,4.946707522,3.425413411,3.425413411,5.907179729,4.794537184,0,17.64713315,17.45358833,31.37067277,10.99334979,12.39368714,24.26546827,30.79889787,11.46733495,393.2025564,1.172413793,1.965517241,2.724137931,0.315789474,-3.53,29,370.271,6321494.566,18.81576799,8.22988449,4.321353018,167.270014,11.8567233,0.365431324,11.8567233,0.253546823,0.053544769,0.253546823,-0.612671039,-0.365431324,1.5816,109.0457,393.455,6,10,1,0,1,1,2,3,9,4,10,0,6,1,0,1,150,22.10091216,11.38131427,0,5.948339281,5.907179729,0,4.794537184,4.983978521,19.97784836,0,18.90801031,31.04074445,23.9679115,18.08107342,4,4.794537184,23.36076806,0,24.96182688,11.46733495,37.76696815,10.63357721,48.41945048,0,5.687386275,22.10091216,17.45358833,0,0,42.95268827,0,0,36.04127517,42.85599899,0,5.687386275,0,149.66,0,0,0,0,0,0,0,0,0,66.66666667,0,0,0,0,0,5,0,0,0,0,1,1,0,0,0,5,2,2,0,0,0,0,0,0,0,0,0,1,0,3,0,0,0,0,1,0,0,0,0,0,0,0,0,0,0,0,0,0,0,0,0,0,0,0,0,0,0,0,0,0,0,0,0,0,0,0,0,0,0,0,0,1,0,0,0,0,0,0,0,0,0,0,0,0,0,0.492881037,393.455,1.5816,9,9,4,4,4,0,9,0.1875,12,2,7,109.0457,32,0,0,0,0,149.66,3.914579428,0.000267577,0.89149384,39.45666144,31.82984647,152,177,0,19,0,9,1,1,0,0,0,0,0,0,0,0,0,0,0,4,3,0,0,0,0,0,0,0,0,0,0,0,0,0,0,0,0,17,29,1,0.7,0,14,0
44631912,1.433048267,1095.131919,22.07877502,18.71248573,18.71248573,15.59735679,11.38344542,11.38344542,8.773684614,8.773684614,6.360895144,6.360895144,4.678689877,4.678689877,0,4.794537184,0,5.907179729,23.50197088,55.74145658,12.84164325,25.19209727,18.32957771,36.1349107,4.983978521,434.2542576,1.125,1.90625,2.59375,0.47826087,-3.2,32,404.308,38961340.91,20.68875669,8.738936643,3.997802001,187.3967946,12.8533494,0.367740192,12.8533494,0.269550666,0.005020979,0.269550666,-0.005020979,-0.367740192,2.7964,125.6529,434.548,2,9,1,1,2,0,3,3,8,2,9,0,5,1,1,2,168,25.00049632,17.15896799,0,5.948339281,5.907179729,0,4.794537184,9.967957042,4.983978521,0,12.84164325,31.04074445,57.8992782,11.88422985,5,4.794537184,34.3941695,0,29.73573355,0,31.72512732,50.49106792,36.28671634,0,0,15.53348694,17.45358833,0,0,70.60049426,0,0,42.2135925,30.59278835,0,11.03340144,0,91.21,0,0,0,0,0,0,0,0,2.12345739,63.87654261,0,0,0,0,0,4,0,0,0,0,1,1,0,0,0,6,2,0,0,0,0,0,0,0,0,0,0,1,0,3,0,0,0,0,0,0,1,0,0,0,0,0,0,0,0,0,0,0,0,0,0,0,0,0,0,0,0,0,0,0,0,0,0,0,0,0,0,0,0,0,1,0,0,1,0,0,0,0,0,0,0,0,0,0,0,0.638012176,434.548,2.7964,8,8,2,2,2,0,8,0.138888889,10,5,12,125.6529,36,0,0,0,0,91.21,5.372520698,0.00076933,0.994764628,45.77284623,35.85204976,174,208,0,23,0,8,1,0,1,0,0,0,0,0,0,0,0,0,0,5,3,0,0,0,0,0,0,0,0,0,0,0,0,0,0,0,0,16,32,1,1.8,0,19,0
44632017,1.959741404,835.2293411,17.48276318,12.59909581,14.1109537,11.36322776,7.061349586,7.817278532,5.422061382,6.236461635,3.959774653,4.589715441,2.6888273,3.207361836,23.71229711,14.69560176,0,21.29610439,11.31296332,0,19.24253168,24.26546827,0,5.316788604,27.93874273,365.0221633,1.166666667,1.791666667,2.416666667,0.176470588,-2.08,24,353.096,273422.4106,16.76646704,6.089995387,2.645222637,147.6945946,12.50018188,0.49676779,12.50018188,0.261157541,0.128266986,0.261157541,-2.0611828,-0.49676779,3.4147,90.93,366.2,2,5,0,1,1,2,0,2,4,2,7,0,4,0,0,0,124,15.16017895,5.749511833,11.38429576,0,5.907179729,0,9.589074368,0,0,0,23.20187978,36.39820241,16.1495363,24.24063875,3,19.43246472,40.57969073,0,0,0,12.02187243,12.42658615,57.57037202,0,5.749511833,10.05365156,5.687386275,5.749511833,23.20187978,23.90674961,10.395588,0,22.34226179,36.39820241,10.04526663,0,0,75.63,0,12.15951828,0,0,0,0,0,0,0,52.14603727,0,1,0,0,0,0,0,0,0,0,2,2,0,0,0,0,1,0,0,0,0,0,0,0,0,0,0,1,0,1,0,0,0,0,2,0,1,0,0,0,0,1,0,0,2,0,0,0,0,0,0,1,1,0,0,1,0,0,0,0,0,0,0,0,0,0,0,0,0,0,0,0,0,0,0,0,0,0,0,0,0,0,0,0,0,0.813546196,366.2,3.4147,4,4,2,2,2,1,4,0.153846154,15,1,6,90.93,26,0,0,0,0,75.63,4.05245266,0.000737789,0.96798596,30.11036838,22.76224831,130,158,0,17,0,1,4,0,0,0,0,1,0,1,0,0,1,0,0,3,2,0,2,0,0,0,0,0,0,0,0,0,0,0,0,0,0,12,24,2,2.3,0,12,0
46236925,1.410830342,2190.620161,37.42962798,29.15159602,29.15159602,24.79350921,16.88631153,16.88631153,13.30649654,13.30649654,9.71313763,9.71313763,6.816191269,6.816191269,34.81240679,40.22823874,0,80.2230514,11.12690298,23.25963712,0,25.98020854,74.51114508,10.63357721,0,700.2784662,0.519230769,0.865384615,1.211538462,0.19047619,-6.42,52,660.468,2.63177E+11,35.40762517,14.06743656,6.346376395,299.803607,13.52135103,0.506638777,13.52135103,0.255347418,0.039084105,0.255347418,-0.655819278,-0.506638777,7.57744,200.7332,700.788,8,10,0,0,0,6,0,6,8,8,10,0,9,0,0,0,266,41.27274158,11.49902367,22.99804733,0,11.81435946,0,9.589074368,0,0,0,74.51114508,72.20256073,45.76131265,11.12690298,6,40.22823874,33.35925632,0,10.63357721,0,39.53076089,13.08951281,118.3098479,0,45.62397398,10.63357721,0,34.497071,0,55.54303664,0,13.8474744,68.65306981,84.92913896,0,32.67179984,0,179.58,0,0,0,0,0,0,0,0,0,130,0,0,0,0,0,0,0,6,0,0,2,2,0,0,0,0,2,0,0,0,0,0,0,0,0,0,0,2,0,0,2,0,0,0,6,0,2,0,0,0,0,0,0,0,0,0,0,0,0,0,0,0,0,0,0,0,0,0,0,0,0,0,0,0,0,6,6,0,0,0,0,0,0,0,0,0,0,0,0,0,0,0,0,0,0,0.071128616,700.788,7.57744,8,8,8,8,8,0,8,0.157894737,22,0,14,200.7332,57,0,0,0,0,179.58,7.046192423,0.000293203,0.994462396,69.93011126,54.03365229,282,343,0,42,0,2,8,0,0,0,0,0,0,0,0,0,0,0,0,6,6,0,0,0,0,0,0,0,0,0,0,0,0,0,0,0,0,34,52,2,4.6,0,21,0
46843057,1.764917318,952.6798836,19.55167728,14.37783291,16.70618738,12.88424915,8.112704434,9.685129961,6.002883183,8.064353642,4.050644483,5.684582811,2.75414028,4.202344332,0,9.184952232,0,24.31099781,31.91431063,16.90023737,18.32957771,29.92857612,0,10.41547041,28.93554726,426.0484157,1.407407407,2.185185185,2.814814815,0.222222222,-1.93,27,410.196,1334017.085,19.82120271,8.392366797,4.495200226,169.4412417,13.34646824,0.347000889,13.34646824,0.261196799,0.223984683,0.261196799,-0.329706913,-0.347000889,3.8943,106.9536,427.332,3,5,0,0,0,1,2,3,5,2,9,0,6,0,0,0,142,11.05045608,10.15354986,0,0,5.907179729,0,9.476340119,4.390415048,5.098681808,11.33678588,35.33461392,30.18337432,25.19772071,21.79055207,3,9.184952232,40.44584539,0,15.09727335,12.78133946,12.46266245,6.544756406,62.14546077,0,11.25737949,11.05045608,4.390415048,0,34.53866566,28.27426171,13.46849361,5.817220841,15.23513587,36.52867891,9.358962329,11.25737949,0,72.94,0,13.63174994,0,0,0,0,0,0,15.39275951,39.19771278,0,0,0,0,0,2,0,0,0,0,1,1,0,0,0,2,1,1,0,0,0,0,0,0,0,0,0,1,0,0,1,0,0,0,1,0,0,0,0,0,0,0,0,0,3,0,0,0,0,0,0,0,0,0,0,0,0,0,0,0,0,0,0,0,0,0,0,0,0,0,0,0,0,0,0,0,0,0,0,0,0,0,1,0,0,0.627054719,427.332,3.8943,5,5,2,2,2,0,5,0.206896552,14,2,8,106.9536,29,0,0,0,0,72.94,4.778772006,0.000568202,0.985173127,36.79832416,29.66039961,140,164,0,18,0,4,1,1,0,0,0,0,0,0,0,0,0,0,0,3,3,1,2,0,1,0,0,0,0,0,0,0,0,0,0,0,0,16,27,1,2.7,1,12,0
46883536,2.033231458,1252.577931,25.09564736,17.16752764,18.73995317,15.88086585,9.569288997,11.3873168,7.137203261,9.464193642,4.796275713,6.917175948,3.113511725,4.843675728,53.35223072,30.77399436,0,26.86942427,4.305215991,24.5927407,24.26546827,0,0,14.66373672,17.33460737,520.0595166,1.176470588,1.852941176,2.382352941,0.25,-3.03,34,503.756,24804037.97,25.59038366,10.07314382,6.096787215,195.9076559,14.86424299,0.388698356,14.86424299,0.388698356,0.066001486,0.368279691,-4.679666232,-0.368279691,3.9164,112.1442,520.892,2,8,0,0,0,2,1,3,6,1,14,0,9,0,0,0,182,10.25676241,11.85906167,0,28.14851488,0,6.176298517,4.794537184,12.80821203,22.46043966,0,28.89033728,36.75265697,29.11511433,4.895483476,3,35.2970893,27.53141077,0,14.44585777,5.733667477,36.50002247,0,65.26151462,0,11.38785599,5.733667477,17.56166019,0,11.60093989,40.98897383,21.36258474,5.817220841,18.40509474,58.27678739,5.022633314,11.38785599,0,119.39,0,1.189983029,0,0,0,0,0,0,85.14558541,21.94220933,0,0,0,0,0,2,0,0,0,0,1,1,0,0,0,3,0,1,0,0,0,0,0,0,0,3,0,1,0,0,0,0,0,0,2,0,0,0,0,0,0,0,0,0,5,0,0,0,0,0,0,0,0,0,0,0,0,0,0,0,0,0,0,0,0,0,0,0,0,0,0,1,0,0,0,0,1,0,0,0,0,0,0,0,0,0.427091165,520.892,3.9164,6,6,1,1,1,0,6,0.25,21,1,11,112.1442,36,0,2,0,1,119.39,4.450052949,0.00015467,0.77062146,44.57382321,37.85450208,178,206,0,20,0,4,4,0,0,0,0,0,0,0,0,0,0,0,0,3,3,4,1,0,1,0,0,0,0,0,0,0,0,0,0,0,0,17,34,3,0.9,4,16,0
46907787,1.911771957,1185.620027,22.49927104,18.48542185,20.05784738,14.54753251,10.13128666,11.32574771,8.695187702,10.33481839,5.137180834,6.581577082,3.673555702,5.013481026,11.64289164,4.794537184,0,12.39012691,10.84703781,33.22752595,4.877147194,11.33678588,56.52751672,24.04483802,21.33020758,456.1386747,1.161290323,1.838709677,2.483870968,0.391304348,-2.51,31,431.799,7395095.8,21.71183889,7.87596448,4.164514993,190.4950244,12.71203804,0.45987968,12.71203804,0.308462447,0.082801381,0.308462447,-0.569024865,-0.45987968,5.53136,123.741,456.999,0,6,0,1,1,1,2,3,7,0,8,0,3,0,0,0,162,4.736862954,22.46837811,5.824404498,0,0,5.969305288,14.35404156,0,0,21.53414949,23.73367403,59.23860883,21.02668349,12.13250663,4,9.531400138,34.61871606,0,14.76446326,4.992404733,59.60613646,0,62.50441225,0,5.001081977,0,0,0,22.93772577,32.04650437,9.531400138,20.7712116,66.45018472,29.25787301,5.022633314,5.001081977,0,69.37,0,7.816392972,0,0,0,0,0,0,2.029219874,58.3488316,0,0,0,0,0,3,0,0,0,0,1,1,0,0,1,4,0,0,0,0,0,0,0,0,0,0,0,0,0,0,2,0,0,0,1,0,3,0,0,0,1,1,0,0,1,0,0,0,0,0,0,0,0,0,0,0,0,0,0,0,0,0,0,0,0,0,0,0,0,0,0,0,0,0,0,0,0,0,0,0,0,0,1,0,0,0.485543913,456.999,5.53136,7,7,0,0,0,0,7,0.088235294,12,3,11,123.741,34,0,0,0,0,69.37,4.215851557,0.000412816,0.950341442,44.64319777,36.19272689,172,206,0,23,0,4,2,0,0,0,0,0,0,0,0,1,1,0,0,4,3,0,1,0,1,0,0,0,0,0,0,0,0,0,0,0,0,16,31,2,3.1,0,16,0
46926350,1.693082335,970.9597645,20.2169677,16.789836,16.789836,14.19020315,10.36016514,10.36016514,7.539278883,7.539278883,5.605950216,5.605950216,4.067463425,4.067463425,0,10.31378042,0,6.606881965,12.58659724,65.3682563,12.61766519,12.26321064,22.8449756,22.23911734,4.983978521,396.2273741,1.379310345,2.275862069,3.068965517,0.476190476,-2.87,29,368.271,6351258.518,19.4465882,8.649474316,4.119223022,169.9398186,11.54867867,0.618684273,11.54867867,0.184813589,0.185132018,0.184813589,0.185132018,-0.618684273,2.2785,111.7815,396.495,2,8,0,1,1,0,3,3,7,2,8,0,7,0,1,1,154,20.53047875,11.63572556,18.04086436,0,0,0,0,4.983978521,14.34448734,0,6.9237372,38.17047518,48.99787273,6.196843572,4,9.836935037,17.28290278,0,14.59805822,0,51.61444255,23.36833671,53.12378793,0,0,14.94710598,11.63572556,0,0,38.89806482,12.96557803,5.207253025,43.73392667,36.78963192,0,5.647177221,0,92.63,0,0,0,0,0,0,0,0,1.83484064,61.33182603,0,1,1,0,0,4,0,0,0,0,0,0,0,0,0,5,1,0,0,0,0,0,0,0,0,0,0,0,0,2,1,0,0,0,0,0,1,0,0,0,0,0,0,0,0,0,0,0,0,0,0,0,0,0,0,0,0,0,0,0,0,0,0,0,0,0,0,0,0,1,0,0,0,1,0,0,0,0,0,0,0,0,0,0,0,0.470169753,396.495,2.2785,7,7,2,2,2,1,7,0.21875,7,4,11,111.7815,32,0,0,0,0,92.63,4.258596723,0.000347129,0.926299315,42.36837456,33.30331412,152,180,0,21,0,6,2,0,0,0,0,1,0,0,0,0,0,0,0,4,3,0,0,0,0,0,0,0,0,0,0,0,0,0,0,0,0,16,29,0,1.6,0,16,0
46926973,1.420575654,1175.947871,20.92407448,16.70227601,16.70227601,14.58052004,9.491602802,9.491602802,6.942689332,6.942689332,4.559579059,4.559579059,3.164655341,3.164655341,0,4.794537184,0,12.32800135,5.817862778,39.33558995,0,43.2474285,38.11294267,30.23668121,0,396.1698593,0.866666667,1.766666667,2.466666667,0.130434783,-4,30,376.294,8020246.838,19.32223543,8.566329566,4.519757921,173.8720784,12.43814642,0.310416177,12.43814642,0.22950526,0.149575617,0.22950526,-0.149575617,-0.310416177,3.79364,114.5387,396.454,1,7,0,0,0,0,4,4,6,1,7,0,5,0,0,0,148,5.316788604,5.817862778,0,5.907179729,0,0,24.73045127,4.983978521,0,0,6.066367068,49.23984566,47.80504884,24.00552118,4,4.794537184,11.72504251,0,24.9198926,0,20.26829602,5.316788604,84.33372775,0,22.51475897,5.316788604,5.817862778,0,0,30.82707233,11.21535881,13.8474744,16.82083098,67.51289677,0,22.51475897,0,93.55,0,0,0,0,0,0,0,0,0,67,0,0,0,0,0,5,0,0,0,0,1,1,0,0,0,5,1,0,0,0,0,0,0,0,0,0,0,1,0,1,2,0,0,0,0,0,0,0,0,0,0,0,0,0,0,0,0,0,0,0,0,0,0,0,0,0,0,0,0,0,0,0,0,0,0,0,0,0,0,0,0,0,0,3,0,0,0,0,0,0,0,0,0,0,0,0.551540147,396.454,3.79364,6,6,1,1,1,0,6,0.151515152,16,4,6,114.5387,33,0,0,0,0,93.55,5.675914524,0.000787152,0.995065125,40.11793321,32.83741707,156,180,0,23,0,6,1,0,0,0,0,0,0,0,0,0,0,0,0,4,4,0,0,0,0,0,0,0,0,0,0,0,0,0,0,0,0,24,30,1,2.4,0,8,0
46931953,2.415099029,700.0060363,14.86144284,10.05378507,11.68677823,9.379917853,5.302724509,6.935717671,3.773450233,6.136266292,2.319875349,4.785163191,1.396417535,3.584085698,16.55775273,23.68968555,0,25.45244107,6.066367068,35.23140496,12.99010427,0,0,0,0,314.9835415,1.35,2.05,2.6,0.083333333,-1.8,20,308.266,30503.07444,14.60581597,5.67623359,3.020764463,120.1274235,13.54128701,0.294286295,13.54128701,0.294286295,0.061529667,0.293600022,-0.803636149,-0.293600022,4.2883,71.4589,315.322,0,4,0,0,0,1,1,2,5,0,8,0,4,0,0,0,104,0,15.84362086,5.783244946,0,5.687386275,0,14.90885545,8.780830095,0,11.33678588,11.76188495,19.05647134,17.02821761,9.800458243,2,18.49867833,34.56930205,0,0,0,16.02839985,0,50.89137542,0,0,0,14.46821637,0,23.09867083,10.706556,0,21.74875995,16.59542158,33.37013093,0,0,0,60.21,0,1.714084231,0,0,0,0,0,0,26.53134375,36.08790535,0,0,0,0,0,0,0,0,0,0,1,1,0,0,0,1,0,0,0,0,0,0,0,0,0,0,0,0,0,0,0,0,0,0,1,0,0,0,0,0,0,0,0,0,2,0,0,0,0,0,0,1,1,0,0,0,0,0,1,0,0,0,0,0,0,0,0,0,0,0,0,0,0,0,0,0,0,0,0,0,0,0,1,0,0,0.479597321,315.322,4.2883,5,5,0,0,0,0,5,0.19047619,15,1,4,71.4589,21,1,0,0,0,60.21,3.654391749,0.000695853,0.965525999,26.04726927,21.27277056,102,118,0,12,0,1,3,0,0,0,0,0,0,1,0,0,0,0,0,2,2,2,0,0,2,0,0,0,0,0,0,0,0,0,0,0,0,11,20,2,0.7,2,8,0
46943432,1.955744567,1121.056618,21.2503479,17.01633115,17.7722601,14.51157035,9.725856558,10.10382103,6.98192981,7.418365591,5.002957228,5.254933544,3.621775617,3.747763775,6.041840829,4.794537184,0,12.32800135,23.14130605,28.35037876,0,7.109797541,60.87914353,15.51415222,21.33020758,423.1462026,1.2,1.966666667,2.666666667,0.272727273,-3.19,30,401.728,7633122.759,20.09781624,8.277420661,3.681527661,179.309697,12.42603396,0.496741769,12.42603396,0.222121216,0.085698276,0.222121216,-0.484423186,-0.496741769,3.65602,115.7807,423.904,1,7,0,1,1,2,1,3,6,1,8,0,5,0,0,0,154,10.05365156,17.61575716,5.824404498,5.907179729,0,0,14.35404156,0,0,10.19736362,23.73367403,44.17930974,22.6942927,24.92969044,4,9.531400138,23.21980462,0,20.08125187,4.992404733,26.31013685,13.65455395,70.26291477,0,11.43689811,10.05365156,0,5.749511833,11.60093989,40.03788194,4.794537184,6.9237372,42.16211163,47.45697421,5.022633314,5.687386275,0,81.4,0,6.104154118,0,0,0,0,0,0,1.963377093,59.37691323,0,0,0,0,0,3,0,0,0,0,1,1,0,0,1,4,1,0,0,0,0,0,0,0,0,0,0,1,0,0,1,0,0,0,2,0,3,0,0,0,0,1,0,0,1,0,0,0,0,0,0,0,0,0,0,1,0,0,0,0,0,0,0,0,0,0,0,0,0,0,0,0,0,0,0,0,0,0,0,0,0,0,0,0,0,0.678613415,423.904,3.65602,6,6,1,1,1,0,6,0.151515152,14,2,9,115.7807,33,0,0,0,0,81.4,4.309434712,0.000277622,0.922813324,41.57701818,32.1672105,160,192,0,22,0,5,2,0,0,0,0,0,0,0,0,0,1,0,0,4,3,0,1,0,0,0,0,0,0,0,0,0,0,0,0,0,0,17,30,2,2.5,0,14,0
49846579,1.003209207,2563.538281,42.72682862,34.28544737,35.8578729,29.29759664,20.66580222,22.52692994,16.86957253,18.98841055,11.96822863,13.54886543,8.400013009,9.511855994,31.43665168,23.32665244,0,28.33324612,31.15520939,86.99050102,35.03923826,30.46231185,18.19910121,55.78686851,21.0746658,867.3180956,1.032786885,1.803278689,2.557377049,0.377777778,-5.48,61,818.057,4.37625E+13,42.22048453,17.85578962,10.0182371,360.0299266,13.9060685,0.454803279,13.9060685,0.293189778,0.035867292,0.293189778,-4.551966161,-0.454803279,8.6599,237.0478,868.457,3,14,1,2,3,3,2,5,11,3,16,0,13,0,2,2,320,24.67440276,22.83358716,0,0,21.61785716,0,19.80876518,18.12387037,0,0,43.15425296,103.1044972,86.90812388,21.57908959,8,27.60937112,61.20007556,0,19.58996164,11.33289652,50.84706599,62.6990007,117.0270511,0,11.49902367,19.67565615,17.06215882,11.49902367,11.60093989,86.5984569,14.76015411,21.44721478,61.87302268,95.65867997,5.022633314,16.60650597,0,172.03,0,1.686492906,0,0,0,0,0,0,27.32614852,111.931803,0,0,0,0,0,2,1,0,0,0,1,1,0,0,0,4,3,0,0,0,0,1,0,0,0,0,1,1,0,2,0,0,0,0,3,0,1,0,0,0,0,2,0,0,1,0,0,0,0,0,0,0,0,0,0,0,0,0,1,1,0,0,0,0,0,0,0,0,0,0,1,0,0,1,0,0,1,0,0,0,0,0,0,0,0,0.076408097,868.457,8.6599,11,11,3,3,3,0,11,0.191176471,25,5,26,237.0478,68,1,2,0,1,172.03,7.619683709,6.96E-05,0.959647666,83.90649458,69.21230433,334,394,0,45,0,7,7,0,0,1,0,0,0,0,0,0,2,0,0,8,5,0,1,0,1,0,0,0,0,0,0,0,0,0,0,0,0,28,61,5,4.6,0,35,0
51000408,1.910892383,1049.554134,18.73384004,13.87827331,14.69476989,12.34235516,7.638250274,9.529661812,5.605782379,7.621517954,3.625763512,4.754233739,2.289270768,2.91974128,15.74443287,13.21233417,0,16.40727425,16.94476576,6.255769184,18.32957771,36.39820241,6.066367068,15.28474565,5.733667477,368.0943114,1.038461538,1.692307692,2.307692308,0.055555556,-3.26,26,352.29,674031.5835,17.55941929,6.927854212,3.862875652,150.3914451,12.43111246,0.381731444,12.43111246,0.277621332,0.001349403,0.277621332,-3.284831643,-0.381731444,2.3816,99.3854,368.418,3,7,0,0,0,2,1,3,6,2,8,0,4,0,0,0,132,11.05045608,0,21.34904391,0,5.907179729,0,4.794537184,18.38575403,0,0,30.33183534,24.26546827,17.50660695,16.78625504,3,13.21233417,27.24968192,0,9.967957042,0,4.895483476,17.30622526,66.48807518,0,11.25737949,11.05045608,11.50524905,0,0,30.54870294,9.837253136,0,10.48846518,65.68963066,0,11.25737949,0,115.04,0,-3.284831643,0,0,0,0,0,0,23.08985181,48.27831316,0,0,0,1,0,2,0,0,0,0,1,1,0,0,0,2,1,1,0,0,0,0,0,0,0,0,0,1,0,2,0,0,0,0,2,0,0,0,0,0,0,0,0,0,0,0,0,0,0,0,0,0,0,0,0,0,0,0,0,0,0,0,0,0,1,0,0,0,0,0,0,0,0,0,0,0,0,1,0,0,0,0,0,0,0,0.730475836,368.418,2.3816,6,6,2,2,2,0,6,0.142857143,14,1,3,99.3854,28,0,2,0,1,115.04,4.708420124,0.00053748,0.980566602,33.62948154,27.9463093,136,157,0,18,0,4,3,0,0,0,0,0,0,0,0,0,0,0,0,3,3,0,0,0,1,0,0,0,0,0,0,0,0,0,0,0,0,18,26,3,1.3,0,7,0
51001932,1.5336814,1391.857341,24.19794165,19.98000747,19.98000747,16.14590418,11.28223608,11.28223608,9.320334031,9.320334031,6.135870231,6.135870231,4.024361124,4.024361124,11.44610498,4.794537184,0,6.041840829,13.15163837,45.6070078,0,24.72612091,42.19832848,33.59591618,15.45450895,460.2335221,1.147058824,1.941176471,2.676470588,0.375,-3.95,34,432.318,56852534.37,21.87270609,7.823849204,3.548697395,196.9341285,11.80016934,0.49093772,11.80016934,0.244330687,0.177168435,0.244330687,-0.920153415,-0.49093772,3.17422,127.0334,460.542,2,10,0,1,1,1,3,4,9,1,10,0,5,0,0,0,176,15.03763008,35.23805604,5.824404498,5.907179729,0,0,9.476340119,14.64975998,10.19736362,0,6.066367068,52.31487163,23.99897946,18.30505147,5,9.531400138,5.907179729,0,34.09602618,5.733667477,52.74420849,6.606881965,42.61403642,0,39.7826033,10.47053043,0,5.749511833,0,46.61008787,16.87821884,6.9237372,39.56119413,36.78963192,0,34.03309147,0,118.67,0,0,0,0,0,0,0,0,5.592522678,69.49081066,0,0,0,0,0,7,0,0,0,0,1,1,0,0,0,7,0,1,0,0,0,0,0,0,0,0,0,1,0,0,1,0,0,0,1,0,3,0,0,0,0,1,0,0,0,0,0,1,0,0,0,0,0,0,0,0,0,0,0,0,0,0,0,0,0,0,0,0,0,0,0,1,0,0,0,0,0,0,0,0,0,0,0,0,0,0.48860193,460.542,3.17422,9,9,1,1,1,0,9,0.131578947,14,4,9,127.0334,38,0,0,0,0,118.67,5.590686449,0.000587147,0.99328676,47.21917475,36.81452777,192,234,0,24,0,8,2,0,0,0,0,0,0,0,0,0,1,0,0,5,4,0,0,0,0,0,0,0,0,0,0,0,0,0,0,0,0,21,34,1,1.6,0,16,0
51039095,1.333510406,1079.628808,24.07877502,20.22110188,20.22110188,16.42738659,11.61856739,11.61856739,8.8740799,8.8740799,6.018927303,6.018927303,4.393162739,4.393162739,0,4.794537184,0,5.907179729,23.46499593,54.37494549,0,14.21959508,48.53093655,39.57832495,9.473725908,463.2583399,1,1.647058824,2.264705882,0.384615385,-3.52,34,430.318,56288124.99,23.6319208,10.60684026,5.87962837,200.1995562,12.71907429,0.496614197,12.71907429,0.25636248,0.176686074,0.25636248,-0.176686074,-0.496614197,3.651,134.2096,463.582,3,8,0,1,1,2,1,3,6,3,8,0,8,0,1,1,180,25.00721285,11.49902367,5.817862778,0,5.907179729,0,9.893218992,0,5.098681808,0,0,68.65077155,54.25069437,14.21959508,4,14.26826309,17.41242878,0,15.51415222,0,38.7727993,37.52580623,65.35176753,0,11.49902367,25.00721285,11.50524905,11.49902367,0,55.4973329,12.84164325,0,35.46284256,48.53093655,0,0,0,91.51,0,0,0,0,0,0,0,0,0,72.5,0,0,0,0,0,2,1,0,0,0,1,1,0,0,0,2,3,0,0,0,0,1,0,0,0,0,0,1,0,2,2,0,0,0,2,0,0,0,0,0,0,2,0,0,0,0,0,0,0,0,0,0,0,0,0,2,0,0,0,0,0,0,0,0,0,0,0,0,0,0,1,0,0,0,0,0,0,0,0,0,0,0,0,0,0,0.472414337,463.582,3.651,6,6,3,3,3,0,6,0.216216216,7,2,12,134.2096,37,0,0,0,0,91.51,5.828507524,0.000327346,0.983471248,51.79808276,43.50153779,176,203,0,26,0,5,3,0,1,0,0,0,0,0,0,0,2,0,0,4,3,0,0,0,0,0,0,0,0,0,0,0,0,0,0,0,0,17,34,1,2.5,0,19,0
51042438,1.761226473,999.6819257,20.42192077,14.67844711,16.190305,13.29493275,8.218353337,8.974282283,6.121423798,6.871909511,4.145628029,4.702976318,2.756807967,3.251740572,23.58346224,13.57536728,0,23.94525469,21.84346429,12.13273414,23.01138064,7.047671983,0,10.41547041,33.35269819,428.0618376,1.321428571,2.071428571,2.678571429,0.222222222,-2.42,28,413.126,1994854.821,20.31775755,8.299375123,4.187803132,168.7607431,13.36683861,0.438799533,13.36683861,0.286858843,0.013375811,0.286858843,-0.962859268,-0.438799533,3.5649,101.3006,429.254,3,6,0,0,0,1,2,3,5,2,10,0,6,0,0,0,148,15.46760702,0,17.3946891,5.219429241,5.907179729,0,9.476340119,8.780830095,5.098681808,0,17.66730696,35.71794714,25.70063629,22.47685637,3,17.99251822,29.10905951,0,15.09727335,12.78133946,12.46266245,6.544756406,63.66251499,0,11.25737949,11.05045608,8.780830095,0,23.20187978,28.27426171,13.46849361,11.63444168,16.11823609,34.87946278,10.24206255,11.25737949,0,86.08,0,12.21183447,0,0,0,0,0,0,33.27026148,32.0734596,0,0,0,0,0,2,0,0,0,0,1,1,0,0,0,2,1,1,0,0,0,0,0,0,0,0,0,1,0,0,1,0,0,0,1,0,0,0,0,0,0,0,1,0,4,0,0,0,0,0,0,0,0,0,0,0,0,0,0,0,0,0,0,0,0,0,0,0,0,0,0,0,0,0,0,0,0,0,0,0,0,0,0,0,0,0.627667579,429.254,3.5649,5,5,2,2,2,0,5,0.2,16,2,9,101.3006,30,0,0,0,0,86.08,5.297264069,0.00081308,0.994506539,37.70401873,30.23353531,146,172,0,18,0,4,2,1,0,0,0,0,0,0,0,0,0,0,0,3,3,2,2,0,0,0,0,0,0,0,0,0,0,0,0,0,0,16,28,1,2,2,13,0
52913813,1.847742473,1232.173294,23.69794165,18.65322831,18.65322831,15.72325445,10.6147098,10.6147098,8.214195466,8.214195466,5.532441439,5.532441439,3.879962092,3.879962092,17.67628251,18.36990446,0,22.40958061,48.89738207,6.066367068,29.165378,27.08544823,4.899909731,5.316788604,9.154013891,457.1813127,1.060606061,1.727272727,2.363636364,0.333333333,-3.46,33,432.277,22240157.02,22.72392417,9.187181507,4.826117415,189.0908163,13.69864432,0.43990034,13.69864432,0.25287228,0.226083315,0.25287228,-0.715527839,-0.43990034,3.7827,121.9292,457.477,1,7,0,1,1,2,1,3,6,1,9,0,5,0,1,1,174,24.27062196,17.21746182,11.31297259,0,5.907179729,0,9.589074368,8.780830095,0,0,0,31.18920547,56.13188017,24.64182897,4,22.72938117,28.44799256,0,4.899909731,0,12.96557803,50.61531904,69.38287465,0,0,15.64548873,20.35239857,0,0,51.20571017,4.736862954,11.63444168,28.8870182,45.60989053,0,10.96924436,0,75.02,0,0,0,0,0,0,0,0,33.56936346,51.93063654,0,0,0,0,0,0,0,0,0,0,1,1,0,0,0,2,1,0,0,0,0,0,0,0,0,0,0,1,0,2,0,0,0,0,2,0,1,0,0,0,0,1,0,0,2,0,0,0,0,0,0,0,0,0,0,0,1,0,0,0,0,0,0,0,0,0,0,0,0,0,0,0,0,0,0,0,0,0,0,0,0,0,0,0,0,0.628657038,457.477,3.7827,6,6,1,1,1,0,6,0.138888889,14,2,12,121.9292,36,0,0,0,0,75.02,4.637307262,0.000134403,0.867075308,46.73251082,37.83672124,176,208,0,24,0,3,4,0,0,0,0,0,0,0,0,0,1,0,0,4,3,2,0,0,0,0,0,0,0,0,0,0,0,0,0,0,0,17,33,2,1.9,2,17,0
52918385,2.260386537,235.5216099,10.18179828,8.530914728,8.530914728,6.742347377,5.135616163,5.135616163,4.248283764,4.248283764,3.574419315,3.574419315,2.730266208,2.730266208,5.538925252,9.901064579,0,18.30803296,6.606881965,25.93115606,0,7.109797541,0,4.899909731,4.736862954,199.1208434,1.571428571,2.214285714,2.642857143,0.9,-0.45,14,182.114,2045.472022,10.08093374,3.60506538,1.213346712,83.8412025,12.04824074,0.393871338,12.04824074,0.160487287,0.114907407,0.160487287,-0.726273148,-0.393871338,-0.3414,50.9968,199.25,1,4,0,3,3,0,0,0,4,1,4,0,3,0,3,3,80,9.843390349,5.538925252,5.783244946,0,0,0,9.694446915,0,0,0,0,25.93115606,13.02770359,13.21376393,3,14.63792753,5.783244946,0,4.899909731,5.917906046,18.3805685,33.41307428,0,0,0,0,0,0,0,54.74168161,9.531400138,5.917906046,12.84164325,0,0,0,0,49.77,0,0,0,0,0,0,0,0,0,33.75,0,1,1,0,0,0,0,0,0,0,1,1,0,0,0,1,0,0,0,0,0,0,0,0,0,0,0,0,0,0,0,0,0,0,0,0,3,0,0,0,0,1,0,0,0,0,0,0,0,0,0,1,1,0,0,1,0,0,0,0,0,0,0,0,0,0,0,0,0,3,0,0,0,0,0,0,0,0,0,0,0,0,0,0,0,0.675248489,199.25,-0.3414,4,4,1,1,1,1,4,0.2,-1,3,8,50.9968,15,0,0,0,0,49.77,2.221059268,0.002755119,0.88646152,21.75201079,15.67213769,74,92,0,10,0,1,3,0,0,1,0,1,0,1,0,0,1,0,0,3,0,0,0,0,0,0,0,0,0,0,0,0,0,0,0,0,0,0,14,1,0.5,0,14,0
53440640,1.836662625,989.1075379,17.81119031,13.69191341,13.69191341,12.0417139,7.851939767,7.851939767,5.729267203,5.729267203,3.967750177,3.967750177,2.662008014,2.662008014,5.969305288,14.69560176,0,17.1580175,0,21.90900445,12.14238718,18.19910121,49.38830668,5.316788604,0,331.1208434,0.92,1.6,2.36,0.047619048,-3.4,25,314.235,499554.3253,16.45751221,7.009722222,3.749040485,144.9724095,12.25417438,0.477583332,12.25417438,0.337311268,0.062600188,0.337311268,-1.077656734,-0.477583332,4.58,99.63,331.371,2,4,0,0,0,3,0,3,2,2,4,0,4,0,0,0,124,10.423316,0,0,5.907179729,0,5.969305288,4.794537184,4.794537184,0,0,48.53093655,47.03184286,6.076020107,11.25083777,3,14.69560176,33.90942425,0,0,0,6.9237372,5.316788604,83.93296084,0,0,5.316788604,5.687386275,0,0,16.98301241,4.794537184,0,22.84517737,72.80605786,0,16.34555296,0,66.4,0,0,0,0,0,0,0,0,0,61.83333333,0,0,0,0,1,0,0,0,1,1,2,1,0,0,0,0,1,0,0,0,0,0,0,0,0,0,1,1,0,1,0,0,0,0,3,0,1,0,0,0,0,0,0,0,0,0,0,0,0,0,0,0,0,0,0,0,0,0,0,0,0,0,0,0,1,0,0,0,0,0,0,0,0,0,0,0,0,0,0,0,0,0,0,0,0,0.687718094,331.371,4.58,2,2,2,2,2,0,2,0.148148148,12,0,4,99.63,27,0,0,0,0,66.4,4.655851684,0.001361703,0.995100394,32.62156239,26.36399043,128,148,0,21,0,1,3,0,0,0,0,0,0,0,1,0,0,0,0,3,3,0,0,0,0,0,0,0,0,0,0,0,0,0,0,0,0,17,25,3,2.7,0,7,0
53469448,1.426199834,1392.87143,23.32769817,17.72581913,17.72581913,15.71936526,10.37455439,10.37455439,8.124977404,8.124977404,5.979517839,5.979517839,4.409494239,4.409494239,11.73975001,17.96578233,0,12.32800135,24.3468923,45.54387632,12.39368714,10.9662768,36.01071641,9.967957042,5.733667477,451.1619949,1.151515152,1.96969697,2.757575758,0.208333333,-3.88,33,431.292,37098681.99,20.99139723,7.613526657,3.688503717,187.0273581,12.99256027,0.415919696,12.99256027,0.415919696,0.094933868,0.383013702,-4.438742942,-0.383013702,4.3681,119.5624,451.452,2,6,0,1,1,2,2,4,5,1,9,0,3,0,0,0,168,15.20067686,17.79236007,0,5.907179729,0,6.176298517,4.794537184,9.967957042,13.17124514,0,24.26546827,41.3102773,31.04010973,17.37049733,5,17.96578233,28.44583022,0,14.53505669,7.047671983,19.01794176,17.17833361,71.6790876,0,11.12690298,10.63357721,24.6764942,0,0,26.98699282,30.86015093,0,16.69035448,54.98873313,0,22.16030442,0,77.04,0,0,0,0,0,0,0,0,40.86739129,46.54927538,0,0,0,1,0,3,0,0,0,0,1,1,0,0,0,4,0,1,0,0,0,0,0,0,0,3,0,1,0,2,1,0,0,0,2,0,2,0,0,0,0,0,0,0,3,0,0,0,0,0,0,0,0,0,0,0,0,0,0,0,0,0,0,0,0,0,0,0,0,0,0,0,0,0,0,0,0,0,0,0,0,0,0,0,0,0.501985937,451.452,4.3681,5,5,1,1,1,0,5,0.081081081,21,3,9,119.5624,37,0,0,0,0,77.04,5.530407054,0.000801776,0.995855608,40.72625392,31.59044302,186,225,0,24,0,5,1,0,0,0,0,0,0,0,0,0,0,0,0,5,4,3,0,0,0,0,0,0,0,0,0,0,0,0,0,0,0,22,33,1,2.3,3,14,0
56645356,1.774695261,1152.791672,24.07877502,19.70694576,19.70694576,16.43556075,11.85060834,11.85060834,8.948615446,8.948615446,6.525459798,6.525459798,4.673953316,4.673953316,11.85906167,13.97948942,0,24.40095669,11.51179077,36.81018948,23.45346549,29.09352093,38.11294267,10.30076712,0,462.2431045,1.117647059,1.882352941,2.558823529,0.37037037,-3.48,34,431.321,56915271.11,23.67059723,10.63316447,5.35334708,199.3561211,14.2975636,0.351262356,14.2975636,0.247563155,0.012463861,0.247563155,-0.929394369,-0.351262356,4.86244,129.7857,462.569,1,6,1,0,1,2,1,3,4,1,7,0,7,1,0,1,178,9.883888252,24.22822257,0,11.81435946,0,0,14.4889841,9.374393569,0,0,49.59430021,56.01512183,24.12291425,0,4,13.97948942,17.50174573,0,14.86786677,0,64.58002058,4.899909731,83.69315201,0,0,10.21669833,10.07780132,0,0,27.40727846,16.13383077,19.66469524,55.09725643,60.92462369,0,0,0,67.23,0,0,0,0,0,0,0,0,16.0223465,62.81098684,0,0,0,0,0,2,0,0,0,0,2,2,0,0,0,3,1,0,0,0,0,0,0,0,0,0,0,2,0,1,2,0,0,0,2,0,0,0,0,0,0,0,0,0,1,0,0,1,0,0,0,0,0,0,0,0,0,0,0,0,0,0,0,0,0,0,0,0,0,0,0,0,0,0,0,0,0,0,0,0,0,0,0,0,0,0.545179265,462.569,4.86244,4,4,1,1,1,0,4,0.189189189,9,1,13,129.7857,37,0,0,0,0,67.23,4.14986186,0.000264525,0.83194921,49.48904912,40.07654765,176,206,0,27,0,4,2,0,0,0,0,0,0,0,0,0,0,0,0,4,3,1,0,0,0,0,0,0,0,0,0,0,0,0,0,0,0,17,34,2,3.2,1,18,0
56649450,1.842963182,973.3197515,22.26722023,16.70835077,17.52484735,13.91372236,9.295453324,10.1119499,7.670010641,8.669081407,5.223706753,6.345642728,3.245381034,4.197812877,29.57142406,22.76031951,0,10.82548647,35.52092633,25.18426028,17.16312037,12.99010427,0,15.28474565,5.733667477,441.1446306,1.333333333,2.033333333,2.666666667,0.473684211,-2.69,30,419.303,3799474.527,22.00552628,7.858788056,4.112286897,175.0459256,13.38165453,0.398905489,13.38165453,0.398905489,0.104396015,0.367880832,-4.451192116,-0.367880832,3.83502,107.1041,441.479,3,7,0,1,1,0,2,2,5,2,11,0,4,0,1,1,162,10.63357721,11.4568313,5.13155848,5.907179729,0,12.20741303,15.09530431,9.778515705,13.17124514,0,11.33678588,51.30904047,12.74159998,16.26500318,3,22.76031951,28.4066386,0,14.86786677,5.733667477,51.24598466,11.86154501,29.7174337,0,10.44059869,11.05045608,23.09734081,0,11.33678588,45.56905677,10.20952765,6.9237372,38.07697363,18.32957771,0,10.44059869,0,101.21,0,1.141240788,0,0,0,0,0,0,40.1449636,45.04712895,0,0,0,0,0,2,0,0,0,0,2,2,0,0,0,3,1,1,0,0,1,0,0,0,0,3,0,3,0,1,1,0,0,0,0,0,0,0,0,0,0,0,0,0,3,0,0,0,0,0,0,0,0,0,0,0,0,0,0,0,0,0,0,0,0,0,0,0,0,0,0,1,0,1,0,0,0,0,0,0,1,0,0,0,1,0.752828089,441.479,3.83502,5,5,2,2,2,0,5,0.125,12,3,12,107.1041,32,0,0,0,0,101.21,5.046264201,0.000844812,0.994258319,42.42577217,34.67262688,162,193,0,19,0,5,2,0,0,0,0,0,0,0,0,0,0,0,0,3,2,3,0,0,1,0,0,0,0,0,0,0,0,0,0,0,0,11,30,2,1,3,19,0
56941241,1.931397094,1354.026949,22.66456146,17.27126471,18.02719365,15.4567288,10.09495496,10.47291943,7.2968864,7.704086526,5.258178935,5.570887943,3.777871576,4.059159909,5.969305288,9.184952232,0,5.817220841,11.44345494,50.37896007,12.13273414,18.33923075,43.32193961,16.26373069,16.70746729,446.1197338,1.09375,1.84375,2.53125,0.076923077,-3.7,32,426.749,21951342.13,21.52896018,9.201904887,4.479977593,189.2244643,13.7155184,0.478073604,13.7155184,0.327821185,0.351621158,0.327821185,-0.997873209,-0.478073604,6.8223,126.8225,446.909,2,4,0,0,0,3,1,4,2,2,6,0,6,0,0,0,160,5.106527395,5.817220841,0,0,0,5.969305288,5.098681808,9.184952232,5.098681808,0,54.9228795,70.16232503,11.46224432,16.7361776,4,14.29147963,45.69539928,0,10.19736362,0,13.34455882,0,106.0301945,0,0,0,4.390415048,0,11.60093989,21.2731963,4.794537184,5.817220841,35.59836479,72.93653436,5.022633314,28.1251541,0,65.98,0,6.441843716,0,0,0,0,0,0,13.7155184,58.28708233,1,0,0,0,0,2,1,0,1,1,1,0,0,0,0,1,1,0,0,0,0,1,0,0,0,0,1,0,0,0,0,0,0,0,3,0,1,0,0,0,0,0,0,0,2,0,0,0,0,0,0,0,0,0,0,0,0,0,0,0,0,0,0,0,0,0,0,0,0,0,0,0,0,0,0,0,0,0,0,0,0,0,0,0,0,0.251977649,446.909,6.8223,2,2,2,2,2,0,2,0.171428571,18,1,7,126.8225,35,0,0,0,0,65.98,4.533034088,0.00016804,0.8835495,41.13208689,32.48848611,168,198,0,26,0,2,2,0,0,0,0,0,0,0,1,0,0,0,0,4,4,1,1,0,0,0,0,0,0,0,0,0,0,0,0,0,0,22,32,3,4,1,10,0
56962336,1.274503852,1255.025218,28.319262,23.33375878,23.33375878,18.45141606,13.43474985,13.43474985,11.41597059,11.41597059,7.21264454,7.21264454,4.810024671,4.810024671,24.53980033,15.00759197,0,17.48794581,42.90635505,5.687386275,11.89077157,16.83031029,24.26546827,60.12012998,10.47053043,539.3220028,1.153846154,1.871794872,2.538461538,0.535714286,-3.25,39,498.353,393865705.7,28.75029136,11.86856974,6.670448317,228.924816,12.35758494,0.387462378,12.35758494,0.31873509,0.057329668,0.31873509,-1.126269773,-0.387462378,2.8524,151.3534,539.681,6,11,0,1,1,1,2,3,9,5,11,0,9,0,1,1,212,35.88426208,36.10425924,6.227901171,0,0,6.031114512,4.899909731,14.76249423,0,0,32.90394574,49.44583919,37.56033989,5.386224214,4,19.74445493,28.569765,0,24.75175502,0,77.03613925,30.6847253,48.41945048,0,0,16.36724469,16.29978624,0,0,79.66714493,10.15185342,0,52.83086028,42.85599899,0,11.03340144,0,150.79,0,0,0,0,0,0,0,0,1.680724865,87.7359418,0,2,2,1,0,3,0,0,0,0,1,1,0,0,0,4,2,1,0,0,0,0,0,0,0,0,0,2,0,2,0,0,0,0,1,0,1,0,0,0,0,1,0,0,0,0,0,0,0,0,0,0,0,0,0,0,0,0,0,0,0,0,0,0,0,0,0,0,0,0,0,0,0,0,0,0,0,0,0,0,0,0,0,1,1,0.260538222,539.681,2.8524,9,9,5,5,5,2,9,0.214285714,4,3,16,151.3534,42,0,0,0,0,150.79,5.914950138,0.000408192,0.990503476,60.09315687,50.11180201,206,242,0,28,0,7,4,0,0,1,0,2,0,0,0,0,1,0,0,4,3,0,0,0,0,0,0,0,0,0,0,0,0,0,0,0,0,16,39,1,1.9,0,25,0
56962337,1.295443381,1308.47058,29.18950549,23.63437298,25.22036952,18.86209967,13.54039875,14.33339702,11.53859466,12.39293156,7.264990493,7.866240901,4.870293801,5.471321786,24.53980033,15.00759197,0,17.48794581,47.37907457,5.687386275,11.89077157,10.76394322,24.26546827,76.05007388,10.47053043,617.2325149,1.2,1.9,2.55,0.535714286,-2.77,40,578.257,552340056.8,30.19462492,12.39560973,6.744966251,242.7923636,12.3781745,0.387462378,12.3781745,0.31873509,0.054503029,0.31873509,-1.152288291,-0.387462378,3.6149,159.0534,618.577,6,11,0,1,1,1,2,3,9,5,12,0,9,0,1,1,218,35.88426208,36.10425924,6.227901171,0,0,6.031114512,4.899909731,14.76249423,0,0,32.90394574,59.30941602,42.03305941,5.386224214,4,19.74445493,44.4997089,0,24.75175502,0,77.03613925,30.6847253,46.82580293,0,0,16.36724469,16.29978624,0,15.9299439,79.66714493,10.15185342,0,52.83086028,41.26235144,0,11.03340144,0,150.79,0,0,0,0,0,0,0,0,2.348299524,86.00947284,0,2,2,1,0,3,0,0,0,0,1,1,0,0,0,4,2,1,0,0,0,0,0,0,0,0,0,2,0,2,0,0,0,0,1,0,1,0,0,0,0,1,0,0,1,0,0,0,0,0,0,0,0,0,0,0,0,0,0,0,0,0,0,0,0,0,0,0,0,0,0,0,0,0,0,0,0,0,0,0,0,0,0,1,1,0.228417446,618.577,3.6149,9,9,5,5,5,2,9,0.209302326,6,3,17,159.0534,43,0,0,0,0,150.79,7.066580592,0.00041307,0.996411152,61.06296447,50.71602427,212,250,0,28,0,7,4,0,0,1,0,2,0,0,0,0,1,0,0,4,3,0,0,1,0,0,0,0,0,0,0,0,0,0,0,0,0,16,40,1,2.5,0,26,0
57345410,1.055530952,1519.239794,29.05131281,24.52704446,24.52704446,19.4902222,14.68751576,14.68751576,13.11514118,13.11514118,8.918665709,8.918665709,6.350613237,6.350613237,24.53980033,10.21305479,0,17.27469408,29.66838122,42.54109242,18.21809164,4.567099648,0,77.65361102,15.45450895,562.3379872,1.146341463,1.926829268,2.658536585,0.6,-3.12,41,520.383,1459290236,28.02091042,10.6145907,5.314983148,239.7177435,10.93700735,0.387462369,10.93700735,0.167138499,0.109735089,0.167138499,-1.111085284,-0.387462369,3.3233,157.1277,562.719,5,11,1,1,2,1,3,4,10,4,11,0,8,1,1,2,220,25.66756374,35.98032445,17.69294117,0,0,0,9.467009379,19.93591408,0,0,26.83757867,62.13902141,25.04925969,17.36072151,6,14.94991774,28.01514215,0,34.38690198,5.917906046,102.340445,12.27842388,42.24159734,0,0,5.733667477,5.817862778,0,0,81.540294,16.57267505,5.917906046,71.49690803,30.85374135,0,22.19727937,0,151.23,0,0,0,0,0,0,0,0,1.627325132,86.12267487,0,2,2,1,0,6,1,0,0,0,0,0,0,0,0,6,1,1,0,0,0,1,0,0,0,0,0,0,0,1,1,0,0,0,1,0,2,0,0,0,0,1,0,0,0,0,0,2,0,0,0,0,0,0,0,0,0,0,0,0,0,0,0,0,0,0,0,0,0,0,0,0,0,0,0,0,0,0,0,0,0,0,0,0,0,0.253422329,562.719,3.3233,10,10,4,4,4,2,10,0.173913043,9,5,20,157.1277,46,0,0,0,0,151.23,6.880045527,0.000381658,0.994960466,59.16107905,47.10628187,232,281,0,30,0,8,3,0,0,1,0,2,0,0,0,0,1,0,0,6,4,0,0,0,0,0,0,0,0,0,0,0,0,0,0,0,0,20,41,0,2.4,0,26,0
57519544,1.380938328,1104.890731,20.053831,16.1700363,16.1700363,14.16983643,9.495544476,9.495544476,6.92682518,6.92682518,4.712131812,4.712131812,3.21027588,3.21027588,0,4.794537184,0,5.907179729,6.420821623,39.19857173,0,6.196843572,86.0474621,21.35111271,0,379.1684623,0.827586207,1.551724138,2.24137931,0.08,-3.79,29,358.295,5648641.789,18.56762055,8.483037479,4.737088122,169.8481923,12.4069698,0.325807924,12.4069698,0.228293696,0.035524691,0.228293696,-0.035524691,-0.325807924,5.30022,116.4167,379.463,1,4,0,0,0,2,2,4,3,1,4,0,5,0,0,0,142,5.316788604,0,0,5.907179729,0,0,14.76249423,0,0,0,42.46456948,65.07283,29.97184498,6.420821623,4,4.794537184,11.594566,0,9.967957042,0,13.34455882,5.316788604,102.644315,0,22.25380597,5.316788604,5.687386275,0,0,15.87513677,11.21535881,6.9237372,11.25737949,91.38693554,0,22.25380597,0,54.88,0,0,0,0,0,0,0,0,0,62.33333333,0,0,0,0,0,2,0,0,0,0,1,1,0,0,0,2,1,0,0,0,0,0,0,0,0,0,0,1,0,1,1,0,0,0,2,0,0,0,0,0,0,0,0,0,0,0,0,0,0,0,0,0,0,0,0,0,0,0,0,0,0,0,0,0,0,0,0,0,0,0,0,0,0,2,0,0,0,0,0,0,0,0,0,0,0,0.511828797,379.463,5.30022,3,3,1,1,1,0,3,0.15625,14,2,6,116.4167,32,0,0,0,0,54.88,5.863486886,0.001135482,0.997578597,37.96359866,31.1327893,150,172,0,25,0,3,1,0,0,0,0,0,0,0,0,0,0,0,0,4,4,0,0,0,0,0,0,0,0,0,0,0,0,0,0,0,0,24,29,1,3.7,0,7,0
59472121,1.633004907,1362.24242,23.58721119,18.60994396,19.42644054,15.79006213,10.47172642,12.0180459,7.910887807,10.41511991,5.274161064,7.444597177,3.326710002,4.386480882,15.08719117,8.417796984,0,10.71334625,28.4054829,12.1082079,5.563451492,50.37615331,31.31314026,20.4414089,10.25676241,463.1678107,1,1.636363636,2.272727273,0.208333333,-3.56,33,438.363,32886692.08,22.62743358,9.126190651,4.642649658,192.3471771,12.3670482,0.381784527,12.3670482,0.189162034,0.212799829,0.189162034,-3.346246859,-0.381784527,3.9493,127.8989,463.563,3,8,0,0,0,2,2,4,8,2,9,0,7,0,0,0,170,15.57355102,5.693927995,27.10929133,0,0,0,0,18.38575403,0,0,41.55486567,38.59133201,23.73802646,22.03619307,4,12.94089192,15.65511591,0,20.4414089,0,30.53765231,12.78133946,66.35759868,0,33.96893439,11.05045608,5.817862778,0,0,35.8400273,16.38200954,0,19.41092589,70.2127256,0,33.96893439,0,124,0,-3.346246859,0,0,0,0,0,0,30.25464538,50.84160148,0,0,0,1,0,3,0,0,0,0,0,0,0,0,0,3,1,1,0,0,0,0,0,0,0,0,0,0,0,1,0,0,0,0,2,0,0,0,0,0,0,0,0,0,0,0,0,0,0,0,0,0,0,0,0,0,0,0,0,0,0,0,0,0,0,0,0,0,0,0,0,0,0,0,0,0,0,1,0,0,0,0,0,0,0,0.422151463,463.563,3.9493,8,8,2,2,2,0,8,0.194444444,14,2,7,127.8989,36,0,2,0,1,124,6.126339431,0.000682227,0.99645222,45.39522731,36.24362961,176,209,0,24,0,5,3,0,1,0,0,0,0,0,0,0,0,0,0,4,4,0,0,0,1,0,0,0,0,0,0,0,0,0,0,0,0,23,33,2,2.2,0,11,0
59473233,1.334289525,1349.658934,20.6227451,16.82359635,16.82359635,15.33163248,10.30432683,10.30432683,7.576195326,7.576195326,5.618059242,5.618059242,3.964847371,3.964847371,0,0,0,0,5.817862778,59.79814465,5.687386275,6.196843572,29.05759239,61.79624288,9.720841475,411.1807583,1.032258065,1.903225806,2.774193548,0.173913043,-3.91,31,390.301,40565850.48,17.90678953,7.406585163,3.363814942,178.0591528,5.44689897,0.37777782,5.44689897,0.179944089,0.714194591,0.179944089,0.714194591,-0.37777782,3.8528,120.8314,411.469,2,8,0,1,1,2,3,5,7,2,8,0,4,0,1,1,154,19.35425589,0,11.46504,0,0,0,5.098681808,9.967957042,5.098681808,0,12.13273414,30.33183534,54.00449178,30.62123621,6,4.736862954,33.74273748,0,24.56601526,0,0,36.51997508,67.25194377,0,11.25737949,10.21669833,17.19263533,0,0,50.86929201,4.736862954,0,0,67.25194377,0,27.80748164,0,83.37,0,0,0,0,0,0,0,0,1.990001991,60.84333134,0,0,0,0,0,5,1,0,0,0,0,0,0,0,0,5,2,0,0,0,0,1,0,0,0,0,0,0,0,3,0,0,0,0,2,0,2,0,0,0,0,1,0,0,0,0,0,1,0,0,0,0,0,0,0,0,1,0,0,0,0,0,0,0,0,0,0,0,0,0,0,0,0,0,0,0,0,0,0,0,0,0,0,0,0,0.467385318,411.469,3.8528,7,7,2,2,2,0,7,0.111111111,20,4,6,120.8314,36,0,0,0,0,83.37,4.880499336,0.000260571,0.955464496,37.93537893,28.74499704,174,209,0,23,0,7,1,0,0,0,0,0,0,0,0,0,1,0,0,6,5,0,0,0,0,0,0,0,0,0,0,0,0,0,0,0,0,26,31,0,2.1,0,10,0
60167849,1.531572562,1084.823377,20.2169677,16.87137799,16.87137799,14.11419354,9.740232257,9.740232257,7.334804812,7.334804812,4.878788288,4.878788288,3.253116405,3.253116405,0,0,0,0,12.46266245,34.02000803,5.563451492,10.87864651,37.51652555,64.79214377,4.983978521,384.2062448,1.034482759,1.827586207,2.551724138,0.217391304,-3.54,29,360.295,6785786.508,18.80622004,8.223576019,4.160262006,170.2118895,4.814250542,0.365655586,4.814250542,0.161292436,0.412975469,0.161292436,0.412975469,-0.365655586,4.76822,114.9797,384.487,1,6,0,0,0,2,2,4,6,1,6,0,6,0,0,0,146,5.316788604,5.817862778,5.824404498,0,0,0,0,14.64975998,0,5.098681808,55.45906191,36.10128037,23.86850296,18.08107342,4,0,5.817862778,0,24.96182688,0,33.23387405,5.316788604,83.81182174,0,17.07524226,5.316788604,5.817862778,0,0,24.96182688,6.544756406,6.9237372,36.45573492,67.12146726,0,17.07524226,0,68.52,0,0,0,0,0,0,0,0,1.740301523,57.25969848,0,0,0,0,0,5,0,0,0,0,0,0,0,0,0,5,1,0,0,0,0,0,0,0,0,0,0,0,0,1,1,0,0,0,2,0,0,0,0,0,0,0,0,0,0,0,0,0,0,0,0,0,0,0,0,0,0,0,0,0,0,0,0,0,0,0,0,0,0,0,0,0,0,0,0,0,0,0,0,0,0,0,0,0,0,0.518603431,384.487,4.76822,6,6,1,1,1,0,6,0.1875,11,2,7,114.9797,32,0,0,0,0,68.52,5.228629722,0.000984789,0.995243032,40.6786048,32.54963171,152,178,0,23,0,6,0,0,0,0,0,0,0,0,0,0,0,0,0,4,4,0,0,0,0,0,0,0,0,0,0,0,0,0,0,0,0,23,29,0,2.8,0,9,0
68107965,1.661301714,1151.471444,20.76093778,15.95624906,15.95624906,14.68667319,9.329755666,9.329755666,6.54827734,6.54827734,4.440657809,4.440657809,2.965333471,2.965333471,5.947697344,9.184952232,0,5.907179729,34.73413455,5.563451492,12.26321064,48.79188955,30.33183534,15.28474565,4.736862954,399.138305,0.933333333,1.766666667,2.533333333,0.041666667,-4.06,30,381.281,9496682.534,19.26485819,8.96042523,4.669894643,172.7623308,13.5651672,0.488072239,13.5651672,0.258990431,0.316710653,0.258990431,-0.584939261,-0.488072239,5.114,112.5952,399.425,1,5,0,0,0,2,2,4,4,1,6,0,6,0,0,0,148,10.05365156,12.3563938,0,5.947697344,5.907179729,0,9.778515705,4.983978521,4.390415048,0,36.39820241,47.02218982,18.46005421,17.44768134,4,13.92181519,11.594566,0,9.967957042,0,6.606881965,5.316788604,108.4615359,0,16.87641482,10.05365156,10.07780132,5.749511833,0,15.87513677,6.606881965,5.947697344,15.92144017,91.38693554,0,11.12690298,0,64.11,0,0,0,0,0,0,0,0,13.5651672,58.26816613,0,0,0,0,0,2,0,0,0,0,1,1,0,0,0,2,1,0,0,0,0,0,0,0,0,0,0,1,0,1,0,0,0,0,2,0,0,0,0,0,0,1,0,0,1,0,0,0,0,0,0,0,0,0,0,0,0,0,0,0,0,0,0,0,0,0,0,0,0,0,0,0,0,2,0,0,0,0,0,0,0,0,0,0,0,0.457552366,399.425,5.114,4,4,1,1,1,0,4,0.181818182,18,2,6,112.5952,33,0,0,0,0,64.11,4.729336205,0.00031992,0.961499012,38.30151685,31.03517315,154,177,0,24,0,3,2,0,0,0,0,0,0,0,0,0,1,0,0,4,4,1,0,0,0,0,0,0,0,0,0,0,0,0,0,0,0,24,30,1,2.9,1,8,0
68289010,1.607099926,1229.478485,17.67299763,14.22107478,14.22107478,12.68667319,8.184596286,8.184596286,6.170265269,6.170265269,4.449811244,4.449811244,3.009122352,3.009122352,0,0,0,6.041840829,11.29435444,22.4680082,0,27.95413659,42.17163144,32.30244295,4.983978521,345.1450415,1.076923077,2,2.846153846,0.176470588,-3.62,26,330.25,2255728.739,14.70028997,5.446072656,2.245864466,147.5017552,4.720638857,0.306762577,4.720638857,0.220649067,0.050695967,0.220649067,-0.050695967,-0.306762577,1.8788,94.325,345.37,0,9,0,0,0,0,5,5,9,0,9,0,3,0,0,0,128,4.400694606,5.647177221,5.647177221,5.647177221,0,0,4.681802935,19.6337385,5.098681808,5.098681808,11.27975216,18.55355576,37.39849776,24.12945597,5,0,16.94153166,0,44.12698475,7.047671983,12.96557803,0,54.87724706,0,11.25737949,0,0,0,0,44.12698475,7.047671983,0,18.52902952,49.31379557,0,28.19891115,0,91.61,0,0,0,0,0,0,0,0,5.511623471,49.82170986,0,0,0,0,0,9,0,0,0,0,0,0,0,0,0,9,0,0,0,0,0,0,0,0,0,0,0,0,0,0,1,0,0,0,0,0,2,0,0,0,0,0,0,0,0,0,0,1,0,0,0,0,0,0,0,0,0,0,0,0,0,0,0,0,0,0,0,0,0,0,0,0,0,1,0,0,0,0,0,0,0,0,0,0,0,0.495685654,345.37,1.8788,9,9,0,0,0,0,9,0.1,19,5,4,94.325,30,0,0,0,0,91.61,4.308756799,0.000950389,0.985884872,31.7774357,23.72760195,148,180,0,17,0,9,0,0,0,0,0,0,0,0,0,0,0,0,0,5,5,0,0,0,0,0,0,0,0,0,0,0,0,0,0,0,0,25,26,0,0.7,0,5,0
68947304,1.639175928,1316.945157,19.79431797,15.46488541,15.46488541,14.18667319,9.11085353,9.11085353,6.667649535,6.667649535,4.759409251,4.759409251,3.351980277,3.351980277,0,4.390415048,0,11.85906167,22.67566871,22.16030442,18.46005421,18.59053071,31.18920547,30.23668121,4.983978521,385.1451217,1.034482759,1.965517241,2.827586207,0.095238095,-3.94,29,369.278,8867695.929,17.17833599,6.900271484,3.140458359,164.6616027,13.74360884,0.361569176,13.74360884,0.18224887,0.15707483,0.18224887,-0.320817521,-0.361569176,4.2753,108.6534,385.406,2,7,0,0,0,1,4,5,6,2,8,0,4,0,0,0,142,10.30076712,17.66124163,11.46504,0,0,0,4.983978521,24.32632913,0,0,6.066367068,37.25557254,23.21288635,29.27371761,5,4.390415048,27.88466565,0,29.90387113,0,12.96557803,5.316788604,72.69672553,0,11.38785599,5.316788604,10.20827783,0,0,29.90387113,0,5.817220841,18.52902952,61.3160532,0,33.45465886,0,92.27,0,0,0,0,0,0,0,0,13.74360884,52.58972449,0,0,0,0,0,6,1,0,0,0,0,0,0,0,0,5,2,0,0,0,0,1,0,0,0,0,0,0,0,1,0,0,0,0,1,0,2,0,0,0,0,0,0,0,1,0,0,1,0,0,0,0,0,0,0,0,0,0,0,0,0,0,0,0,0,0,0,0,0,0,0,0,0,2,0,0,0,0,0,0,0,0,0,0,0,0.47981755,385.406,4.2753,6,6,2,2,2,0,6,0.121212121,21,4,6,108.6534,33,0,0,0,0,92.27,4.328999,0.000526914,0.975426087,35.01699499,26.53608572,160,192,0,21,0,7,0,0,0,0,0,0,0,0,0,0,0,0,0,5,5,1,0,0,0,0,0,0,0,0,0,0,0,0,0,0,0,27,29,0,1.9,1,6,0
71268957,1.509460881,1578.594607,28.3881761,24.12111418,24.12111418,19.2444225,14.15834218,14.15834218,11.05047806,11.05047806,7.664316349,7.664316349,5.452767692,5.452767692,0,9.589074368,0,24.05304386,11.12690298,78.12573905,0,6.196843572,36.00148491,70.13486463,0,541.3165235,1.1,1.875,2.6,0.419354839,-3.98,40,502.388,1093721852,27.58175036,11.63553482,5.650722361,234.7697177,13.70145711,0.354037506,13.70145711,0.252906152,0.129371223,0.252906152,-0.230623249,-0.354037506,4.31022,160.0239,541.7,2,9,0,1,1,1,3,4,7,2,9,0,8,0,1,1,210,20.10058659,5.817862778,0,0,11.46644662,0,14.2708773,4.983978521,5.098681808,0,13.34455882,81.26189502,61.60607013,17.27699578,5,4.794537184,22.62796744,0,29.96514012,0,53.12318928,38.12660734,75.46360903,0,11.12690298,15.77596523,5.817862778,0,0,63.78222885,12.96557803,6.9237372,60.41269371,47.52005967,0,22.02982792,0,99.15,0,0,0,0,0,0,0,0,1.946645913,83.22002075,0,0,0,0,0,4,1,0,0,0,1,1,0,0,0,5,2,0,0,1,0,1,0,0,0,0,0,1,0,1,2,0,0,0,1,0,1,0,0,0,0,0,0,0,0,0,0,0,0,0,0,0,0,0,0,0,0,0,0,0,0,0,0,0,0,0,0,0,0,0,1,0,0,2,0,0,0,0,0,0,0,0,0,0,0,0.344978163,541.7,4.31022,7,7,2,2,2,0,7,0.181818182,9,4,16,160.0239,44,0,0,0,0,99.15,5.816766812,0.000314841,0.982840936,59.91249947,48.0551966,214,255,0,31,0,7,2,0,0,1,0,0,0,0,0,0,0,0,0,5,4,0,0,0,0,0,0,0,0,0,0,0,0,0,0,0,0,22,40,2,3.3,0,20,0
71271629,1.911690612,895.9455783,17.31962648,13.23701371,14.05351029,11.40301533,7.214063895,8.697227143,5.414499197,7.065323323,3.711862866,5.132591052,2.498857788,3.720035843,10.02329115,13.21233417,0,16.67610982,17.91952896,5.563451492,18.07607434,43.44587439,0,10.03888347,4.736862954,347.093977,1.208333333,1.958333333,2.708333333,0.1875,-2.74,24,330.26,250308.1443,16.12956747,6.044875919,3.000865788,139.8378359,12.59450536,0.495318154,12.59450536,0.321393205,0.065408819,0.321393205,-3.782869557,-0.495318154,2.4733,90.7302,347.396,2,7,0,1,1,2,0,2,4,2,8,0,4,0,0,0,126,14.95356129,10.64499531,0,0,10.02329115,6.031114512,4.722094864,13.21233417,0,0,12.13273414,35.89528683,24.96720094,7.109797541,3,17.94919712,27.42917822,0,4.899909731,0,11.44023988,24.19635299,48.02802097,0,5.749511833,14.77574642,16.16930973,5.749511833,0,33.50629075,16.56804756,0,5.563451492,47.36005295,0,0,0,87.74,0,-3.782869557,0,0,0,0,0,0,25.18901072,40.5105255,0,0,0,0,0,0,0,0,0,0,1,1,0,0,0,1,2,0,0,0,0,0,0,0,0,0,0,2,0,2,0,0,0,0,2,0,1,0,0,0,0,1,0,0,0,0,0,0,0,0,0,0,0,0,0,1,0,0,0,0,0,0,0,0,1,0,0,0,0,0,0,0,0,0,0,0,1,0,0,0,0,0,0,0,1,0.889287619,347.396,2.4733,4,4,2,2,2,0,4,0.153846154,11,1,5,90.7302,26,0,2,0,1,87.74,3.855203657,0.000927353,0.971716934,32.57533577,26.19756459,128,151,0,16,0,3,4,0,0,0,0,0,0,0,0,0,1,0,0,3,2,0,0,0,1,0,0,0,0,0,0,0,0,0,0,0,0,12,24,3,0.8,0,11,0
71299339,1.606643787,1238.670953,22.93251065,16.44020139,18.07319456,15.11514153,9.559313394,11.98528568,7.272664641,9.766678312,4.72864864,6.930053788,3.009965146,4.99666479,27.79415567,26.38357931,0,22.31209685,5.563451492,30.53782887,35.60225415,6.066367068,16.82649261,15.35567207,0,481.0741681,1.03125,1.8125,2.46875,0.19047619,-2.89,32,463.377,16226163.24,22.30916346,8.566038313,5.28958186,186.073325,12.9229403,0.415985524,12.9229403,0.415985524,0.015973731,0.307705618,-4.544113522,-0.307705618,5.5186,117.1839,481.521,3,6,1,0,1,2,1,3,4,3,11,0,6,1,0,1,168,10.63357721,0,0,10.02329115,0,12.20741303,0,17.93442903,24.50803102,0,12.13273414,65.56342269,17.2926786,16.14632124,4,26.38357931,38.76596409,0,4.722094864,0,29.95526607,10.63357721,64.85451358,0,11.12690298,15.35567207,29.34055488,0,11.33678588,20.49075233,16.19958967,0,18.40509474,64.18654556,0,11.12690298,0,87.3,0,-2.336402922,0,0,0,0,0,0,63.96278573,30.87361719,0,0,0,0,0,0,0,0,0,0,1,1,0,0,0,0,3,0,0,0,0,0,0,0,0,3,0,2,0,2,0,0,0,0,2,0,0,0,0,0,0,0,0,0,3,0,0,0,0,0,0,0,0,0,0,0,0,0,0,0,0,0,0,0,0,0,0,0,0,0,0,0,0,0,0,0,1,0,0,0,0,0,1,0,1,0.433380384,481.521,5.5186,4,4,3,3,3,0,4,0.171428571,20,2,8,117.1839,35,0,2,0,1,87.3,5.040754333,0.000183082,0.932970488,40.06881369,34.15531744,174,203,0,21,0,3,3,0,0,0,0,0,0,0,0,0,0,0,0,4,3,3,0,0,2,0,0,0,0,0,0,0,0,0,0,0,0,17,32,3,1.7,3,15,0
71496458,1.706591889,1427.575648,26.52636878,21.94738759,21.94738759,17.79926405,11.9618961,11.9618961,9.049163503,9.049163503,6.12990987,6.12990987,4.140986972,4.140986972,0,4.794537184,0,5.907179729,23.07262366,40.93720351,6.076020107,13.30664111,58.52252327,54.89298823,9.720841475,499.2695733,1.135135135,1.918918919,2.648648649,0.25,-4.37,37,466.355,201258419.1,25.7148392,11.1324034,5.727560753,216.9399611,12.22260268,0.494495222,12.22260268,0.247322235,0.298537501,0.247322235,-0.298537501,-0.494495222,4.5098,150.8724,499.619,2,9,0,0,0,2,2,4,8,2,9,0,10,0,0,0,192,29.73735927,5.749511833,0,11.85551901,0,0,4.794537184,9.967957042,0,0,24.77803689,38.37046528,62.11128741,29.86588436,4,9.531400138,39.82060277,0,19.43496642,7.047671983,0,56.87581324,67.51321241,0,17.00689132,20.27034989,23.01049811,5.749511833,0,66.68447245,11.84220917,0,0,67.51321241,0,22.16030442,0,87.55,0,0,0,0,0,0,0,0,2.086303813,78.08036285,0,0,0,0,0,3,0,0,0,0,1,1,0,0,0,5,2,0,0,2,0,0,0,0,0,0,0,1,0,4,1,0,0,0,2,0,1,0,0,0,0,1,0,0,0,0,0,0,0,0,0,0,0,0,0,1,0,0,0,0,0,0,0,0,1,0,0,0,0,0,0,0,0,0,0,0,0,0,0,0,0,0,0,0,0,0.310534806,499.619,4.5098,8,8,2,2,2,0,8,0.25,10,2,9,150.8724,40,0,0,0,0,87.55,5.59702479,0.000490386,0.99202152,55.44092449,44.99565398,192,226,0,28,0,7,2,0,0,1,0,0,0,0,0,0,1,0,0,4,4,0,0,0,0,0,0,0,0,0,0,0,0,0,0,0,0,22,37,2,2.7,0,16,0
72200024,1.499701762,1183.613787,24.7858818,20.04589979,20.80182873,16.94422334,11.43721423,11.8151787,8.17823339,8.585433517,5.665374267,5.924631375,3.646607198,3.776235752,0,4.794537184,0,16.80980138,29.55557085,37.55379817,6.196843572,38.29900301,12.13273414,43.51539276,21.0746658,496.1989665,1.142857143,1.942857143,2.685714286,0.32,-3.56,35,467.767,78861229.41,24.56097189,11.24377097,6.315068176,209.5748059,11.68269309,0.49449804,11.68269309,0.242537371,0.082135666,0.242537371,-0.082135666,-0.49449804,4.7748,138.4654,496.999,2,9,0,1,1,2,1,3,8,2,10,0,8,0,1,1,184,29.90712258,16.52165698,0,17.73550735,0,0,4.794537184,4.983978521,4.983978521,0,24.59104416,31.31314026,56.10735393,18.99402739,4,14.26826309,40.51861772,0,14.86786677,0,13.34455882,55.86998209,53.68404636,0,17.379012,25.00721285,23.01049811,17.379012,11.60093989,61.11154165,4.794537184,0,13.34455882,48.66141305,5.022633314,0,0,91.85,0,6.290109539,0,0,0,0,0,0,0,71.32100157,0,0,0,0,0,2,0,0,0,0,1,1,0,0,0,4,2,0,0,1,0,0,0,0,0,0,0,1,0,4,0,0,0,0,2,0,0,0,0,0,0,2,0,0,1,0,0,0,0,0,0,0,0,0,0,1,0,0,0,0,0,0,0,0,0,0,0,0,0,0,1,0,0,0,0,0,0,0,0,0,0,0,0,0,0,0.460295225,496.999,4.7748,8,8,2,2,2,0,8,0.210526316,12,2,11,138.4654,38,0,0,0,0,91.85,6.24106304,0.000605589,0.996141886,51.86168612,43.11646688,180,208,0,25,0,6,3,0,0,1,0,0,0,0,0,0,2,0,0,4,3,0,1,0,0,0,0,0,0,0,0,0,0,0,0,0,0,18,35,1,2.4,0,19,0
73555129,1.876594616,630.6382709,16.98276318,12.38875781,15.30218505,10.91792266,7.030674965,8.487388584,5.047216007,6.616606816,3.587346609,5.111402459,2.265906123,2.890922154,0,14.69560176,0,24.1086277,36.88904521,3.570182271,12.14238718,15.86618653,0,34.48659491,11.60093989,449.0003171,1.304347826,1.913043478,2.52173913,0.333333333,-1.48,23,432.54,127587.9847,17.86735258,7.869815764,4.506355497,152.7723598,12.21090166,0.50573103,12.21090166,0.245577904,0.004273131,0.245577904,-0.114920598,-0.50573103,1.9189,97.6805,449.676,2,6,0,1,1,1,0,1,4,2,8,0,4,0,1,1,124,20.22313546,5.749511833,0,11.81435946,0,0,9.589074368,0,0,0,18.17987557,34.7332578,35.81557496,17.25477599,2,14.69560176,51.69355625,0,9.799819462,0,0,38.04057063,33.38050551,0,5.749511833,5.316788604,5.687386275,5.749511833,34.19181052,59.44448834,9.589074368,3.570182271,0,24.78768993,5.022633314,0,0,72.88,0,5.911893032,0,0,0,0,0,0,0.785710594,50.47863403,0,0,0,0,0,0,0,1,0,0,2,2,0,0,0,2,1,0,0,0,0,0,0,0,0,0,0,2,0,1,0,0,0,0,1,0,0,0,0,0,0,0,0,0,2,0,0,0,0,0,0,0,0,0,0,0,0,0,0,0,0,0,0,0,0,1,1,0,0,0,1,0,0,0,0,0,0,0,0,0,0,0,0,0,0,0.418503403,449.676,1.9189,4,4,2,2,2,0,4,0.166666667,8,1,8,97.6805,24,0,0,0,0,72.88,4.682682572,0.000546426,0.986547066,33.1531656,27.43628431,114,131,0,15,0,3,3,0,0,0,0,0,0,0,0,0,0,0,0,2,1,0,1,0,0,0,0,1,0,0,0,0,0,0,0,0,0,6,23,3,2.1,0,15,0
76189844,1.717121485,1184.654515,20.22540387,16.51323477,17.32973136,13.88877834,9.787527529,11.75385402,7.98872067,10.45748248,5.992169952,8.100803681,4.117526033,5.502283976,14.47603464,4.208898492,0,6.041840829,24.73209642,41.80111536,6.255769184,6.196843572,24.39594478,21.79160397,19.48439816,412.168145,1.344827586,2.172413793,2.896551724,0.45,-2.52,29,388.327,7061049.719,18.50490683,6.496763062,2.995491596,169.2529414,12.79991541,0.377487986,12.79991541,0.162114264,0.181670603,0.162114264,-2.787929868,-0.377487986,2.91067,112.4448,412.519,2,8,1,1,2,0,3,3,7,2,9,0,4,1,1,2,152,14.62075121,11.46504,5.824404498,0,0,0,4.779578164,19.16083406,0,0,0,31.89811458,42.21025551,39.42556739,5,8.945761446,26.5802764,4.779578164,19.93591408,0,30.55424373,30.91419925,36.28671634,0,11.38785599,4.899909731,5.817862778,0,0,56.20094292,19.21289759,4.779578164,25.45930844,30.59278835,0,22.42125742,0,107.85,0,-2.787929868,0,0,0,0,0,0,12.79991541,53.98801446,0,0,0,0,0,4,1,0,0,0,0,0,0,0,0,4,2,0,0,0,0,1,0,0,0,0,0,0,0,1,0,0,0,0,0,0,1,0,0,0,0,1,0,0,0,0,0,0,0,0,0,0,0,0,0,0,1,0,0,0,0,0,0,0,0,0,0,0,0,0,0,0,0,1,0,0,0,0,0,0,0,0,0,0,0,0.682133092,412.519,2.91067,7,7,2,2,2,0,7,0.121212121,13,5,9,112.4448,33,0,1,0,0,107.85,3.999704713,0.000186488,0.863192861,37.88314121,28.9701096,168,208,0,20,0,6,2,0,0,0,0,0,0,0,0,0,1,0,0,5,3,0,0,0,1,0,0,0,0,0,0,0,0,0,0,0,0,16,29,2,1.5,0,15,0
78209992,1.676120432,1161.85961,22.82769817,17.93230043,18.68822937,15.3674124,10.07833933,10.45630381,7.641499115,8.048699241,5.387760919,5.679668766,3.694490081,3.869029409,11.91046091,9.184952232,0,22.50137225,29.01505595,13.08951281,19.50348468,29.165378,13.97140918,20.18465538,21.0746658,459.1473455,1.25,2.0625,2.8125,0.318181818,-3.17,32,436.725,15819923.29,22.03929905,9.134951294,4.393592722,189.4501073,14.39133378,0.492757701,14.39133378,0.415194897,0.008383126,0.415194897,-0.592457476,-0.492757701,4.3092,120.4717,459.909,1,8,0,1,1,2,1,3,7,1,10,0,4,0,1,1,168,24.59033397,12.14518285,17.31624451,0,0,6.093240071,0,19.15290927,0,0,17.66730696,32.17051039,37.12870133,23.33651785,4,18.65867814,40.10235395,0,19.7677765,0,12.96557803,39.10852735,47.49900957,0,11.49902367,14.79051451,20.69020128,11.49902367,11.60093989,65.69459615,0,5.817220841,6.9237372,36.65915542,5.022633314,10.90292493,0,79.82,0,5.885538191,0,0,0,0,0,0,14.39133378,57.16757248,0,0,0,0,0,2,0,0,0,0,1,1,0,0,0,4,1,0,0,1,0,0,0,0,0,0,0,1,0,2,0,0,0,0,2,0,1,0,0,0,0,2,0,0,2,0,0,0,0,0,0,0,0,0,0,1,0,0,0,0,0,0,0,0,0,0,0,0,0,0,1,0,0,0,0,0,0,0,0,0,0,0,0,0,0,0.622301025,459.909,4.3092,7,7,1,1,1,0,7,0.114285714,15,2,11,120.4717,35,0,0,0,0,79.82,4.829078717,0.000249707,0.955270591,45.1816663,35.90996238,170,202,0,22,0,5,3,0,0,1,0,0,0,0,0,1,2,0,0,4,3,1,1,0,0,0,0,0,0,0,0,0,0,0,0,0,0,17,32,1,1.9,1,17,0
78243717,1.422130839,775.1911849,16.51829709,13.24662625,13.24662625,11.72034669,8.161222663,8.161222663,6.277578801,6.277578801,4.813398582,4.813398582,3.619766259,3.619766259,0,9.901064579,0,11.53275678,17.64713315,25.32819721,6.066367068,24.27512131,30.59589967,14.78379798,0,321.1477268,1.125,1.958333333,2.666666667,0.263157895,-2.82,24,302.228,677679.2114,14.75216246,5.998279483,2.620953475,140.4018401,12.22036042,0.507185295,12.22036042,0.190492806,0.024462734,0.190492806,-0.169022563,-0.507185295,2.4467,92.0593,321.38,1,5,0,2,2,1,1,2,5,1,5,0,4,0,2,2,122,14.90634686,11.56737461,5.783244946,0,0,0,4.794537184,4.983978521,0,0,18.19910121,30.6862899,43.64601304,5.563451492,4,9.901064579,11.60110772,0,9.883888252,0,18.50450328,17.98942254,66.50083954,0,5.749511833,4.899909731,5.817862778,5.749511833,0,45.94685506,0,0,16.7788103,60.93738805,0,0,0,56.67,0,0,0,0,0,0,0,0,0,53.83333333,0,0,0,0,0,1,0,1,0,0,1,1,0,0,0,3,0,0,0,0,1,0,0,0,0,0,1,0,0,1,0,0,0,0,1,0,2,0,0,0,0,0,0,0,0,0,0,0,0,0,0,1,0,0,0,0,0,0,0,0,0,0,0,0,1,1,1,0,0,0,1,0,0,1,0,0,0,0,0,0,0,0,0,0,0,0.692306712,321.38,2.4467,5,5,1,1,1,0,5,0.148148148,11,3,7,92.0593,27,0,0,0,0,56.67,4.572578199,0.001750468,0.996020071,30.597403,23.36738717,130,155,0,19,0,3,2,0,0,0,0,0,0,1,0,0,0,0,0,4,2,0,0,0,0,0,0,0,0,0,0,0,0,0,0,0,0,12,24,2,2.1,0,13,0
91668541,1.810712178,1391.732536,23.96589085,17.72389812,19.35689128,15.48131359,10.36951299,13.00737678,7.963287745,11.31912326,5.692766459,8.599041023,3.874582979,6.431760858,21.57700315,26.38357931,0,28.94243472,45.47659396,12.13273414,21.97025259,25.25331491,0,4.992404733,5.733667477,497.1054682,1.242424242,1.939393939,2.575757576,0.363636364,-2.66,33,475.388,20919949.74,23.49657732,8.601859898,4.836274088,192.0375323,13.26514578,0.415931244,13.26514578,0.415931244,0.057306459,0.382816141,-4.486605078,-0.382816141,4.0512,124.5972,497.564,2,6,0,1,1,1,2,3,6,1,11,0,4,0,1,1,176,10.30076712,15.67287292,0,0,5.559266895,6.176298517,9.786941917,8.417796984,13.17124514,11.33678588,12.13273414,43.52793314,23.00497139,33.37437094,4,21.58904213,37.09580293,0,4.567099648,10.72607221,38.5282762,11.50570721,57.32308168,0,11.12690298,11.29293437,13.17124514,0,11.33678588,36.36806446,22.55830806,0,30.20597913,46.31562083,0,21.21304711,0,94.52,0,-1.838618515,0,0,0,0,0,0,64.52799373,31.47729145,0,0,0,0,0,1,0,0,0,0,0,0,0,0,1,2,0,1,0,0,0,0,0,0,0,3,0,0,1,0,1,0,0,0,1,0,1,0,0,0,0,0,0,0,3,0,0,0,0,0,0,0,0,0,0,0,0,0,0,0,0,0,0,0,0,0,0,0,0,0,0,0,0,1,0,0,0,1,0,0,0,0,1,0,0,0.434669841,497.564,4.0512,6,6,1,1,1,0,6,0.111111111,17,3,12,124.5972,36,0,2,0,1,94.52,5.380461869,0.000346496,0.982310729,43.39327749,35.5384438,182,216,0,22,0,3,3,0,0,0,0,0,0,0,0,0,0,0,0,4,3,3,0,0,2,0,0,0,0,0,0,0,0,0,0,0,0,16,33,4,1.9,3,16,0
117072552,1.247109911,821.6889813,19.34672421,16.10289575,16.10289575,13.66983643,10.1518495,10.1518495,7.819595822,7.819595822,5.656202163,5.656202163,3.797600222,3.797600222,6.103966388,9.901064579,0,12.45193614,18.15004873,38.16984046,17.54772461,18.32957771,0,44.78293373,0,380.2212261,1.25,2.071428571,2.857142857,0.454545455,-2.44,28,352.268,2454198.807,18.90171316,8.710967007,4.690718234,165.5261601,12.43512594,0.389951175,12.43512594,0.251063193,0.178611827,0.251063193,-0.593869143,-0.389951175,2.195,109.2617,380.492,3,6,1,1,2,1,1,2,5,3,6,0,7,1,0,1,148,15.7401046,5.817862778,0,0,5.907179729,0,9.694446915,4.983978521,0,0,24.26546827,48.94292361,43.98116152,6.103966388,4,9.901064579,11.72504251,0,15.20067686,0,44.37385011,24.95105782,59.28540046,0,0,10.63357721,5.817862778,0,0,52.67767181,12.96557803,0,40.74735653,42.59504598,0,0,0,77.49,0,0,0,0,0,0,0,0,0,60,0,1,1,0,0,1,0,0,0,0,1,1,0,1,0,2,2,0,0,0,0,0,0,0,0,0,0,1,0,1,0,0,0,0,1,0,1,0,0,0,0,0,0,0,0,0,0,0,0,0,0,0,0,0,0,0,0,0,0,0,0,0,0,0,0,0,0,0,0,0,0,0,0,1,0,0,0,0,0,0,0,0,0,0,0,0.68644041,380.492,2.195,5,5,3,3,3,1,5,0.225806452,6,3,12,109.2617,31,0,0,0,0,77.49,5.20916888,0.000671789,0.989032497,40.14339412,33.1471449,146,168,0,22,0,4,2,0,0,1,0,1,0,0,0,0,0,0,0,4,2,0,0,0,0,0,0,0,0,0,0,0,0,0,0,0,0,12,28,1,2.4,0,18,0
118704762,1.707682271,931.6454735,18.80275414,14.53039757,14.53039757,13.13103029,8.688132995,8.688132995,6.356052392,6.356052392,4.703514245,4.703514245,3.27059783,3.27059783,17.38395352,13.88735749,0,0,24.34066691,42.03653621,0,12.39368714,30.33183534,9.883888252,4.736862954,368.1336343,0.888888889,1.555555556,2.222222222,0.19047619,-2.99,27,350.239,2072424.131,17.42513811,7.324952338,3.48193267,155.2178603,13.79251609,0.502773643,13.79251609,0.187322199,0.322366489,0.187322199,-0.997714432,-0.502773643,4.236,99.7218,368.383,1,4,0,1,1,2,1,3,4,1,6,0,3,0,1,1,138,14.74330008,0,17.38395352,0,0,0,4.983978521,8.780830095,0,0,12.13273414,47.02218982,36.73403772,13.21376393,4,18.62422044,5.687386275,0,4.983978521,0,0,31.20318647,66.4926983,0,28.0033178,4.899909731,14.46821637,5.749511833,0,36.39378266,4.736862954,11.63444168,0,54.85825662,0,22.25380597,0,45.59,0,0,0,0,0,0,0,0,27.58503218,40.24830115,0,0,0,0,0,1,0,1,0,0,0,0,0,0,0,2,0,0,0,0,0,0,0,0,0,0,0,0,0,1,0,0,0,0,2,0,0,0,0,0,0,1,0,0,2,0,0,0,0,0,0,0,0,0,0,0,1,0,0,0,0,0,0,0,0,1,1,0,0,0,0,0,0,1,0,0,0,0,0,0,0,0,0,0,0,0.751303792,368.383,4.236,4,4,1,1,1,0,4,0.1,15,2,9,99.7218,30,0,0,0,0,45.59,4.015001984,0.000403967,0.934398897,34.72729059,26.82947309,144,171,0,21,0,2,2,0,0,0,0,0,0,0,0,0,1,0,0,4,3,2,0,0,0,0,0,0,0,0,0,0,0,0,0,0,0,18,27,0,2.4,2,12,0
135398516,1.626998375,1252.58425,20.82769817,16.49979384,16.49979384,14.56288195,9.944920918,9.944920918,7.718597145,7.718597145,6.020585655,6.020585655,4.453870157,4.453870157,5.969305288,9.901064579,0,11.83581209,29.87013474,41.0124125,6.327320075,11.62519543,24.26546827,15.06663885,15.45450895,406.1753386,1.3,2.1,2.833333333,0.333333333,-3.62,30,384.27,12927388.87,18.41121661,7.012898152,2.850129032,171.4477777,11.30886811,0.494557081,11.30886811,0.305987943,0.120430052,0.305987943,-0.721566856,-0.494557081,3.2218,111.3739,406.446,4,9,1,0,1,1,3,4,7,3,9,0,4,1,0,1,154,20.56103635,29.11186512,5.817862778,0,0,5.969305288,4.794537184,14.48335494,5.098681808,0,12.13273414,37.81602063,11.30413026,24.2383323,5,14.63792753,28.20679372,0,24.56601526,5.917906046,31.60119254,12.84346502,36.41719285,0,17.13736782,10.47053043,5.817862778,5.749511833,0,42.75164549,4.794537184,5.917906046,37.42559704,30.59278835,0,27.80748164,0,131.42,0,0,0,0,0,0,0,0,1.756117016,67.91054965,1,0,0,1,0,5,1,0,1,1,1,0,0,0,0,4,1,1,0,0,0,1,0,0,0,0,0,0,0,1,0,0,0,0,1,0,2,0,0,0,0,1,0,0,0,0,0,1,0,0,0,0,0,0,0,1,0,0,0,0,0,0,0,0,1,0,0,0,0,0,0,0,0,0,0,0,0,0,0,0,0,0,0,0,0,0.473974464,406.446,3.2218,7,7,3,3,3,0,7,0.117647059,16,3,8,111.3739,34,0,0,0,0,131.42,4.611263318,0.000348647,0.963928585,38.63212165,28.7452286,168,206,0,21,0,6,3,0,0,0,0,0,0,0,1,0,1,0,0,5,4,0,0,0,0,0,0,0,0,0,0,0,0,0,0,0,0,20,30,1,1.2,0,13,0
135400873,1.550787173,961.3190306,16.35516038,12.59978154,14.2327747,11.77598958,7.403460227,9.099609619,5.221058891,7.283952955,3.534307409,5.343127074,2.389065855,3.83708335,0,4.794537184,0,5.907179729,16.61754469,16.46637642,16.63903214,17.53362945,53.92065236,15.29317186,0,351.050004,1.208333333,2.166666667,3.041666667,0.055555556,-2.44,24,338.352,681674.1332,15.10908805,6.585872878,3.246066132,146.8892663,12.12317311,0.300545358,12.12317311,0.26361874,0.100728511,0.26361874,-0.100728511,-0.300545358,4.0564,100.9117,351.456,1,4,0,1,1,1,2,3,5,1,6,0,3,0,1,1,118,5.316788604,0,5.16765177,0,5.907179729,0,14.77092044,0,0,11.33678588,18.19910121,53.04688759,16.46021498,16.96659364,4,4.794537184,51.15244737,0,10.30076712,4.992404733,6.544756406,0,69.38721102,0,0,5.316788604,0,0,23.09867083,16.05881002,11.33929359,0,10.44059869,63.93901707,0,16.97894504,0,54.35,0,3.042324928,0,0,0,0,0,0,0,49.29100841,0,0,0,0,0,1,0,0,0,0,1,1,0,0,1,2,1,0,0,0,0,0,0,0,0,0,0,1,1,0,0,0,0,0,1,0,1,0,0,0,0,0,0,0,0,0,0,0,0,0,0,0,0,0,0,0,0,0,0,0,0,0,0,0,0,0,0,0,0,0,0,0,0,1,0,1,0,0,0,0,0,0,1,0,0,0.724229149,351.456,4.0564,5,5,1,1,1,0,5,0.111111111,17,3,3,100.9117,27,0,0,0,0,54.35,4.876399743,0.00202916,0.998118133,29.34103051,23.14023696,128,149,0,18,0,3,1,0,0,0,0,0,0,0,0,0,0,0,0,4,3,0,0,0,2,0,0,0,0,0,0,0,0,0,0,0,0,16,24,3,2.5,0,8,0
135418940,2.009805272,722.4794709,15.03516943,10.82832502,11.6448216,9.948508308,6.324108706,7.478809244,4.717476906,5.822648621,3.316396637,4.301995197,2.196937199,3.180791788,11.73975001,17.96578233,0,5.559266895,29.12498271,23.57951574,12.13273414,11.76188495,0,9.967957042,0,312.0544186,1.19047619,1.904761905,2.571428571,0.285714286,-1.76,21,301.228,61935.62143,14.18880143,5.215660216,2.828522062,122.1629689,12.53541786,0.41591025,12.53541786,0.41591025,0.206390818,0.306249524,-4.368608441,-0.306249524,3.245,75.1617,312.316,1,3,0,1,1,1,1,2,3,1,7,0,1,0,0,0,110,4.983978521,5.824404498,0,0,5.559266895,6.176298517,4.794537184,4.983978521,24.93313009,0,12.13273414,24.30640937,16.87975659,11.25737949,3,13.17124514,11.76188495,0,9.967957042,0,18.34997375,5.752853607,51.44010333,0,11.38785599,5.559266895,13.17124514,0,11.76188495,15.72081065,18.34997375,0,16.82083098,29.06000546,0,11.38785599,0,45.75,0,1.6731117,0,0,0,0,0,0,37.60625357,22.80396807,0,0,0,0,0,2,1,0,0,0,0,0,0,0,0,1,1,0,0,0,0,1,0,0,0,3,0,0,0,0,1,0,0,0,1,0,1,0,0,0,0,0,0,0,3,0,0,0,0,0,0,0,0,0,0,0,0,0,0,0,0,0,0,0,0,0,0,0,0,0,0,0,0,0,0,1,0,0,0,0,0,0,0,0,0,0.879042309,312.316,3.245,3,3,1,1,1,0,3,0.043478261,14,2,7,75.1617,23,0,0,0,0,45.75,4.181149972,0.00179578,0.995063874,26.15708601,20.97749001,114,134,0,14,0,2,1,0,0,0,0,0,0,0,0,0,0,0,0,3,2,3,0,0,1,0,0,0,0,0,0,0,0,0,0,0,0,12,21,1,1.3,3,10,0
135421339,1.50076419,1310.867198,23.49298858,19.32359635,19.32359635,16.61852484,11.3511972,11.3511972,8.639640979,8.639640979,6.049224682,6.049224682,4.222418803,4.222418803,0,5.207253025,0,0,6.606881965,70.31366294,5.563451492,12.39368714,62.62628051,26.08994657,9.720841475,453.2164751,0.970588235,1.735294118,2.470588235,0.222222222,-3.97,34,426.33,102324674.8,21.85372661,9.487885716,4.425009906,198.3168794,9.266469325,0.492264463,9.266469325,0.138032314,0.643323812,0.138032314,0.643323812,-0.492264463,4.8706,133.3842,453.546,2,7,1,0,1,2,2,4,6,2,7,0,7,0,0,0,172,19.82800423,18.1807983,0,0,0,0,4.983978521,4.983978521,0,0,17.28844686,74.96500818,41.19224952,17.09954099,5,9.944115979,5.711685003,0,19.85184529,5.155712727,12.84164325,27.24698234,78.11789374,0,39.6521268,4.736862954,0,5.749511833,0,58.01776566,6.420821623,0,17.54772461,72.14670349,0,33.90261496,0,86.63,0,0,0,0,0,0,0,0,0,71.66666667,0,0,0,0,0,3,1,0,0,0,0,0,0,0,0,4,1,0,0,1,0,1,0,0,0,0,0,0,0,0,1,0,0,0,2,0,1,0,0,0,0,1,0,0,0,0,0,1,0,0,0,0,0,0,0,0,0,0,0,0,0,0,0,1,0,0,0,0,0,0,0,0,0,1,0,0,0,0,0,0,0,0,0,0,0,0.307944959,453.546,4.8706,6,6,2,2,2,0,6,0.184210526,15,3,9,133.3842,38,0,0,0,0,86.63,5.503881082,0.000338564,0.980474474,46.19544421,36.23011963,182,216,0,27,0,5,2,0,0,1,0,0,0,0,0,0,1,0,0,5,4,0,0,0,0,0,0,0,0,0,0,0,0,0,0,0,0,23,34,1,3.1,0,14,0
135440466,1.45544523,1376.736523,23.65612529,18.76778817,19.52371712,16.49120364,11.21915963,11.5971241,8.390840461,8.827276241,6.055101291,6.290198394,4.293298287,4.492025741,6.103966388,9.901064579,0,12.1040233,40.875091,35.37375201,0,30.46231185,12.99010427,32.31738951,21.32178136,479.1724174,1.235294118,2.058823529,2.852941176,0.28,-3.33,34,453.76,79807531.11,22.46162567,9.498852056,4.522248154,201.1067393,12.81816954,0.386568201,12.81816954,0.260580715,0.20558621,0.260580715,-0.791818448,-0.386568201,3.86212,134.8209,479.968,4,8,0,1,1,2,2,4,6,4,9,0,6,0,1,1,176,30.02804573,11.38785599,0,0,5.559266895,0,4.794537184,4.983978521,0,0,23.73367403,48.38247553,36.54113238,36.03851803,5,9.843390349,34.00911387,0,14.95193556,0,13.02770359,43.06473148,75.16475343,0,11.38785599,15.77596523,11.37477255,0,11.60093989,52.9064961,4.736862954,6.9237372,17.23086937,53.45595023,5.022633314,22.42125742,0,106.27,0,6.045609091,0,0,0,0,0,0,0,70.56550202,0,1,1,0,0,3,2,0,0,0,0,0,0,0,0,2,3,0,0,0,0,2,0,0,0,0,0,0,0,2,1,0,0,0,2,0,1,0,0,0,0,1,0,0,1,0,0,1,0,0,0,0,0,0,0,0,1,0,0,0,0,0,0,0,0,0,0,0,0,0,0,0,0,1,0,0,0,0,0,0,0,0,0,0,0,0.33439134,479.968,3.86212,6,6,4,4,4,1,6,0.157894737,16,3,11,134.8209,38,0,0,0,0,106.27,4.647724858,0.000229871,0.937345132,45.50042622,35.75296533,184,219,0,25,0,5,3,0,0,0,0,1,0,0,0,0,1,0,0,5,4,0,1,0,0,0,0,0,0,0,0,0,0,0,0,0,0,22,34,1,2.7,0,15,0
135539077,1.761035684,1147.987937,24.24191173,19.79769182,19.79769182,16.38424915,11.62133342,11.62133342,8.763076523,8.763076523,6.008620256,6.008620256,4.173603645,4.173603645,0,15.00759197,0,34.77828486,23.23511088,43.97493613,6.066367068,6.066367068,45.03667987,15.37336159,9.259957891,465.2263711,1.117647059,1.823529412,2.470588235,0.384615385,-3.36,34,434.302,53390965.43,23.78664469,10.27630757,4.926960883,198.6926879,12.77269625,0.507520649,12.77269625,0.273637063,0.008083743,0.273637063,-0.354403285,-0.507520649,4.1251,128.8968,465.55,3,8,0,1,1,2,1,3,7,3,8,0,7,0,1,1,180,24.78980128,11.49902367,11.45417541,0,5.907179729,0,9.694446915,0,0,0,43.26960593,35.59836479,32.24539269,24.34066691,4,24.26754986,5.907179729,0,15.37336159,0,33.23387405,32.84803315,53.21903339,0,33.94962556,5.316788604,0,11.49902367,0,59.02484065,11.28161936,0,48.30448581,40.92129735,0,22.45060189,0,108.06,0,0,0,0,0,0,0,0,5.63633544,72.86366456,0,0,0,0,0,1,0,2,0,0,1,1,0,0,0,2,1,0,0,0,0,0,0,0,0,0,0,1,0,0,0,0,0,0,2,0,0,0,0,0,0,1,0,0,0,0,0,0,0,0,0,0,0,0,0,0,1,0,0,0,0,0,0,0,0,2,2,0,0,0,0,0,0,0,0,0,0,0,0,0,0,0,0,0,0,0.481549112,465.55,4.1251,7,7,3,3,3,0,7,0.189189189,9,2,12,128.8968,37,0,0,0,0,108.06,4.741566578,0.000147132,0.896914356,50.28632345,40.14661047,178,211,0,26,0,3,5,0,0,1,0,0,0,0,0,0,1,0,0,4,3,0,0,0,0,0,0,0,0,0,0,0,0,0,0,0,0,17,34,1,2.3,0,19,0
135564749,2.162750405,1019.45201,19.55167728,15.75103499,15.75103499,12.97709551,8.494510735,8.494510735,6.14955287,6.14955287,4.273189874,4.273189874,3.088942978,3.088942978,0,4.794537184,0,18.77303082,28.2263531,22.43986631,7.109797541,19.24253168,25.98020854,9.967957042,19.31711626,370.1528718,1.074074074,1.777777778,2.37037037,0.3,-3.06,27,348.229,1134167.653,18.72280998,7.671353698,3.589044923,156.095502,12.66150692,0.496541639,12.66150692,0.262319073,0.051739098,0.262319073,-0.286651648,-0.496541639,2.59524,102.9585,370.405,2,7,0,0,0,2,1,3,6,2,7,0,6,0,0,0,142,24.30109478,35.06604618,0,0,5.559266895,0,4.794537184,4.983978521,0,0,0,37.10711152,17.69618563,26.34317776,3,19.31711626,10.90292493,0,9.967957042,0,13.8474744,27.43335901,45.74617534,0,28.63639149,19.76985576,0,17.2485355,0,42.50784345,0,13.8474744,11.12690298,29.06000546,0,22.29078092,0,93.67,0,0,0,0,0,0,0,0,0,64.66666667,0,1,1,0,0,2,1,0,0,0,0,0,0,0,0,1,1,0,0,0,0,1,0,0,0,0,0,0,0,0,2,0,0,0,2,0,1,0,0,0,0,3,0,0,0,0,0,0,0,0,0,0,0,0,0,2,0,0,0,0,0,0,0,0,0,0,0,0,0,0,0,0,0,0,0,0,0,0,0,0,0,0,0,0,0,0.692716518,370.405,2.59524,6,6,2,2,2,1,6,0.206896552,9,1,8,102.9585,29,0,0,0,0,93.67,4.616540192,0.000916057,0.990903917,40.29036438,31.65830116,140,167,0,20,0,2,5,0,0,0,0,1,0,0,0,0,3,0,0,3,3,0,0,0,0,0,0,0,0,0,0,0,0,0,0,0,0,17,27,1,1.4,0,11,0
135565082,1.822330137,1263.89563,19.4134846,14.64918404,14.64918404,13.52487714,8.604228799,8.604228799,6.706957147,6.706957147,5.074414442,5.074414442,3.840619416,3.840619416,23.33623461,13.57536728,0,11.20344506,22.59194298,5.563451492,30.59278835,23.86220905,0,25.59681255,0,380.1197155,1.107142857,1.892857143,2.607142857,0.157894737,-3.62,28,366.246,4076495.019,16.54618717,5.945523163,2.393236686,156.5933373,14.14775589,0.376442696,14.14775589,0.271736319,0.205763416,0.271736319,-0.534616245,-0.376442696,2.6285,97.9314,380.358,2,7,0,1,1,2,2,4,6,2,9,0,2,0,0,0,140,5.316788604,23.78616625,0,0,5.559266895,0,9.476340119,18.86349042,10.19736362,0,12.13273414,29.82891977,18.12128247,23.03989908,5,8.780830095,16.4598347,0,24.96182688,7.047671983,11.95974688,5.316788604,81.79555223,0,0,10.8760555,14.46821637,0,0,24.96182688,7.047671983,11.63444168,29.04153086,47.52005967,0,10.77244843,0,88.49,0,0,0,0,0,0,0,0,29.22948795,43.43717872,0,0,0,0,0,5,1,0,0,0,0,0,0,0,0,4,2,0,0,0,0,1,0,0,0,0,0,0,0,1,1,0,0,0,2,0,0,0,0,0,0,0,0,0,2,0,0,0,0,0,0,0,0,0,0,0,0,0,0,0,0,0,0,0,0,0,0,0,0,0,0,0,0,0,0,0,0,0,0,0,0,0,0,0,0,0.558166945,380.358,2.6285,6,6,2,2,2,0,6,0.0625,22,3,7,97.9314,32,0,0,0,0,88.49,3.756104207,0.000579401,0.956839935,32.8236476,24.06219698,160,197,0,19,0,6,1,0,0,0,0,0,0,0,0,0,0,0,0,5,4,2,0,0,0,0,0,0,0,0,0,0,0,0,0,0,0,22,28,1,1.2,2,9,0
135905416,1.428994885,1327.053669,22.40504844,18.88481893,18.88481893,15.38505049,11.02617351,11.02617351,8.886977467,8.886977467,6.181296743,6.181296743,4.621073883,4.621073883,0,4.794537184,0,5.559266895,28.94148759,35.59773006,5.563451492,6.066367068,36.14119291,59.15496818,4.983978521,428.2324595,1.03125,1.71875,2.40625,0.32,-3.45,32,400.316,24869089.45,20.45254388,7.909760549,3.688343971,186.6902556,12.39714327,0.35351167,12.39714327,0.260157936,0.123278516,0.260157936,-0.123278516,-0.35351167,3.48562,129.0114,428.54,2,7,0,1,1,1,3,4,6,2,7,0,3,0,1,1,164,19.7677765,17.2894445,0,0,5.559266895,0,4.794537184,9.967957042,0,0,24.26546827,44.03084872,55.74145658,5.386224214,5,0,16.85126421,0,24.83582381,7.047671983,32.85489326,17.98942254,64.70914512,0,22.51475897,15.77596523,5.817862778,0,0,44.69222968,7.047671983,6.9237372,19.41092589,53.58642674,0,33.54816041,0,78.84,0,0,0,0,0,0,0,0,1.860041346,64.80662532,0,0,0,0,0,4,1,0,0,0,0,0,0,0,0,4,2,0,0,0,0,1,0,0,0,0,0,0,0,1,2,0,0,0,1,0,1,0,0,0,0,0,0,0,0,0,0,0,0,0,0,0,0,0,0,0,0,0,0,0,0,0,0,0,0,0,0,0,0,0,1,0,0,1,0,0,0,0,0,0,0,0,0,0,0,0.522313979,428.54,3.48562,6,6,2,2,2,0,6,0.083333333,12,4,10,129.0114,36,0,0,0,0,78.84,5.732653808,0.001107424,0.997715379,44.17208026,34.7057364,178,214,0,25,0,6,1,0,1,0,0,0,0,0,0,0,0,0,0,5,4,0,0,0,0,0,0,0,0,0,0,0,0,0,0,0,0,22,32,1,2.8,0,13,0
137319711,2.250342108,462.8156619,10.83649881,7.675025387,8.491521968,7.147867046,4.220585438,5.037082019,2.957376264,4.019603261,1.827898878,2.640708953,1.147435954,1.829268056,0,4.794537184,0,16.82434333,4.905136514,17.32533644,0,30.34148838,0,4.992404733,10.84019487,220.0306485,1.333333333,2,2.533333333,0,-1.75,15,212.189,3260.286929,9.79170514,3.780864198,2.188569455,90.50981645,11.24999213,0.507966251,11.24999213,0.285783647,0.192884648,0.285783647,-0.314282407,-0.507966251,1.3212,60.3042,220.253,3,4,0,1,1,1,0,1,4,2,5,0,1,0,0,0,76,10.84019487,5.749511833,5.16765177,0,5.907179729,0,4.794537184,0,4.992404733,0,12.13273414,35.53409068,0,4.905136514,2,9.901064579,28.91273656,0,0,10.72607221,0,0,34.73405628,0,5.749511833,5.733667477,0,5.749511833,11.76188495,16.18135889,4.794537184,0,5.563451492,34.16300952,0,6.076020107,0,75.68,0,1.149500898,0,0,0,0,0,0,0,39.01716577,0,0,0,0,0,0,0,1,0,0,1,1,0,0,1,1,0,1,0,0,0,0,0,0,0,0,0,1,1,0,0,0,0,0,1,0,0,0,0,0,0,0,0,0,0,0,0,0,0,0,0,0,0,0,0,0,0,0,0,0,0,0,0,0,0,1,1,0,0,0,0,0,0,0,0,1,0,0,0,0,0,0,0,0,0,0.699759436,220.253,1.3212,4,4,2,2,2,0,4,0.0625,9,1,1,60.3042,16,0,0,0,0,75.68,3.155064049,0.002505147,0.986386141,18.82064808,15.45700834,76,86,0,10,0,2,2,0,0,0,0,0,0,0,0,0,0,0,0,2,1,0,0,0,1,0,0,0,0,0,0,0,0,0,0,0,0,6,15,3,0.7,0,7,0
